# This file uses centimeters as units for non-parametric coordinates.

mtllib Tienda_02.mtl
g default
v -4.301073 1.510770 3.857849
v -0.181301 1.510770 3.857849
v -4.301073 1.876702 3.857849
v -0.181301 1.876702 3.857849
v -4.301073 1.876702 3.486016
v -0.181301 1.876702 3.486016
v -4.301073 1.510770 3.486016
v -0.181301 1.510770 3.486016
v -2.908450 1.516210 3.857849
v -2.908450 1.876378 3.857849
v -2.908450 1.876378 3.486016
v -2.908450 1.516210 3.486016
v -1.675233 1.510770 3.857849
v -1.675233 1.854346 3.857849
v -1.675233 1.854346 3.486016
v -1.675233 1.510770 3.486016
vt 0.626881 0.806619
vt 0.664437 0.806895
vt 0.664341 0.816585
vt 0.626847 0.816478
vt 0.664313 0.826574
vt 0.626821 0.826505
vt 0.664360 0.836258
vt 0.626815 0.836365
vt 0.664397 0.846272
vt 0.626845 0.846384
vt 0.737742 0.806748
vt 0.747759 0.806586
vt 0.747913 0.816439
vt 0.737895 0.816591
vt 0.616863 0.806586
vt 0.616829 0.816445
vt 0.697585 0.807384
vt 0.697584 0.816663
vt 0.697591 0.826717
vt 0.697589 0.836004
vt 0.697568 0.846032
vt 0.737912 0.826586
vt 0.737810 0.836420
vt 0.737718 0.846427
vn 0.000000 0.000000 1.000000
vn 0.000000 0.000000 1.000000
vn 0.000000 0.000000 1.000000
vn 0.000000 0.000000 1.000000
vn 0.000233 1.000000 0.000000
vn 0.008514 0.999964 0.000000
vn 0.008514 0.999964 0.000000
vn 0.000233 1.000000 0.000000
vn 0.000000 0.000000 -1.000000
vn -0.000000 0.000000 -1.000000
vn -0.000000 0.000000 -1.000000
vn 0.000000 0.000000 -1.000000
vn 0.003906 -0.999992 0.000000
vn -0.000000 -1.000000 0.000000
vn -0.000000 -1.000000 0.000000
vn 0.003906 -0.999992 0.000000
vn 1.000000 0.000000 0.000000
vn 1.000000 0.000000 0.000000
vn 1.000000 0.000000 0.000000
vn 1.000000 0.000000 0.000000
vn -1.000000 0.000000 0.000000
vn -1.000000 0.000000 0.000000
vn -1.000000 0.000000 0.000000
vn -1.000000 0.000000 0.000000
vn 0.000000 0.000000 1.000000
vn 0.000000 0.000000 1.000000
vn -0.000119 1.000000 0.000000
vn -0.000119 1.000000 0.000000
vn -0.000000 0.000000 -1.000000
vn -0.000000 0.000000 -1.000000
vn -0.001995 -0.999998 0.000000
vn -0.001995 -0.999998 0.000000
vn -0.000000 0.000000 1.000000
vn -0.000000 0.000000 1.000000
vn -0.014963 0.999888 0.000000
vn -0.014963 0.999888 0.000000
vn 0.000000 0.000000 -1.000000
vn 0.000000 0.000000 -1.000000
vn 0.000000 -1.000000 0.000000
vn 0.000000 -1.000000 0.000000
s 1
g polySurface30
usemtl initialShadingGroup
f 1/1/1 9/2/2 10/3/3 3/4/4
s 2
f 3/4/5 10/3/6 11/5/7 5/6/8
s 3
f 5/6/9 11/5/10 12/7/11 7/8/12
s 4
f 7/8/13 12/7/14 9/9/15 1/10/16
s off
f 2/11/17 8/12/18 6/13/19 4/14/20
f 7/15/21 1/1/22 3/4/23 5/16/24
s 1
f 10/3/3 9/2/2 13/17/25 14/18/26
s 2
f 11/5/7 10/3/6 14/18/27 15/19/28
s 3
f 12/7/11 11/5/10 15/19/29 16/20/30
s 4
f 9/9/15 12/7/14 16/20/31 13/21/32
s 1
f 14/18/26 13/17/25 2/11/33 4/14/34
s 2
f 15/19/28 14/18/27 4/14/35 6/22/36
s 3
f 16/20/30 15/19/29 6/22/37 8/23/38
s 4
f 13/21/32 16/20/31 8/23/39 2/24/40
g default
v 6.879981 8.386457 3.404133
v 6.879981 8.781806 3.529950
v -6.879981 8.386457 3.404133
v -6.879981 8.781806 3.529950
v -6.879981 8.530655 2.951033
v -6.879981 8.926003 3.076850
v 6.879981 8.530655 2.951033
v 6.879981 8.926003 3.076850
vt 0.718353 0.582263
vt 0.718353 0.593441
vt 0.347627 0.593441
vt 0.347627 0.582263
vt 0.336449 0.593441
vt 0.347627 0.606252
vt 0.336450 0.606252
vt 0.347627 0.617430
vt 0.718353 0.606252
vt 0.718353 0.617430
vt 0.731164 0.606252
vt 0.731164 0.617430
vt 0.718353 0.569452
vt 0.347627 0.569452
vn 0.000000 -0.303257 0.952909
vn 0.000000 -0.303257 0.952909
vn 0.000000 -0.303257 0.952909
vn 0.000000 -0.303257 0.952909
vn -1.000000 0.000000 0.000000
vn -1.000000 0.000000 0.000000
vn -1.000000 0.000000 0.000000
vn -1.000000 0.000000 0.000000
vn 0.000000 0.303258 -0.952909
vn 0.000000 0.303258 -0.952909
vn 0.000000 0.303258 -0.952909
vn 0.000000 0.303258 -0.952909
vn 1.000000 0.000000 0.000000
vn 1.000000 0.000000 0.000000
vn 1.000000 0.000000 0.000000
vn 1.000000 0.000000 0.000000
vn 0.000000 0.952909 0.303258
vn 0.000000 0.952909 0.303258
vn 0.000000 0.952909 0.303258
vn 0.000000 0.952909 0.303258
vn 0.000000 -0.952908 -0.303259
vn 0.000000 -0.952908 -0.303259
vn 0.000000 -0.952908 -0.303259
vn 0.000000 -0.952908 -0.303259
s off
g polySurface18
usemtl initialShadingGroup
f 17/25/41 18/26/42 20/27/43 19/28/44
f 19/29/45 20/27/46 22/30/47 21/31/48
f 21/32/49 22/30/50 24/33/51 23/34/52
f 23/34/53 24/33/54 18/35/55 17/36/56
f 18/26/57 24/33/58 22/30/59 20/27/60
f 23/37/61 17/25/62 19/28/63 21/38/64
g default
v 4.264902 0.015451 3.897336
v 4.644837 0.015451 3.897336
v 4.264902 3.114404 3.897336
v 4.644837 3.114404 3.897336
v 4.264902 3.231977 3.454555
v 4.644837 3.231977 3.454555
v 4.264902 0.015451 3.454555
v 4.644837 0.015451 3.454555
vt 0.097517 0.783855
vt 0.087280 0.783855
vt 0.087280 0.700362
vt 0.097517 0.700362
vt 0.087280 0.688019
vt 0.097517 0.688019
vt 0.065114 0.697194
vt 0.075351 0.697194
vt 0.075351 0.783855
vt 0.065114 0.783855
vt 0.075351 0.795785
vt 0.065114 0.795785
vt 0.109446 0.783855
vt 0.109446 0.697194
vn 0.000000 0.000000 1.000000
vn 0.000000 0.000000 1.000000
vn 0.000000 0.000000 1.000000
vn 0.000000 0.000000 1.000000
vn 0.000000 0.966507 0.256639
vn 0.000000 0.966507 0.256639
vn 0.000000 0.966507 0.256639
vn 0.000000 0.966507 0.256639
vn 0.000000 0.000000 -1.000000
vn 0.000000 0.000000 -1.000000
vn 0.000000 0.000000 -1.000000
vn 0.000000 0.000000 -1.000000
vn 0.000000 -1.000000 0.000000
vn 0.000000 -1.000000 0.000000
vn 0.000000 -1.000000 0.000000
vn 0.000000 -1.000000 0.000000
vn 1.000000 0.000000 0.000000
vn 1.000000 0.000000 0.000000
vn 1.000000 0.000000 0.000000
vn 1.000000 0.000000 0.000000
vn -1.000000 0.000000 0.000000
vn -1.000000 0.000000 0.000000
vn -1.000000 0.000000 0.000000
vn -1.000000 0.000000 0.000000
s off
g polySurface27
usemtl initialShadingGroup
f 25/39/65 26/40/66 28/41/67 27/42/68
f 27/42/69 28/41/70 30/43/71 29/44/72
f 29/45/73 30/46/74 32/47/75 31/48/76
f 31/48/77 32/47/78 26/49/79 25/50/80
f 26/40/81 32/47/82 30/46/83 28/41/84
f 31/51/85 25/39/86 27/42/87 29/52/88
g default
v -4.604880 3.418594 4.444654
v 4.604880 3.418594 4.444654
v -4.604880 3.615228 4.496654
v 4.604880 3.615228 4.496654
v -4.604880 4.689547 0.434218
v 4.604880 4.689547 0.434218
v -4.604880 4.492912 0.382218
v 4.604880 4.492912 0.382218
v -4.538267 3.630851 4.437577
v 4.538267 3.630851 4.437577
v 4.538267 4.673923 0.493294
v -4.538267 4.673923 0.493294
v -4.538267 3.485836 4.399229
v 4.538267 3.485836 4.399229
v 4.538267 4.528909 0.454945
v -4.538267 4.528909 0.454945
vt 0.609908 0.035730
vt 0.609908 0.283863
vt 0.609908 0.289343
vt 0.604428 0.035730
vt 0.731273 0.306484
vt 0.611554 0.295179
vt 0.734290 0.282068
vt 0.721476 0.024414
vt 0.723122 0.030250
vt 0.728602 0.283863
vt 0.723122 0.283863
vt 0.723122 0.035730
vt 0.611554 0.291137
vt 0.602781 0.037525
vt 0.730248 0.282068
vt 0.721476 0.028456
vt 0.598740 0.037525
vt 0.621351 0.306484
vt 0.621351 0.551027
vt 0.731273 0.551028
vt 0.730248 0.037525
vt 0.734289 0.037525
vt 0.721476 0.291137
vt 0.721476 0.295179
vt 0.602782 0.282068
vt 0.598740 0.282068
vt 0.611554 0.028456
vt 0.611554 0.024414
vt 0.728602 0.035730
vt 0.723122 0.289343
vt 0.604428 0.283863
vt 0.609908 0.030250
vn 0.000000 -0.255664 0.966766
vn 0.000000 -0.255664 0.966766
vn 0.000000 -0.255664 0.966766
vn 0.000000 -0.255664 0.966766
vn 0.000000 0.966766 0.255663
vn 0.000000 0.966766 0.255663
vn 0.000000 0.966766 0.255663
vn 0.000000 0.966766 0.255663
vn 0.000000 0.255663 -0.966766
vn 0.000000 0.255663 -0.966766
vn 0.000000 0.255663 -0.966766
vn 0.000000 0.255663 -0.966766
vn 0.000000 -0.966766 -0.255663
vn 0.000000 -0.966766 -0.255663
vn 0.000000 -0.966766 -0.255663
vn 0.000000 -0.966766 -0.255663
vn 1.000000 0.000000 0.000000
vn 1.000000 0.000000 0.000000
vn 1.000000 0.000000 0.000000
vn 1.000000 0.000000 0.000000
vn -1.000000 0.000001 0.000000
vn -1.000000 0.000001 0.000000
vn -1.000000 0.000001 0.000000
vn -1.000000 0.000001 0.000000
vn 0.000004 0.966767 0.255660
vn -0.000004 0.966767 0.255659
vn -0.000004 0.966767 0.255659
vn 0.000004 0.966767 0.255659
vn -0.000004 0.966763 0.255673
vn -0.000004 0.966763 0.255673
vn 0.000004 0.966763 0.255673
vn 0.000004 0.966763 0.255674
vn 0.000000 0.255658 -0.966767
vn 0.000000 0.255658 -0.966767
vn 0.000000 0.255658 -0.966767
vn 0.000000 0.255658 -0.966767
vn -1.000000 0.000002 0.000000
vn -1.000000 0.000002 0.000000
vn -1.000000 0.000002 0.000000
vn -1.000000 0.000002 0.000000
vn 0.000000 -0.255664 0.966766
vn 0.000000 -0.255664 0.966766
vn 0.000000 -0.255664 0.966766
vn 0.000000 -0.255664 0.966766
vn 1.000000 0.000003 0.000000
vn 1.000000 0.000003 0.000000
vn 1.000000 0.000003 0.000000
vn 1.000000 0.000003 0.000000
s off
g pCube34
usemtl initialShadingGroup
f 33/53/89 34/54/90 36/83/91 35/56/92
f 45/57/93 46/72/94 47/71/95 48/70/96
f 37/81/97 38/62/98 40/63/99 39/64/100
f 39/64/101 40/63/102 34/54/103 33/53/104
f 34/54/105 40/63/106 38/82/107 36/55/108
f 39/64/109 33/53/110 35/84/111 37/61/112
s 1
f 35/56/113 36/83/114 42/77/115 41/66/116
f 36/55/114 38/82/117 43/75/118 42/65/115
f 38/62/117 37/81/119 44/73/120 43/67/118
f 37/61/119 35/84/113 41/79/116 44/68/120
s off
f 41/66/121 42/77/122 46/78/123 45/69/124
f 42/65/125 43/75/126 47/76/127 46/58/128
f 43/67/129 44/73/130 48/74/131 47/59/132
f 44/68/133 41/79/134 45/80/135 48/60/136
g default
v 5.306118 7.300999 6.764256
v 5.749911 7.300999 6.764256
v 5.306118 10.933174 -4.568934
v 5.749911 10.933174 -4.568934
v 5.306118 10.480369 -4.714054
v 5.749911 10.480369 -4.714054
v 5.306118 6.848193 6.619135
v 5.749911 6.848193 6.619135
v 5.306118 11.329933 -5.806909
v 5.749911 11.329933 -5.806909
v 5.749911 10.877128 -5.952029
v 5.306118 10.877128 -5.952029
vt 0.768220 0.772674
vt 0.756263 0.772674
vt 0.756263 0.452033
vt 0.768220 0.452033
vt 0.781031 0.404197
vt 0.756263 0.417008
vt 0.792988 0.417008
vt 0.781031 0.417008
vt 0.781031 0.452033
vt 0.792988 0.452033
vt 0.792988 0.772674
vt 0.768220 0.785484
vt 0.743452 0.772674
vt 0.743452 0.452033
vt 0.781031 0.772674
vt 0.768220 0.417008
vt 0.792988 0.404197
vt 0.743452 0.417008
vt 0.756263 0.785484
vn 0.000000 0.952289 0.305199
vn 0.000000 0.952289 0.305199
vn 0.000000 0.952289 0.305199
vn 0.000000 0.952289 0.305199
vn 0.000000 0.305199 -0.952289
vn 0.000000 0.305199 -0.952289
vn 0.000000 0.305199 -0.952289
vn 0.000000 0.305199 -0.952289
vn 0.000000 -0.952289 -0.305199
vn 0.000000 -0.952289 -0.305199
vn 0.000000 -0.952289 -0.305199
vn 0.000000 -0.952289 -0.305199
vn 0.000000 -0.305200 0.952288
vn 0.000000 -0.305200 0.952288
vn 0.000000 -0.305200 0.952288
vn 0.000000 -0.305200 0.952288
vn 1.000000 0.000001 0.000000
vn 1.000000 0.000001 0.000000
vn 1.000000 0.000001 0.000000
vn 1.000000 0.000001 0.000000
vn -1.000000 -0.000001 0.000000
vn -1.000000 -0.000001 0.000000
vn -1.000000 -0.000001 0.000000
vn -1.000000 -0.000001 0.000000
vn 0.000000 0.952288 0.305199
vn 0.000000 0.952288 0.305199
vn 1.000000 0.000000 0.000000
vn 1.000000 0.000000 0.000000
vn 0.000000 -0.952288 -0.305199
vn 0.000000 -0.952288 -0.305199
vn -1.000000 0.000000 0.000000
vn -1.000000 0.000000 0.000000
s 1
g polySurface19
usemtl initialShadingGroup
f 49/85/137 50/86/138 52/87/139 51/88/140
s off
f 57/89/141 58/101/142 59/91/143 60/92/144
s 2
f 53/93/145 54/94/146 56/95/147 55/99/148
s off
f 55/96/149 56/103/150 50/86/151 49/85/152
s 3
f 50/86/153 56/97/154 54/98/155 52/87/156
s 4
f 55/99/157 49/85/158 51/88/159 53/93/160
s 1
f 51/88/140 52/87/139 58/90/161 57/100/162
s 3
f 52/87/156 54/98/155 59/102/163 58/90/164
s 2
f 54/94/146 53/93/145 60/92/165 59/91/166
s 4
f 53/93/160 51/88/159 57/100/167 60/92/168
g default
v 5.728235 7.149304 6.142124
v 5.728235 7.162205 6.116806
v 5.728235 7.182297 6.096714
v 5.728235 7.207614 6.083814
v 5.728235 7.235679 6.079369
v 5.728235 7.263743 6.083814
v 5.728235 7.289061 6.096714
v 5.728235 7.309153 6.116807
v 5.728235 7.322053 6.142124
v 5.728235 7.326498 6.170188
v 5.728235 7.322053 6.198253
v 5.728235 7.309153 6.223570
v 5.728235 7.289061 6.243662
v 5.728235 7.263743 6.256562
v 5.728235 7.235679 6.261007
v 5.728236 7.207614 6.256562
v 5.728235 7.182297 6.243663
v 5.728236 7.162205 6.223570
v 5.728235 7.149304 6.198253
v 5.728235 7.144859 6.170188
v 6.341837 7.149304 6.142124
v 6.341837 7.162204 6.116806
v 6.341837 7.182296 6.096714
v 6.341837 7.207614 6.083814
v 6.341837 7.235679 6.079369
v 6.341837 7.263743 6.083814
v 6.341838 7.289061 6.096714
v 6.341837 7.309153 6.116807
v 6.341837 7.322052 6.142124
v 6.341838 7.326498 6.170188
v 6.341837 7.322052 6.198253
v 6.341837 7.309153 6.223570
v 6.341837 7.289061 6.243662
v 6.341837 7.263743 6.256562
v 6.341837 7.235679 6.261007
v 6.341838 7.207614 6.256562
v 6.341837 7.182296 6.243663
v 6.341837 7.162204 6.223570
v 6.341837 7.149304 6.198253
v 6.341837 7.144859 6.170188
v 5.728235 7.235679 6.170188
v 6.341837 7.235679 6.170188
vt 0.601540 0.406747
vt 0.602268 0.406510
vt 0.602887 0.406060
vt 0.603337 0.405441
vt 0.603574 0.404713
vt 0.603574 0.403948
vt 0.603337 0.403219
vt 0.602887 0.402600
vt 0.602268 0.402150
vt 0.601540 0.401913
vt 0.600774 0.401913
vt 0.600046 0.402150
vt 0.599427 0.402600
vt 0.598977 0.403219
vt 0.598740 0.403947
vt 0.598740 0.404713
vt 0.598977 0.405441
vt 0.599427 0.406060
vt 0.600046 0.406510
vt 0.600774 0.406747
vt 0.609529 0.350854
vt 0.608763 0.350854
vt 0.607998 0.350854
vt 0.607232 0.350854
vt 0.606467 0.350854
vt 0.605701 0.350854
vt 0.604936 0.350854
vt 0.604170 0.350854
vt 0.603405 0.350854
vt 0.602639 0.350854
vt 0.601873 0.350854
vt 0.601108 0.350854
vt 0.600342 0.350854
vt 0.599577 0.350854
vt 0.598811 0.350854
vt 0.598046 0.350854
vt 0.597280 0.350854
vt 0.596515 0.350854
vt 0.595749 0.350854
vt 0.594983 0.350854
vt 0.594218 0.350854
vt 0.609529 0.334322
vt 0.608763 0.334322
vt 0.607998 0.334322
vt 0.607232 0.334322
vt 0.606467 0.334322
vt 0.605701 0.334322
vt 0.604936 0.334322
vt 0.604170 0.334322
vt 0.603405 0.334322
vt 0.602639 0.334322
vt 0.601873 0.334322
vt 0.601108 0.334322
vt 0.600342 0.334322
vt 0.599577 0.334322
vt 0.598811 0.334322
vt 0.598046 0.334322
vt 0.597280 0.334322
vt 0.596515 0.334322
vt 0.595749 0.334322
vt 0.594983 0.334322
vt 0.594218 0.334322
vt 0.600774 0.514887
vt 0.600046 0.515124
vt 0.599427 0.515574
vt 0.598977 0.516193
vt 0.598740 0.516921
vt 0.598740 0.517687
vt 0.598977 0.518415
vt 0.599427 0.519034
vt 0.600046 0.519484
vt 0.600774 0.519721
vt 0.601540 0.519721
vt 0.602268 0.519484
vt 0.602887 0.519034
vt 0.603337 0.518415
vt 0.603574 0.517687
vt 0.603574 0.516921
vt 0.603337 0.516193
vt 0.602887 0.515574
vt 0.602268 0.515124
vt 0.601540 0.514887
vt 0.601157 0.404330
vt 0.601157 0.517304
vn -0.000000 -0.951052 -0.309032
vn -0.000001 -0.809009 -0.587797
vn -0.000001 -0.809009 -0.587797
vn -0.000000 -0.951052 -0.309032
vn -0.000000 -0.587789 -0.809014
vn -0.000000 -0.587789 -0.809014
vn -0.000000 -0.309022 -0.951055
vn -0.000000 -0.309022 -0.951055
vn 0.000000 0.000000 -1.000000
vn 0.000000 0.000000 -1.000000
vn 0.000000 0.309017 -0.951056
vn 0.000000 0.309018 -0.951056
vn 0.000000 0.587789 -0.809014
vn 0.000000 0.587789 -0.809014
vn 0.000000 0.809015 -0.587788
vn 0.000000 0.809014 -0.587789
vn 0.000001 0.951051 -0.309034
vn 0.000001 0.951051 -0.309033
vn 0.000001 1.000000 0.000000
vn 0.000001 1.000000 0.000000
vn 0.000000 0.951051 0.309034
vn 0.000000 0.951051 0.309033
vn 0.000000 0.809012 0.587792
vn 0.000000 0.809012 0.587792
vn 0.000000 0.587783 0.809019
vn 0.000000 0.587783 0.809019
vn 0.000000 0.309018 0.951056
vn 0.000000 0.309018 0.951056
vn 0.000000 0.000000 1.000000
vn 0.000000 -0.000001 1.000000
vn 0.000000 -0.309014 0.951058
vn 0.000000 -0.309014 0.951058
vn -0.000000 -0.587790 0.809014
vn -0.000000 -0.587789 0.809014
vn -0.000001 -0.809009 0.587797
vn -0.000001 -0.809008 0.587797
vn -0.000000 -0.951051 0.309033
vn -0.000000 -0.951051 0.309034
vn 0.000000 -1.000000 0.000000
vn 0.000000 -1.000000 0.000000
vn -1.000000 0.000000 0.000000
vn -1.000000 0.000012 0.000000
vn -1.000000 0.000001 0.000001
vn -1.000000 0.000000 0.000000
vn -1.000000 0.000012 0.000000
vn -1.000000 0.000012 0.000000
vn -1.000000 0.000000 0.000000
vn -1.000000 -0.000000 0.000000
vn -1.000000 0.000012 0.000000
vn -1.000000 0.000000 0.000000
vn -1.000000 0.000000 0.000000
vn -1.000000 0.000000 0.000000
vn -1.000000 0.000000 0.000000
vn -1.000000 0.000000 0.000000
vn -1.000000 0.000000 0.000000
vn -1.000000 -0.000012 0.000000
vn -1.000000 0.000000 0.000005
vn -1.000000 0.000000 0.000000
vn -1.000000 -0.000012 0.000003
vn -1.000000 0.000000 0.000008
vn -1.000000 0.000000 0.000000
vn 1.000000 -0.000006 0.000000
vn 1.000000 0.000006 0.000000
vn 1.000000 -0.000001 -0.000000
vn 1.000000 0.000023 0.000000
vn 1.000000 0.000012 0.000000
vn 1.000000 0.000000 0.000000
vn 1.000000 -0.000023 -0.000003
vn 1.000000 -0.000023 0.000004
vn 1.000000 0.000000 0.000007
vn 1.000000 -0.000006 -0.000008
vn 1.000000 -0.000012 -0.000000
vn 1.000000 -0.000006 0.000008
vn 1.000000 0.000012 0.000000
vn 1.000000 0.000012 0.000000
vn 1.000000 0.000000 0.000000
vn 1.000000 0.000000 0.000000
vn 1.000000 0.000000 -0.000005
vn 1.000000 0.000000 -0.000005
vn 1.000000 0.000000 0.000000
vn 1.000000 0.000000 0.000000
vn 1.000000 0.000000 0.000000
s 1
g pCylinder4
usemtl initialShadingGroup
f 61/124/169 62/125/170 82/146/171 81/145/172
f 62/125/170 63/126/173 83/147/174 82/146/171
f 63/126/173 64/127/175 84/148/176 83/147/174
f 64/127/175 65/128/177 85/149/178 84/148/176
f 65/128/177 66/129/179 86/150/180 85/149/178
f 66/129/179 67/130/181 87/151/182 86/150/180
f 67/130/181 68/131/183 88/152/184 87/151/182
f 68/131/183 69/132/185 89/153/186 88/152/184
f 69/132/185 70/133/187 90/154/188 89/153/186
f 70/133/187 71/134/189 91/155/190 90/154/188
f 71/134/189 72/135/191 92/156/192 91/155/190
f 72/135/191 73/136/193 93/157/194 92/156/192
f 73/136/193 74/137/195 94/158/196 93/157/194
f 74/137/195 75/138/197 95/159/198 94/158/196
f 75/138/197 76/139/199 96/160/200 95/159/198
f 76/139/199 77/140/201 97/161/202 96/160/200
f 77/140/201 78/141/203 98/162/204 97/161/202
f 78/141/203 79/142/205 99/163/206 98/162/204
f 79/142/205 80/143/207 100/164/208 99/163/206
f 80/143/207 61/144/169 81/165/172 100/164/208
s 2
f 62/105/209 61/104/210 101/186/211
f 63/106/212 62/105/209 101/186/211
f 64/107/213 63/106/212 101/186/211
f 65/108/214 64/107/213 101/186/211
f 66/109/215 65/108/214 101/186/211
f 67/110/216 66/109/215 101/186/211
f 68/111/217 67/110/216 101/186/211
f 69/112/218 68/111/217 101/186/211
f 70/113/219 69/112/218 101/186/211
f 71/114/220 70/113/219 101/186/211
f 72/115/221 71/114/220 101/186/211
f 73/116/222 72/115/221 101/186/211
f 74/117/223 73/116/222 101/186/211
f 75/118/224 74/117/223 101/186/211
f 76/119/225 75/118/224 101/186/211
f 77/120/226 76/119/225 101/186/211
f 78/121/227 77/120/226 101/186/211
f 79/122/228 78/121/227 101/186/211
f 80/123/229 79/122/228 101/186/211
f 61/104/210 80/123/229 101/186/211
s 3
f 81/184/230 82/183/231 102/187/232
f 82/183/231 83/182/233 102/187/232
f 83/182/233 84/181/234 102/187/232
f 84/181/234 85/180/235 102/187/232
f 85/180/235 86/179/236 102/187/232
f 86/179/236 87/178/237 102/187/232
f 87/178/237 88/177/238 102/187/232
f 88/177/238 89/176/239 102/187/232
f 89/176/239 90/175/240 102/187/232
f 90/175/240 91/174/241 102/187/232
f 91/174/241 92/173/242 102/187/232
f 92/173/242 93/172/243 102/187/232
f 93/172/243 94/171/244 102/187/232
f 94/171/244 95/170/245 102/187/232
f 95/170/245 96/169/246 102/187/232
f 96/169/246 97/168/247 102/187/232
f 97/168/247 98/167/248 102/187/232
f 98/167/248 99/166/249 102/187/232
f 99/166/249 100/185/250 102/187/232
f 100/185/250 81/184/230 102/187/232
g default
v -4.301073 0.688615 3.857849
v -0.181301 0.688615 3.857849
v -4.301073 1.057115 3.857849
v -0.181301 1.057115 3.857849
v -4.301073 1.057115 3.486016
v -0.181301 1.057115 3.486016
v -4.301073 0.688615 3.486016
v -0.181301 0.688615 3.486016
v -2.908450 0.694093 3.857849
v -2.908450 1.048738 3.857849
v -2.908450 1.048738 3.486016
v -2.908450 0.694093 3.486016
v -1.675233 0.688615 3.857849
v -1.675233 1.050702 3.857849
v -1.675233 1.050702 3.486016
v -1.675233 0.688615 3.486016
vt 0.034503 0.576379
vt 0.071989 0.576813
vt 0.071965 0.586368
vt 0.034432 0.586306
vt 0.071961 0.596395
vt 0.034418 0.596316
vt 0.071978 0.605961
vt 0.034453 0.606234
vt 0.071996 0.615987
vt 0.034519 0.616244
vt 0.145415 0.576357
vt 0.155433 0.576306
vt 0.155484 0.586234
vt 0.145466 0.586285
vt 0.024486 0.576306
vt 0.024414 0.586233
vt 0.105172 0.576572
vt 0.105208 0.586328
vt 0.105217 0.596344
vt 0.105203 0.606095
vt 0.105172 0.616109
vt 0.145475 0.596300
vt 0.145445 0.606225
vt 0.145414 0.616243
vn 0.000000 0.000000 1.000000
vn 0.000000 0.000000 1.000000
vn 0.000000 0.000000 1.000000
vn 0.000000 0.000000 1.000000
vn 0.006015 0.999982 0.000000
vn 0.002442 0.999997 0.000000
vn 0.002442 0.999997 0.000000
vn 0.006015 0.999982 0.000000
vn 0.000000 0.000000 -1.000000
vn -0.000000 0.000000 -1.000000
vn -0.000000 0.000000 -1.000000
vn 0.000000 0.000000 -1.000000
vn 0.003934 -0.999992 0.000000
vn 0.000000 -1.000000 0.000000
vn 0.000000 -1.000000 0.000000
vn 0.003934 -0.999992 0.000000
vn 1.000000 0.000000 0.000000
vn 1.000000 0.000000 0.000000
vn 1.000000 0.000000 0.000000
vn 1.000000 0.000000 0.000000
vn -1.000000 0.000000 0.000000
vn -1.000000 0.000000 0.000000
vn -1.000000 0.000000 0.000000
vn -1.000000 0.000000 0.000000
vn -0.000000 0.000000 1.000000
vn -0.000000 0.000000 1.000000
vn -0.003072 0.999995 0.000000
vn -0.003072 0.999995 0.000000
vn -0.000000 0.000000 -1.000000
vn -0.000000 0.000000 -1.000000
vn -0.002009 -0.999998 0.000000
vn -0.002009 -0.999998 0.000000
vn -0.000000 0.000000 1.000000
vn -0.000000 0.000000 1.000000
vn -0.004293 0.999991 0.000000
vn -0.004293 0.999991 0.000000
vn 0.000000 0.000000 -1.000000
vn 0.000000 0.000000 -1.000000
vn 0.000000 -1.000000 0.000000
vn 0.000000 -1.000000 0.000000
s 1
g polySurface32
usemtl initialShadingGroup
f 103/188/251 111/189/252 112/190/253 105/191/254
s 2
f 105/191/255 112/190/256 113/192/257 107/193/258
s 3
f 107/193/259 113/192/260 114/194/261 109/195/262
s 4
f 109/195/263 114/194/264 111/196/265 103/197/266
s off
f 104/198/267 110/199/268 108/200/269 106/201/270
f 109/202/271 103/188/272 105/191/273 107/203/274
s 1
f 112/190/253 111/189/252 115/204/275 116/205/276
s 2
f 113/192/257 112/190/256 116/205/277 117/206/278
s 3
f 114/194/261 113/192/260 117/206/279 118/207/280
s 4
f 111/196/265 114/194/264 118/207/281 115/208/282
s 1
f 116/205/276 115/204/275 104/198/283 106/201/284
s 2
f 117/206/278 116/205/277 106/201/285 108/209/286
s 3
f 118/207/280 117/206/279 108/209/287 110/210/288
s 4
f 115/208/282 118/207/281 110/210/289 104/211/290
g default
v -4.301073 2.339347 3.857849
v -0.181301 2.339347 3.857849
v -4.301073 2.695649 3.857849
v -0.181301 2.695649 3.857849
v -4.301073 2.695649 3.486016
v -0.181301 2.695649 3.486016
v -4.301073 2.339347 3.486016
v -0.181301 2.339347 3.486016
v -2.908450 2.344644 3.857849
v -2.908450 2.683658 3.857849
v -2.908450 2.683658 3.486016
v -2.908450 2.344644 3.486016
v -1.675233 2.351023 3.857849
v -1.675233 2.677773 3.857849
v -1.675233 2.677773 3.486016
v -1.675233 2.351023 3.486016
vt 0.538809 0.896796
vt 0.501311 0.896201
vt 0.501389 0.887071
vt 0.538920 0.887200
vt 0.501416 0.877059
vt 0.538952 0.877188
vt 0.501390 0.867929
vt 0.538906 0.867595
vt 0.501323 0.857909
vt 0.538822 0.857581
vt 0.428012 0.896758
vt 0.417995 0.896914
vt 0.417850 0.887318
vt 0.427868 0.887169
vt 0.548826 0.896914
vt 0.548938 0.887316
vt 0.468188 0.895819
vt 0.468145 0.887003
vt 0.468129 0.876967
vt 0.468148 0.868149
vt 0.468185 0.858123
vt 0.427831 0.877167
vt 0.427892 0.867586
vt 0.428022 0.857582
vn -0.000000 0.000000 1.000000
vn -0.000000 0.000000 1.000000
vn -0.000000 0.000000 1.000000
vn -0.000000 0.000000 1.000000
vn 0.008610 0.999963 0.000000
vn 0.006808 0.999977 0.000000
vn 0.006808 0.999977 0.000000
vn 0.008610 0.999963 0.000000
vn 0.000000 0.000000 -1.000000
vn -0.000000 0.000000 -1.000000
vn -0.000000 0.000000 -1.000000
vn 0.000000 0.000000 -1.000000
vn 0.003804 -0.999993 0.000000
vn 0.004446 -0.999990 0.000000
vn 0.004446 -0.999990 0.000000
vn 0.003804 -0.999993 0.000000
vn 1.000000 0.000000 0.000000
vn 1.000000 0.000000 0.000000
vn 1.000000 0.000000 0.000000
vn 1.000000 0.000000 0.000000
vn -1.000000 0.000000 0.000000
vn -1.000000 0.000000 0.000000
vn -1.000000 0.000000 0.000000
vn -1.000000 0.000000 0.000000
vn -0.000000 0.000000 1.000000
vn -0.000000 0.000000 1.000000
vn -0.004397 0.999990 0.000000
vn -0.004397 0.999990 0.000000
vn 0.000000 0.000000 -1.000000
vn 0.000000 0.000000 -1.000000
vn -0.001942 -0.999998 0.000000
vn -0.001942 -0.999998 0.000000
vn -0.000000 0.000000 1.000000
vn -0.000000 0.000000 1.000000
vn -0.011965 0.999928 0.000000
vn -0.011965 0.999928 0.000000
vn 0.000000 0.000000 -1.000000
vn 0.000000 0.000000 -1.000000
vn -0.007815 -0.999969 0.000000
vn -0.007815 -0.999969 0.000000
s 1
g polySurface34
usemtl initialShadingGroup
f 119/212/291 127/213/292 128/214/293 121/215/294
s 2
f 121/215/295 128/214/296 129/216/297 123/217/298
s 3
f 123/217/299 129/216/300 130/218/301 125/219/302
s 4
f 125/219/303 130/218/304 127/220/305 119/221/306
s off
f 120/222/307 126/223/308 124/224/309 122/225/310
f 125/226/311 119/212/312 121/215/313 123/227/314
s 1
f 128/214/293 127/213/292 131/228/315 132/229/316
s 2
f 129/216/297 128/214/296 132/229/317 133/230/318
s 3
f 130/218/301 129/216/300 133/230/319 134/231/320
s 4
f 127/220/305 130/218/304 134/231/321 131/232/322
s 1
f 132/229/316 131/228/315 120/222/323 122/225/324
s 2
f 133/230/318 132/229/317 122/225/325 124/233/326
s 3
f 134/231/320 133/230/319 124/233/327 126/234/328
s 4
f 131/232/322 134/231/321 126/234/329 120/235/330
g default
v -4.644458 0.004223 0.398826
v -4.264523 0.004223 0.398826
v -4.644458 4.047373 0.398826
v -4.264523 4.047373 0.398826
v -4.644458 4.166420 -0.043954
v -4.264523 4.166420 -0.043954
v -4.644458 0.004223 -0.043954
v -4.264523 0.004223 -0.043954
vt 0.151784 0.809304
vt 0.141547 0.809304
vt 0.141547 0.700372
vt 0.151784 0.700372
vt 0.141547 0.688019
vt 0.151784 0.688019
vt 0.119381 0.697165
vt 0.129618 0.697165
vt 0.129618 0.809304
vt 0.119381 0.809304
vt 0.129618 0.821234
vt 0.119381 0.821234
vt 0.163713 0.809304
vt 0.163713 0.697165
vn 0.000000 0.000000 1.000000
vn 0.000000 0.000000 1.000000
vn 0.000000 0.000000 1.000000
vn 0.000000 0.000000 1.000000
vn 0.000000 0.965705 0.259641
vn 0.000000 0.965705 0.259641
vn 0.000000 0.965705 0.259641
vn 0.000000 0.965705 0.259641
vn 0.000000 0.000000 -1.000000
vn 0.000000 0.000000 -1.000000
vn 0.000000 0.000000 -1.000000
vn 0.000000 0.000000 -1.000000
vn 0.000000 -1.000000 0.000000
vn 0.000000 -1.000000 0.000000
vn 0.000000 -1.000000 0.000000
vn 0.000000 -1.000000 0.000000
vn 1.000000 0.000000 0.000000
vn 1.000000 0.000000 0.000000
vn 1.000000 0.000000 0.000000
vn 1.000000 0.000000 0.000000
vn -1.000000 0.000000 0.000000
vn -1.000000 0.000000 0.000000
vn -1.000000 0.000000 0.000000
vn -1.000000 0.000000 0.000000
s off
g polySurface44
usemtl initialShadingGroup
f 135/236/331 136/237/332 138/238/333 137/239/334
f 137/239/335 138/238/336 140/240/337 139/241/338
f 139/242/339 140/243/340 142/244/341 141/245/342
f 141/245/343 142/244/344 136/246/345 135/247/346
f 136/237/347 142/244/348 140/243/349 138/238/350
f 141/248/351 135/236/352 137/239/353 139/249/354
g default
v 0.176935 1.141735 3.857849
v 4.296707 1.141735 3.857849
v 0.176935 1.498037 3.857849
v 4.296707 1.498037 3.857849
v 0.176935 1.498037 3.486016
v 4.296707 1.498037 3.486016
v 0.176935 1.141735 3.486016
v 4.296707 1.141735 3.486016
v 1.569558 1.147032 3.857849
v 1.569558 1.486045 3.857849
v 1.569558 1.486045 3.486016
v 1.569558 1.147032 3.486016
v 2.802775 1.153410 3.857849
v 2.802775 1.480160 3.857849
v 2.802775 1.480160 3.486016
v 2.802775 1.153410 3.486016
vt 0.043588 0.832213
vt 0.081086 0.832815
vt 0.081008 0.841942
vt 0.043476 0.841811
vt 0.080980 0.851954
vt 0.043444 0.851823
vt 0.081006 0.861084
vt 0.043490 0.861416
vt 0.081072 0.871103
vt 0.043573 0.871431
vt 0.154387 0.832247
vt 0.164403 0.832096
vt 0.164547 0.841694
vt 0.154529 0.841844
vt 0.033571 0.832095
vt 0.033459 0.841694
vt 0.114205 0.833198
vt 0.114251 0.842008
vt 0.114268 0.852044
vt 0.114249 0.860863
vt 0.114211 0.870889
vt 0.154565 0.851847
vt 0.154503 0.861427
vt 0.154373 0.871431
vn 0.000000 0.000000 1.000000
vn -0.000000 0.000000 1.000000
vn -0.000000 0.000000 1.000000
vn 0.000000 0.000000 1.000000
vn 0.008610 0.999963 0.000000
vn 0.006808 0.999977 0.000000
vn 0.006808 0.999977 0.000000
vn 0.008610 0.999963 0.000000
vn 0.000000 0.000000 -1.000000
vn -0.000000 0.000000 -1.000000
vn -0.000000 0.000000 -1.000000
vn 0.000000 0.000000 -1.000000
vn 0.003804 -0.999993 0.000000
vn 0.004446 -0.999990 0.000000
vn 0.004446 -0.999990 0.000000
vn 0.003804 -0.999993 0.000000
vn 1.000000 0.000000 0.000000
vn 1.000000 0.000000 0.000000
vn 1.000000 0.000000 0.000000
vn 1.000000 0.000000 0.000000
vn -1.000000 0.000000 0.000000
vn -1.000000 0.000000 0.000000
vn -1.000000 0.000000 0.000000
vn -1.000000 0.000000 0.000000
vn -0.000000 0.000000 1.000000
vn -0.000000 0.000000 1.000000
vn -0.004397 0.999990 0.000000
vn -0.004397 0.999990 0.000000
vn 0.000000 0.000000 -1.000000
vn 0.000000 0.000000 -1.000000
vn -0.001942 -0.999998 0.000000
vn -0.001942 -0.999998 0.000000
vn -0.000000 0.000000 1.000000
vn -0.000000 0.000000 1.000000
vn -0.011965 0.999928 0.000000
vn -0.011965 0.999928 0.000000
vn 0.000000 0.000000 -1.000000
vn 0.000000 0.000000 -1.000000
vn -0.007815 -0.999969 0.000000
vn -0.007815 -0.999969 0.000000
s 1
g polySurface37
usemtl initialShadingGroup
f 143/250/355 151/251/356 152/252/357 145/253/358
s 2
f 145/253/359 152/252/360 153/254/361 147/255/362
s 3
f 147/255/363 153/254/364 154/256/365 149/257/366
s 4
f 149/257/367 154/256/368 151/258/369 143/259/370
s off
f 144/260/371 150/261/372 148/262/373 146/263/374
f 149/264/375 143/250/376 145/253/377 147/265/378
s 1
f 152/252/357 151/251/356 155/266/379 156/267/380
s 2
f 153/254/361 152/252/360 156/267/381 157/268/382
s 3
f 154/256/365 153/254/364 157/268/383 158/269/384
s 4
f 151/258/369 154/256/368 158/269/385 155/270/386
s 1
f 156/267/380 155/266/379 144/260/387 146/263/388
s 2
f 157/268/382 156/267/381 146/263/389 148/271/390
s 3
f 158/269/384 157/268/383 148/271/391 150/272/392
s 4
f 155/270/386 158/269/385 150/272/393 144/273/394
g default
v -4.264902 3.264744 5.041306
v -4.644838 3.264744 5.041306
v -4.264902 4.772270 -0.613037
v -4.644838 4.772270 -0.613037
v -4.264902 4.344434 -0.727103
v -4.644838 4.344434 -0.727103
v -4.264902 2.836909 4.927238
v -4.644838 2.836909 4.927238
vt 0.961267 0.655994
vt 0.961267 0.813657
vt 0.951031 0.813657
vt 0.951030 0.655994
vt 0.951031 0.825586
vt 0.928865 0.813657
vt 0.939101 0.655994
vt 0.939101 0.813657
vt 0.951030 0.644065
vt 0.928865 0.655994
vt 0.973196 0.655994
vt 0.973197 0.813657
vt 0.961267 0.825586
vt 0.961267 0.644064
vn 0.000000 0.966248 0.257615
vn 0.000000 0.966248 0.257615
vn 0.000000 0.966248 0.257615
vn 0.000000 0.966248 0.257615
vn 0.000000 0.257613 -0.966248
vn 0.000000 0.257613 -0.966248
vn 0.000000 0.257613 -0.966248
vn 0.000000 0.257613 -0.966248
vn 0.000000 -0.966248 -0.257615
vn 0.000000 -0.966248 -0.257615
vn 0.000000 -0.966248 -0.257615
vn 0.000000 -0.966248 -0.257615
vn 0.000000 -0.257616 0.966247
vn 0.000000 -0.257616 0.966247
vn 0.000000 -0.257616 0.966247
vn 0.000000 -0.257616 0.966247
vn -1.000000 -0.000001 0.000000
vn -1.000000 -0.000001 0.000000
vn -1.000000 -0.000001 0.000000
vn -1.000000 -0.000001 0.000000
vn 1.000000 -0.000000 0.000000
vn 1.000000 -0.000000 0.000000
vn 1.000000 -0.000000 0.000000
vn 1.000000 -0.000000 0.000000
s off
g polySurface24
usemtl initialShadingGroup
f 159/274/395 161/275/396 162/276/397 160/277/398
f 161/275/399 163/286/400 164/278/401 162/276/402
f 163/279/403 165/283/404 166/280/405 164/281/406
f 165/287/407 159/274/408 160/277/409 166/282/410
f 160/277/411 162/276/412 164/281/413 166/280/414
f 165/284/415 163/285/416 161/275/417 159/274/418
g default
v -6.350271 7.149304 6.142124
v -6.350271 7.162205 6.116806
v -6.350271 7.182297 6.096714
v -6.350271 7.207614 6.083814
v -6.350271 7.235679 6.079369
v -6.350271 7.263743 6.083814
v -6.350270 7.289061 6.096714
v -6.350271 7.309153 6.116807
v -6.350271 7.322053 6.142124
v -6.350270 7.326498 6.170188
v -6.350271 7.322053 6.198253
v -6.350271 7.309153 6.223570
v -6.350271 7.289061 6.243662
v -6.350271 7.263743 6.256562
v -6.350271 7.235679 6.261007
v -6.350270 7.207614 6.256562
v -6.350271 7.182297 6.243663
v -6.350270 7.162205 6.223570
v -6.350271 7.149304 6.198253
v -6.350271 7.144859 6.170188
v -5.736669 7.149304 6.142124
v -5.736669 7.162204 6.116806
v -5.736669 7.182296 6.096714
v -5.736669 7.207614 6.083814
v -5.736669 7.235679 6.079369
v -5.736669 7.263743 6.083814
v -5.736669 7.289061 6.096714
v -5.736669 7.309153 6.116807
v -5.736669 7.322052 6.142124
v -5.736669 7.326498 6.170188
v -5.736669 7.322052 6.198253
v -5.736669 7.309153 6.223570
v -5.736669 7.289061 6.243662
v -5.736669 7.263743 6.256562
v -5.736669 7.235679 6.261007
v -5.736668 7.207614 6.256562
v -5.736669 7.182296 6.243663
v -5.736668 7.162204 6.223570
v -5.736669 7.149304 6.198253
v -5.736669 7.144859 6.170188
v -6.350271 7.235679 6.170188
v -5.736669 7.235679 6.170188
vt 0.602887 0.467156
vt 0.602268 0.466707
vt 0.601540 0.466470
vt 0.600774 0.466470
vt 0.600046 0.466707
vt 0.599427 0.467157
vt 0.598977 0.467776
vt 0.598740 0.468504
vt 0.598740 0.469270
vt 0.598977 0.469998
vt 0.599427 0.470617
vt 0.600046 0.471067
vt 0.600774 0.471303
vt 0.601540 0.471303
vt 0.602268 0.471067
vt 0.602887 0.470617
vt 0.603337 0.469998
vt 0.603574 0.469269
vt 0.603574 0.468504
vt 0.603337 0.467776
vt 0.718063 0.645268
vt 0.717297 0.645268
vt 0.716532 0.645268
vt 0.715766 0.645268
vt 0.715001 0.645268
vt 0.714235 0.645268
vt 0.713470 0.645268
vt 0.712704 0.645268
vt 0.711939 0.645268
vt 0.711173 0.645268
vt 0.710407 0.645268
vt 0.709642 0.645268
vt 0.708876 0.645268
vt 0.708111 0.645268
vt 0.707345 0.645268
vt 0.706580 0.645268
vt 0.705814 0.645268
vt 0.705049 0.645268
vt 0.704283 0.645268
vt 0.703517 0.645268
vt 0.702752 0.645268
vt 0.718063 0.628736
vt 0.717297 0.628736
vt 0.716532 0.628736
vt 0.715766 0.628736
vt 0.715001 0.628736
vt 0.714235 0.628736
vt 0.713470 0.628736
vt 0.712704 0.628736
vt 0.711939 0.628736
vt 0.711173 0.628736
vt 0.710407 0.628736
vt 0.709642 0.628736
vt 0.708876 0.628736
vt 0.708111 0.628736
vt 0.707345 0.628736
vt 0.706580 0.628736
vt 0.705814 0.628736
vt 0.705049 0.628736
vt 0.704283 0.628736
vt 0.703517 0.628736
vt 0.702752 0.628736
vt 0.603337 0.437719
vt 0.603574 0.436991
vt 0.603574 0.436226
vt 0.603337 0.435498
vt 0.602887 0.434878
vt 0.602268 0.434428
vt 0.601540 0.434192
vt 0.600774 0.434192
vt 0.600046 0.434428
vt 0.599427 0.434878
vt 0.598977 0.435498
vt 0.598740 0.436226
vt 0.598740 0.436991
vt 0.598977 0.437719
vt 0.599427 0.438339
vt 0.600046 0.438789
vt 0.600774 0.439025
vt 0.601540 0.439025
vt 0.602268 0.438789
vt 0.602887 0.438339
vt 0.601157 0.468887
vt 0.601157 0.436608
vn -0.000000 -0.951052 -0.309032
vn -0.000001 -0.809009 -0.587797
vn -0.000001 -0.809009 -0.587797
vn -0.000000 -0.951052 -0.309032
vn -0.000000 -0.587789 -0.809014
vn -0.000000 -0.587789 -0.809014
vn -0.000000 -0.309022 -0.951055
vn -0.000000 -0.309022 -0.951055
vn 0.000000 0.000000 -1.000000
vn 0.000000 0.000000 -1.000000
vn 0.000000 0.309017 -0.951057
vn 0.000000 0.309018 -0.951056
vn 0.000000 0.587788 -0.809015
vn 0.000000 0.587788 -0.809015
vn 0.000000 0.809016 -0.587787
vn 0.000000 0.809015 -0.587788
vn 0.000001 0.951055 -0.309023
vn 0.000001 0.951055 -0.309022
vn 0.000001 1.000000 0.000000
vn 0.000001 1.000000 0.000000
vn 0.000000 0.951055 0.309023
vn 0.000000 0.951055 0.309022
vn 0.000000 0.809012 0.587792
vn 0.000000 0.809012 0.587792
vn 0.000000 0.587783 0.809019
vn 0.000000 0.587783 0.809019
vn 0.000000 0.309018 0.951056
vn 0.000000 0.309018 0.951056
vn 0.000000 0.000000 1.000000
vn 0.000000 -0.000001 1.000000
vn 0.000000 -0.309013 0.951058
vn 0.000000 -0.309013 0.951058
vn -0.000000 -0.587790 0.809014
vn -0.000000 -0.587790 0.809014
vn -0.000001 -0.809008 0.587797
vn -0.000001 -0.809008 0.587797
vn -0.000000 -0.951051 0.309033
vn -0.000000 -0.951051 0.309035
vn 0.000000 -1.000000 0.000000
vn 0.000000 -1.000000 0.000000
vn -1.000000 -0.000012 0.000000
vn -1.000000 -0.000012 0.000000
vn -1.000000 -0.000004 0.000000
vn -1.000000 0.000000 0.000000
vn -1.000000 0.000000 0.000000
vn -1.000000 0.000000 0.000000
vn -1.000000 0.000000 0.000003
vn -1.000000 -0.000012 -0.000004
vn -1.000000 -0.000012 -0.000007
vn -1.000000 0.000006 0.000008
vn -1.000000 0.000012 0.000000
vn -1.000000 0.000006 -0.000008
vn -1.000000 0.000000 0.000000
vn -1.000000 0.000000 0.000000
vn -1.000000 -0.000023 0.000000
vn -1.000000 -0.000023 0.000000
vn -1.000000 0.000012 0.000005
vn -1.000000 -0.000012 0.000000
vn -1.000000 -0.000018 0.000003
vn -1.000000 0.000006 0.000008
vn -1.000000 0.000000 0.000000
vn 1.000000 0.000006 0.000000
vn 1.000000 0.000006 0.000000
vn 1.000000 -0.000001 -0.000001
vn 1.000000 -0.000012 0.000000
vn 1.000000 -0.000012 0.000000
vn 1.000000 0.000000 0.000000
vn 1.000000 0.000000 0.000000
vn 1.000000 0.000000 0.000000
vn 1.000000 0.000000 0.000000
vn 1.000000 0.000000 0.000000
vn 1.000000 0.000000 0.000000
vn 1.000000 0.000000 0.000000
vn 1.000000 0.000000 0.000000
vn 1.000000 -0.000012 0.000000
vn 1.000000 0.000000 0.000000
vn 1.000000 0.000012 0.000000
vn 1.000000 0.000000 -0.000005
vn 1.000000 0.000000 -0.000000
vn 1.000000 0.000000 -0.000003
vn 1.000000 0.000000 -0.000008
vn 1.000000 0.000000 0.000000
s 1
g pCylinder6
usemtl initialShadingGroup
f 167/308/419 168/309/420 188/330/421 187/329/422
f 168/309/420 169/310/423 189/331/424 188/330/421
f 169/310/423 170/311/425 190/332/426 189/331/424
f 170/311/425 171/312/427 191/333/428 190/332/426
f 171/312/427 172/313/429 192/334/430 191/333/428
f 172/313/429 173/314/431 193/335/432 192/334/430
f 173/314/431 174/315/433 194/336/434 193/335/432
f 174/315/433 175/316/435 195/337/436 194/336/434
f 175/316/435 176/317/437 196/338/438 195/337/436
f 176/317/437 177/318/439 197/339/440 196/338/438
f 177/318/439 178/319/441 198/340/442 197/339/440
f 178/319/441 179/320/443 199/341/444 198/340/442
f 179/320/443 180/321/445 200/342/446 199/341/444
f 180/321/445 181/322/447 201/343/448 200/342/446
f 181/322/447 182/323/449 202/344/450 201/343/448
f 182/323/449 183/324/451 203/345/452 202/344/450
f 183/324/451 184/325/453 204/346/454 203/345/452
f 184/325/453 185/326/455 205/347/456 204/346/454
f 185/326/455 186/327/457 206/348/458 205/347/456
f 186/327/457 167/328/419 187/349/422 206/348/458
s 2
f 168/289/459 167/288/460 207/370/461
f 169/290/462 168/289/459 207/370/461
f 170/291/463 169/290/462 207/370/461
f 171/292/464 170/291/463 207/370/461
f 172/293/465 171/292/464 207/370/461
f 173/294/466 172/293/465 207/370/461
f 174/295/467 173/294/466 207/370/461
f 175/296/468 174/295/467 207/370/461
f 176/297/469 175/296/468 207/370/461
f 177/298/470 176/297/469 207/370/461
f 178/299/471 177/298/470 207/370/461
f 179/300/472 178/299/471 207/370/461
f 180/301/473 179/300/472 207/370/461
f 181/302/474 180/301/473 207/370/461
f 182/303/475 181/302/474 207/370/461
f 183/304/476 182/303/475 207/370/461
f 184/305/477 183/304/476 207/370/461
f 185/306/478 184/305/477 207/370/461
f 186/307/479 185/306/478 207/370/461
f 167/288/460 186/307/479 207/370/461
s 3
f 187/368/480 188/367/481 208/371/482
f 188/367/481 189/366/483 208/371/482
f 189/366/483 190/365/484 208/371/482
f 190/365/484 191/364/485 208/371/482
f 191/364/485 192/363/486 208/371/482
f 192/363/486 193/362/487 208/371/482
f 193/362/487 194/361/488 208/371/482
f 194/361/488 195/360/489 208/371/482
f 195/360/489 196/359/490 208/371/482
f 196/359/490 197/358/491 208/371/482
f 197/358/491 198/357/492 208/371/482
f 198/357/492 199/356/493 208/371/482
f 199/356/493 200/355/494 208/371/482
f 200/355/494 201/354/495 208/371/482
f 201/354/495 202/353/496 208/371/482
f 202/353/496 203/352/497 208/371/482
f 203/352/497 204/351/498 208/371/482
f 204/351/498 205/350/499 208/371/482
f 205/350/499 206/369/500 208/371/482
f 206/369/500 187/368/480 208/371/482
g default
v -0.207285 -0.005359 3.885206
v 0.207285 -0.005359 3.885206
v -0.207285 3.119558 3.885206
v 0.207285 3.119558 3.885206
v -0.207285 3.229314 3.470636
v 0.207285 3.229314 3.470636
v -0.207285 -0.005359 3.470636
v 0.207285 -0.005359 3.470636
vt 0.207157 0.928286
vt 0.195987 0.928286
vt 0.195987 0.844094
vt 0.207157 0.844094
vt 0.195987 0.832539
vt 0.207157 0.832539
vt 0.173648 0.841137
vt 0.184818 0.841137
vt 0.184818 0.928286
vt 0.173648 0.928286
vt 0.184818 0.939456
vt 0.173648 0.939456
vt 0.218326 0.928286
vt 0.218326 0.841137
vn 0.000000 0.000000 1.000000
vn 0.000000 0.000000 1.000000
vn 0.000000 0.000000 1.000000
vn 0.000000 0.000000 1.000000
vn 0.000000 0.966696 0.255929
vn 0.000000 0.966696 0.255929
vn 0.000000 0.966696 0.255929
vn 0.000000 0.966696 0.255929
vn 0.000000 0.000000 -1.000000
vn 0.000000 0.000000 -1.000000
vn 0.000000 0.000000 -1.000000
vn 0.000000 0.000000 -1.000000
vn 0.000000 -1.000000 0.000000
vn 0.000000 -1.000000 0.000000
vn 0.000000 -1.000000 0.000000
vn 0.000000 -1.000000 0.000000
vn 1.000000 0.000000 0.000000
vn 1.000000 0.000000 0.000000
vn 1.000000 0.000000 0.000000
vn 1.000000 0.000000 0.000000
vn -1.000000 0.000000 0.000000
vn -1.000000 0.000000 0.000000
vn -1.000000 0.000000 0.000000
vn -1.000000 0.000000 0.000000
s off
g pCube31
usemtl initialShadingGroup
f 209/372/501 210/373/502 212/374/503 211/375/504
f 211/375/505 212/374/506 214/376/507 213/377/508
f 213/378/509 214/379/510 216/380/511 215/381/512
f 215/381/513 216/380/514 210/382/515 209/383/516
f 210/373/517 216/380/518 214/379/519 212/374/520
f 215/384/521 209/372/522 211/375/523 213/385/524
g default
v 6.238213 0.343080 3.959617
v 6.713706 0.343080 3.959617
v 6.238213 8.515567 -4.691646
v 6.713706 8.515567 -4.691646
v 6.238213 8.169914 -5.018170
v 6.713706 8.169914 -5.018170
v 6.238213 -0.002573 3.633094
v 6.713706 -0.002573 3.633094
vt 0.840674 0.357866
vt 0.827864 0.357866
vt 0.827863 0.037225
vt 0.840674 0.037225
vt 0.827863 0.024414
vt 0.840674 0.024414
vt 0.802242 0.037225
vt 0.815052 0.037225
vt 0.815053 0.357866
vt 0.802242 0.357866
vt 0.815053 0.370677
vt 0.802242 0.370677
vt 0.853485 0.357866
vt 0.853485 0.037225
vn 0.000000 0.726935 0.686706
vn 0.000000 0.726935 0.686706
vn 0.000000 0.726935 0.686706
vn 0.000000 0.726935 0.686706
vn 0.000000 0.686707 -0.726934
vn 0.000000 0.686707 -0.726934
vn 0.000000 0.686707 -0.726934
vn 0.000000 0.686707 -0.726934
vn 0.000000 -0.726935 -0.686706
vn 0.000000 -0.726935 -0.686706
vn 0.000000 -0.726935 -0.686706
vn 0.000000 -0.726935 -0.686706
vn 0.000000 -0.686705 0.726936
vn 0.000000 -0.686705 0.726936
vn 0.000000 -0.686705 0.726936
vn 0.000000 -0.686705 0.726936
vn 1.000000 0.000000 0.000000
vn 1.000000 0.000000 0.000000
vn 1.000000 0.000000 0.000000
vn 1.000000 0.000000 0.000000
vn -1.000000 -0.000001 0.000000
vn -1.000000 -0.000001 0.000000
vn -1.000000 -0.000001 0.000000
vn -1.000000 -0.000001 0.000000
s off
g polySurface25
usemtl initialShadingGroup
f 217/386/525 218/387/526 220/388/527 219/389/528
f 219/389/529 220/388/530 222/390/531 221/391/532
f 221/392/533 222/393/534 224/394/535 223/395/536
f 223/395/537 224/394/538 218/396/539 217/397/540
f 218/387/541 224/394/542 222/393/543 220/388/544
f 223/398/545 217/386/546 219/389/547 221/399/548
g default
v 0.176935 1.510770 3.857849
v 4.296707 1.510770 3.857849
v 0.176935 1.876702 3.857849
v 4.296707 1.876702 3.857849
v 0.176935 1.876702 3.486016
v 4.296707 1.876702 3.486016
v 0.176935 1.510770 3.486016
v 4.296707 1.510770 3.486016
v 1.569558 1.516210 3.857849
v 1.569558 1.876378 3.857849
v 1.569558 1.876378 3.486016
v 1.569558 1.516210 3.486016
v 2.802775 1.510770 3.857849
v 2.802775 1.854346 3.857849
v 2.802775 1.854346 3.486016
v 2.802775 1.510770 3.486016
vt 0.346507 0.806624
vt 0.384057 0.806918
vt 0.383959 0.816608
vt 0.346467 0.816483
vt 0.383930 0.826596
vt 0.346437 0.826510
vt 0.383971 0.836278
vt 0.346424 0.836378
vt 0.384008 0.846291
vt 0.346452 0.846398
vt 0.457357 0.806743
vt 0.467372 0.806585
vt 0.467526 0.816443
vt 0.457508 0.816600
vt 0.336488 0.806585
vt 0.336449 0.816444
vt 0.417190 0.807410
vt 0.417195 0.816679
vt 0.417205 0.826735
vt 0.417211 0.836020
vt 0.417190 0.846047
vt 0.457527 0.826595
vt 0.457427 0.836428
vt 0.457336 0.846435
vn 0.000000 0.000000 1.000000
vn 0.000000 0.000000 1.000000
vn 0.000000 0.000000 1.000000
vn 0.000000 0.000000 1.000000
vn 0.000233 1.000000 0.000000
vn 0.008514 0.999964 0.000000
vn 0.008514 0.999964 0.000000
vn 0.000233 1.000000 0.000000
vn 0.000000 0.000000 -1.000000
vn -0.000000 0.000000 -1.000000
vn -0.000000 0.000000 -1.000000
vn 0.000000 0.000000 -1.000000
vn 0.003906 -0.999992 0.000000
vn -0.000000 -1.000000 0.000000
vn -0.000000 -1.000000 0.000000
vn 0.003906 -0.999992 0.000000
vn 1.000000 0.000000 0.000000
vn 1.000000 0.000000 0.000000
vn 1.000000 0.000000 0.000000
vn 1.000000 0.000000 0.000000
vn -1.000000 0.000000 0.000000
vn -1.000000 0.000000 0.000000
vn -1.000000 0.000000 0.000000
vn -1.000000 0.000000 0.000000
vn 0.000000 0.000000 1.000000
vn 0.000000 0.000000 1.000000
vn -0.000119 1.000000 0.000000
vn -0.000119 1.000000 0.000000
vn -0.000000 0.000000 -1.000000
vn -0.000000 0.000000 -1.000000
vn -0.001995 -0.999998 0.000000
vn -0.001995 -0.999998 0.000000
vn -0.000000 0.000000 1.000000
vn -0.000000 0.000000 1.000000
vn -0.014963 0.999888 0.000000
vn -0.014963 0.999888 0.000000
vn 0.000000 0.000000 -1.000000
vn 0.000000 0.000000 -1.000000
vn 0.000000 -1.000000 0.000000
vn 0.000000 -1.000000 0.000000
s 1
g polySurface36
usemtl initialShadingGroup
f 225/400/549 233/401/550 234/402/551 227/403/552
s 2
f 227/403/553 234/402/554 235/404/555 229/405/556
s 3
f 229/405/557 235/404/558 236/406/559 231/407/560
s 4
f 231/407/561 236/406/562 233/408/563 225/409/564
s off
f 226/410/565 232/411/566 230/412/567 228/413/568
f 231/414/569 225/400/570 227/403/571 229/415/572
s 1
f 234/402/551 233/401/550 237/416/573 238/417/574
s 2
f 235/404/555 234/402/554 238/417/575 239/418/576
s 3
f 236/406/559 235/404/558 239/418/577 240/419/578
s 4
f 233/408/563 236/406/562 240/419/579 237/420/580
s 1
f 238/417/574 237/416/573 226/410/581 228/413/582
s 2
f 239/418/576 238/417/575 228/413/583 230/421/584
s 3
f 240/419/578 239/418/577 230/421/585 232/422/586
s 4
f 237/420/580 240/419/579 232/422/587 226/423/588
g default
v 4.264902 3.264744 5.041306
v 4.644837 3.264744 5.041306
v 4.264902 4.772270 -0.613037
v 4.644837 4.772270 -0.613037
v 4.264902 4.344434 -0.727103
v 4.644837 4.344434 -0.727103
v 4.264902 2.836909 4.927238
v 4.644837 2.836909 4.927238
vt 0.260318 0.857611
vt 0.250081 0.857611
vt 0.250081 0.699949
vt 0.260318 0.699949
vt 0.250081 0.688019
vt 0.227915 0.699949
vt 0.238152 0.857611
vt 0.227915 0.857611
vt 0.238152 0.869541
vt 0.227915 0.869541
vt 0.238152 0.699949
vt 0.272247 0.857611
vt 0.272247 0.699949
vt 0.260318 0.688019
vn 0.000000 0.966248 0.257615
vn 0.000000 0.966248 0.257615
vn 0.000000 0.966248 0.257615
vn 0.000000 0.966248 0.257615
vn 0.000000 0.257613 -0.966248
vn 0.000000 0.257613 -0.966248
vn 0.000000 0.257613 -0.966248
vn 0.000000 0.257613 -0.966248
vn 0.000000 -0.966248 -0.257615
vn 0.000000 -0.966248 -0.257615
vn 0.000000 -0.966248 -0.257615
vn 0.000000 -0.966248 -0.257615
vn 0.000000 -0.257615 0.966248
vn 0.000000 -0.257615 0.966248
vn 0.000000 -0.257615 0.966248
vn 0.000000 -0.257615 0.966248
vn 1.000000 0.000000 0.000000
vn 1.000000 0.000000 0.000000
vn 1.000000 0.000000 0.000000
vn 1.000000 0.000000 0.000000
vn -1.000000 0.000000 0.000000
vn -1.000000 0.000000 0.000000
vn -1.000000 0.000000 0.000000
vn -1.000000 0.000000 0.000000
s off
g polySurface23
usemtl initialShadingGroup
f 241/424/589 242/425/590 244/426/591 243/427/592
f 243/427/593 244/426/594 246/428/595 245/437/596
f 245/429/597 246/434/598 248/430/599 247/431/600
f 247/431/601 248/430/602 242/432/603 241/433/604
f 242/425/605 248/430/606 246/434/607 244/426/608
f 247/435/609 241/424/610 243/427/611 245/436/612
g default
v 6.879981 10.677270 -3.794118
v 6.879981 11.072617 -3.668301
v -6.879981 10.677270 -3.794118
v -6.879981 11.072617 -3.668301
v -6.879981 10.821466 -4.247219
v -6.879981 11.216813 -4.121401
v 6.879981 10.821466 -4.247219
v 6.879981 11.216813 -4.121401
vt 0.718353 0.700830
vt 0.718353 0.712008
vt 0.347627 0.712008
vt 0.347627 0.700830
vt 0.336449 0.712008
vt 0.347627 0.724819
vt 0.336449 0.724819
vt 0.347627 0.735997
vt 0.718353 0.724819
vt 0.718353 0.735997
vt 0.731164 0.724819
vt 0.731164 0.735997
vt 0.718353 0.688019
vt 0.347627 0.688019
vn 0.000000 -0.303259 0.952908
vn 0.000000 -0.303259 0.952908
vn 0.000000 -0.303259 0.952908
vn 0.000000 -0.303259 0.952908
vn -1.000000 0.000000 0.000000
vn -1.000000 0.000000 0.000000
vn -1.000000 0.000000 0.000000
vn -1.000000 0.000000 0.000000
vn 0.000000 0.303261 -0.952908
vn 0.000000 0.303261 -0.952908
vn 0.000000 0.303261 -0.952908
vn 0.000000 0.303261 -0.952908
vn 1.000000 0.000000 0.000000
vn 1.000000 0.000000 0.000000
vn 1.000000 0.000000 0.000000
vn 1.000000 0.000000 0.000000
vn 0.000000 0.952908 0.303259
vn 0.000000 0.952908 0.303259
vn 0.000000 0.952908 0.303259
vn 0.000000 0.952908 0.303259
vn 0.000000 -0.952909 -0.303258
vn 0.000000 -0.952909 -0.303258
vn 0.000000 -0.952909 -0.303258
vn 0.000000 -0.952909 -0.303258
s off
g polySurface15
usemtl initialShadingGroup
f 249/438/613 250/439/614 252/440/615 251/441/616
f 251/442/617 252/440/618 254/443/619 253/444/620
f 253/445/621 254/443/622 256/446/623 255/447/624
f 255/447/625 256/446/626 250/448/627 249/449/628
f 250/439/629 256/446/630 254/443/631 252/440/632
f 255/450/633 249/438/634 251/441/635 253/451/636
g default
v 4.264902 0.004223 0.398826
v 4.644837 0.004223 0.398826
v 4.264902 4.047373 0.398826
v 4.644837 4.047373 0.398826
v 4.264902 4.166420 -0.043954
v 4.644837 4.166420 -0.043954
v 4.264902 0.004223 -0.043954
v 4.644837 0.004223 -0.043954
vt 0.206051 0.809304
vt 0.195814 0.809304
vt 0.195814 0.700372
vt 0.206051 0.700372
vt 0.195814 0.688019
vt 0.206051 0.688019
vt 0.173648 0.697165
vt 0.183885 0.697165
vt 0.183885 0.809304
vt 0.173648 0.809304
vt 0.183885 0.821234
vt 0.173648 0.821234
vt 0.217980 0.809304
vt 0.217980 0.697165
vn 0.000000 0.000000 1.000000
vn 0.000000 0.000000 1.000000
vn 0.000000 0.000000 1.000000
vn 0.000000 0.000000 1.000000
vn 0.000000 0.965705 0.259641
vn 0.000000 0.965705 0.259641
vn 0.000000 0.965705 0.259641
vn 0.000000 0.965705 0.259641
vn 0.000000 0.000000 -1.000000
vn 0.000000 0.000000 -1.000000
vn 0.000000 0.000000 -1.000000
vn 0.000000 0.000000 -1.000000
vn 0.000000 -1.000000 0.000000
vn 0.000000 -1.000000 0.000000
vn 0.000000 -1.000000 0.000000
vn 0.000000 -1.000000 0.000000
vn 1.000000 0.000000 0.000000
vn 1.000000 0.000000 0.000000
vn 1.000000 0.000000 0.000000
vn 1.000000 0.000000 0.000000
vn -1.000000 0.000000 0.000000
vn -1.000000 0.000000 0.000000
vn -1.000000 0.000000 0.000000
vn -1.000000 0.000000 0.000000
s off
g polySurface41
usemtl initialShadingGroup
f 257/452/637 258/453/638 260/454/639 259/455/640
f 259/455/641 260/454/642 262/456/643 261/457/644
f 261/458/645 262/459/646 264/460/647 263/461/648
f 263/461/649 264/460/650 258/462/651 257/463/652
f 258/453/653 264/460/654 262/459/655 260/454/656
f 263/464/657 257/452/658 259/455/659 261/465/660
g default
v 5.728235 7.377947 5.422729
v 5.728235 7.390847 5.397412
v 5.728235 7.410940 5.377320
v 5.728235 7.436257 5.364420
v 5.728235 7.464322 5.359975
v 5.728235 7.492386 5.364420
v 5.728235 7.517704 5.377320
v 5.728235 7.537796 5.397412
v 5.728235 7.550696 5.422729
v 5.728235 7.555140 5.450794
v 5.728235 7.550696 5.478859
v 5.728235 7.537796 5.504176
v 5.728235 7.517704 5.524269
v 5.728235 7.492386 5.537169
v 5.728235 7.464322 5.541613
v 5.728235 7.436257 5.537169
v 5.728235 7.410940 5.524269
v 5.728235 7.390847 5.504176
v 5.728235 7.377947 5.478859
v 5.728235 7.373503 5.450794
v 6.341838 7.377947 5.422729
v 6.341838 7.390847 5.397412
v 6.341838 7.410940 5.377320
v 6.341838 7.436257 5.364420
v 6.341838 7.464322 5.359975
v 6.341838 7.492386 5.364420
v 6.341838 7.517704 5.377320
v 6.341838 7.537796 5.397412
v 6.341838 7.550696 5.422729
v 6.341838 7.555140 5.450794
v 6.341838 7.550696 5.478859
v 6.341838 7.537796 5.504176
v 6.341838 7.517704 5.524269
v 6.341838 7.492386 5.537169
v 6.341838 7.464322 5.541613
v 6.341838 7.436257 5.537169
v 6.341838 7.410940 5.524269
v 6.341838 7.390847 5.504176
v 6.341838 7.377947 5.478859
v 6.341838 7.373503 5.450794
v 5.728235 7.464322 5.450794
v 6.341838 7.464322 5.450794
vt 0.602268 0.498985
vt 0.601540 0.498748
vt 0.600774 0.498748
vt 0.600046 0.498985
vt 0.599427 0.499435
vt 0.598977 0.500054
vt 0.598740 0.500782
vt 0.598740 0.501548
vt 0.598977 0.502276
vt 0.599427 0.502895
vt 0.600046 0.503345
vt 0.600774 0.503582
vt 0.601540 0.503582
vt 0.602268 0.503345
vt 0.602887 0.502895
vt 0.603337 0.502276
vt 0.603574 0.501548
vt 0.603574 0.500782
vt 0.603337 0.500054
vt 0.602887 0.499435
vt 0.609529 0.323016
vt 0.608763 0.323016
vt 0.607998 0.323016
vt 0.607232 0.323016
vt 0.606467 0.323016
vt 0.605701 0.323016
vt 0.604936 0.323016
vt 0.604170 0.323016
vt 0.603405 0.323016
vt 0.602639 0.323016
vt 0.601873 0.323016
vt 0.601108 0.323016
vt 0.600342 0.323016
vt 0.599577 0.323016
vt 0.598811 0.323016
vt 0.598046 0.323016
vt 0.597280 0.323016
vt 0.596515 0.323016
vt 0.595749 0.323016
vt 0.594983 0.323016
vt 0.594218 0.323016
vt 0.609529 0.306484
vt 0.608763 0.306484
vt 0.607998 0.306484
vt 0.607232 0.306484
vt 0.606467 0.306484
vt 0.605701 0.306484
vt 0.604936 0.306484
vt 0.604170 0.306484
vt 0.603405 0.306484
vt 0.602639 0.306484
vt 0.601873 0.306484
vt 0.601108 0.306484
vt 0.600342 0.306484
vt 0.599577 0.306484
vt 0.598811 0.306484
vt 0.598046 0.306484
vt 0.597280 0.306484
vt 0.596515 0.306484
vt 0.595749 0.306484
vt 0.594983 0.306484
vt 0.594218 0.306484
vt 0.602268 0.418289
vt 0.601540 0.418053
vt 0.600774 0.418053
vt 0.600046 0.418289
vt 0.599427 0.418739
vt 0.598977 0.419358
vt 0.598740 0.420087
vt 0.598740 0.420852
vt 0.598977 0.421580
vt 0.599427 0.422200
vt 0.600046 0.422650
vt 0.600774 0.422886
vt 0.601540 0.422886
vt 0.602268 0.422650
vt 0.602887 0.422200
vt 0.603337 0.421580
vt 0.603574 0.420852
vt 0.603574 0.420087
vt 0.603337 0.419359
vt 0.602887 0.418739
vt 0.601157 0.501165
vt 0.601157 0.420469
vn 0.000000 -0.951059 -0.309009
vn 0.000000 -0.809009 -0.587796
vn 0.000000 -0.809009 -0.587796
vn 0.000000 -0.951059 -0.309009
vn 0.000000 -0.587789 -0.809014
vn 0.000000 -0.587789 -0.809014
vn 0.000000 -0.309022 -0.951055
vn 0.000000 -0.309022 -0.951055
vn 0.000000 -0.000000 -1.000000
vn 0.000000 -0.000000 -1.000000
vn 0.000000 0.309018 -0.951056
vn 0.000000 0.309018 -0.951056
vn 0.000000 0.587789 -0.809014
vn 0.000000 0.587789 -0.809014
vn 0.000000 0.809015 -0.587787
vn 0.000000 0.809015 -0.587787
vn 0.000000 0.951059 -0.309009
vn 0.000000 0.951059 -0.309009
vn 0.000000 1.000000 0.000000
vn 0.000000 1.000000 0.000000
vn 0.000000 0.951059 0.309009
vn 0.000000 0.951059 0.309009
vn 0.000000 0.809015 0.587787
vn 0.000000 0.809015 0.587787
vn 0.000000 0.587789 0.809014
vn 0.000000 0.587789 0.809014
vn 0.000000 0.309010 0.951059
vn 0.000000 0.309010 0.951059
vn 0.000000 0.000000 1.000000
vn 0.000000 0.000000 1.000000
vn 0.000000 -0.309014 0.951057
vn 0.000000 -0.309014 0.951057
vn 0.000000 -0.587789 0.809014
vn 0.000000 -0.587789 0.809014
vn 0.000000 -0.809009 0.587796
vn 0.000000 -0.809009 0.587796
vn 0.000000 -0.951059 0.309009
vn 0.000000 -0.951059 0.309009
vn 0.000000 -1.000000 0.000000
vn 0.000000 -1.000000 0.000000
vn -1.000000 -0.000012 0.000000
vn -1.000000 0.000000 0.000000
vn -1.000000 0.000002 0.000000
vn -1.000000 0.000000 0.000000
vn -1.000000 0.000012 0.000000
vn -1.000000 0.000012 0.000000
vn -1.000000 0.000000 0.000000
vn -1.000000 -0.000000 0.000000
vn -1.000000 0.000012 0.000000
vn -1.000000 0.000000 0.000000
vn -1.000000 0.000000 0.000000
vn -1.000000 0.000000 0.000000
vn -1.000000 0.000012 0.000000
vn -1.000000 0.000000 0.000000
vn -1.000000 0.000012 0.000000
vn -1.000000 0.000012 0.000000
vn -1.000000 0.000000 0.000000
vn -1.000000 0.000000 0.000000
vn -1.000000 -0.000012 0.000000
vn -1.000000 0.000000 0.000000
vn -1.000000 0.000000 0.000000
vn 1.000000 0.000000 0.000000
vn 1.000000 0.000000 0.000000
vn 1.000000 0.000000 0.000000
vn 1.000000 0.000000 0.000000
vn 1.000000 0.000000 0.000000
vn 1.000000 0.000000 0.000000
vn 1.000000 0.000000 0.000000
vn 1.000000 0.000000 0.000000
vn 1.000000 0.000000 0.000000
vn 1.000000 0.000000 0.000000
vn 1.000000 0.000000 0.000000
vn 1.000000 0.000000 0.000000
vn 1.000000 0.000000 0.000000
vn 1.000000 0.000000 0.000000
vn 1.000000 0.000000 0.000000
vn 1.000000 0.000000 0.000000
vn 1.000000 0.000000 0.000000
vn 1.000000 0.000000 0.000000
vn 1.000000 0.000000 0.000000
vn 1.000000 0.000000 0.000000
vn 1.000000 0.000000 0.000000
s 1
g pCylinder3
usemtl initialShadingGroup
f 265/486/661 266/487/662 286/508/663 285/507/664
f 266/487/662 267/488/665 287/509/666 286/508/663
f 267/488/665 268/489/667 288/510/668 287/509/666
f 268/489/667 269/490/669 289/511/670 288/510/668
f 269/490/669 270/491/671 290/512/672 289/511/670
f 270/491/671 271/492/673 291/513/674 290/512/672
f 271/492/673 272/493/675 292/514/676 291/513/674
f 272/493/675 273/494/677 293/515/678 292/514/676
f 273/494/677 274/495/679 294/516/680 293/515/678
f 274/495/679 275/496/681 295/517/682 294/516/680
f 275/496/681 276/497/683 296/518/684 295/517/682
f 276/497/683 277/498/685 297/519/686 296/518/684
f 277/498/685 278/499/687 298/520/688 297/519/686
f 278/499/687 279/500/689 299/521/690 298/520/688
f 279/500/689 280/501/691 300/522/692 299/521/690
f 280/501/691 281/502/693 301/523/694 300/522/692
f 281/502/693 282/503/695 302/524/696 301/523/694
f 282/503/695 283/504/697 303/525/698 302/524/696
f 283/504/697 284/505/699 304/526/700 303/525/698
f 284/505/699 265/506/661 285/527/664 304/526/700
s 2
f 266/467/701 265/466/702 305/548/703
f 267/468/704 266/467/701 305/548/703
f 268/469/705 267/468/704 305/548/703
f 269/470/706 268/469/705 305/548/703
f 270/471/707 269/470/706 305/548/703
f 271/472/708 270/471/707 305/548/703
f 272/473/709 271/472/708 305/548/703
f 273/474/710 272/473/709 305/548/703
f 274/475/711 273/474/710 305/548/703
f 275/476/712 274/475/711 305/548/703
f 276/477/713 275/476/712 305/548/703
f 277/478/714 276/477/713 305/548/703
f 278/479/715 277/478/714 305/548/703
f 279/480/716 278/479/715 305/548/703
f 280/481/717 279/480/716 305/548/703
f 281/482/718 280/481/717 305/548/703
f 282/483/719 281/482/718 305/548/703
f 283/484/720 282/483/719 305/548/703
f 284/485/721 283/484/720 305/548/703
f 265/466/702 284/485/721 305/548/703
s 3
f 285/546/722 286/545/723 306/549/724
f 286/545/723 287/544/725 306/549/724
f 287/544/725 288/543/726 306/549/724
f 288/543/726 289/542/727 306/549/724
f 289/542/727 290/541/728 306/549/724
f 290/541/728 291/540/729 306/549/724
f 291/540/729 292/539/730 306/549/724
f 292/539/730 293/538/731 306/549/724
f 293/538/731 294/537/732 306/549/724
f 294/537/732 295/536/733 306/549/724
f 295/536/733 296/535/734 306/549/724
f 296/535/734 297/534/735 306/549/724
f 297/534/735 298/533/736 306/549/724
f 298/533/736 299/532/737 306/549/724
f 299/532/737 300/531/738 306/549/724
f 300/531/738 301/530/739 306/549/724
f 301/530/739 302/529/740 306/549/724
f 302/529/740 303/528/741 306/549/724
f 303/528/741 304/547/742 306/549/724
f 304/547/742 285/546/722 306/549/724
g default
v 0.176935 0.688615 3.857849
v 4.296707 0.688615 3.857849
v 0.176935 1.057115 3.857849
v 4.296707 1.057115 3.857849
v 0.176935 1.057115 3.486016
v 4.296707 1.057115 3.486016
v 0.176935 0.688615 3.486016
v 4.296707 0.688615 3.486016
v 1.569558 0.694093 3.857849
v 1.569558 1.048738 3.857849
v 1.569558 1.048738 3.486016
v 1.569558 0.694093 3.486016
v 2.802775 0.688615 3.857849
v 2.802775 1.050702 3.857849
v 2.802775 1.050702 3.486016
v 2.802775 0.688615 3.486016
vt 0.206349 0.577468
vt 0.243835 0.577902
vt 0.243810 0.587457
vt 0.206278 0.587395
vt 0.243807 0.597484
vt 0.206264 0.597405
vt 0.243824 0.607050
vt 0.206298 0.607322
vt 0.243842 0.617076
vt 0.206365 0.617333
vt 0.317260 0.577446
vt 0.327278 0.577395
vt 0.327329 0.587323
vt 0.317311 0.587374
vt 0.196331 0.577395
vt 0.196260 0.587322
vt 0.277017 0.577661
vt 0.277053 0.587417
vt 0.277063 0.597433
vt 0.277049 0.607184
vt 0.277017 0.617198
vt 0.317321 0.597389
vt 0.317291 0.607314
vt 0.317260 0.617332
vn 0.000000 0.000000 1.000000
vn 0.000000 0.000000 1.000000
vn 0.000000 0.000000 1.000000
vn 0.000000 0.000000 1.000000
vn 0.006015 0.999982 0.000000
vn 0.002442 0.999997 0.000000
vn 0.002442 0.999997 0.000000
vn 0.006015 0.999982 0.000000
vn 0.000000 0.000000 -1.000000
vn -0.000000 0.000000 -1.000000
vn -0.000000 0.000000 -1.000000
vn 0.000000 0.000000 -1.000000
vn 0.003934 -0.999992 0.000000
vn 0.000000 -1.000000 0.000000
vn 0.000000 -1.000000 0.000000
vn 0.003934 -0.999992 0.000000
vn 1.000000 0.000000 0.000000
vn 1.000000 0.000000 0.000000
vn 1.000000 0.000000 0.000000
vn 1.000000 0.000000 0.000000
vn -1.000000 0.000000 0.000000
vn -1.000000 0.000000 0.000000
vn -1.000000 0.000000 0.000000
vn -1.000000 0.000000 0.000000
vn -0.000000 0.000000 1.000000
vn -0.000000 0.000000 1.000000
vn -0.003072 0.999995 0.000000
vn -0.003072 0.999995 0.000000
vn -0.000000 0.000000 -1.000000
vn -0.000000 0.000000 -1.000000
vn -0.002009 -0.999998 0.000000
vn -0.002009 -0.999998 0.000000
vn -0.000000 0.000000 1.000000
vn -0.000000 0.000000 1.000000
vn -0.004293 0.999991 0.000000
vn -0.004293 0.999991 0.000000
vn 0.000000 0.000000 -1.000000
vn 0.000000 0.000000 -1.000000
vn 0.000000 -1.000000 0.000000
vn 0.000000 -1.000000 0.000000
s 1
g polySurface38
usemtl initialShadingGroup
f 307/550/743 315/551/744 316/552/745 309/553/746
s 2
f 309/553/747 316/552/748 317/554/749 311/555/750
s 3
f 311/555/751 317/554/752 318/556/753 313/557/754
s 4
f 313/557/755 318/556/756 315/558/757 307/559/758
s off
f 308/560/759 314/561/760 312/562/761 310/563/762
f 313/564/763 307/550/764 309/553/765 311/565/766
s 1
f 316/552/745 315/551/744 319/566/767 320/567/768
s 2
f 317/554/749 316/552/748 320/567/769 321/568/770
s 3
f 318/556/753 317/554/752 321/568/771 322/569/772
s 4
f 315/558/757 318/556/756 322/569/773 319/570/774
s 1
f 320/567/768 319/566/767 308/560/775 310/563/776
s 2
f 321/568/770 320/567/769 310/563/777 312/571/778
s 3
f 322/569/772 321/568/771 312/571/779 314/572/780
s 4
f 319/570/774 322/569/773 314/572/781 308/573/782
g default
v -4.301073 1.141735 3.857849
v -0.181301 1.141735 3.857849
v -4.301073 1.498037 3.857849
v -0.181301 1.498037 3.857849
v -4.301073 1.498037 3.486016
v -0.181301 1.498037 3.486016
v -4.301073 1.141735 3.486016
v -0.181301 1.141735 3.486016
v -2.908450 1.147032 3.857849
v -2.908450 1.486045 3.857849
v -2.908450 1.486045 3.486016
v -2.908450 1.147032 3.486016
v -1.675233 1.153410 3.857849
v -1.675233 1.480160 3.857849
v -1.675233 1.480160 3.486016
v -1.675233 1.153410 3.486016
vt 0.868934 0.874060
vt 0.831436 0.873465
vt 0.831513 0.864336
vt 0.869045 0.864465
vt 0.831540 0.854324
vt 0.869077 0.854453
vt 0.831515 0.845193
vt 0.869031 0.844860
vt 0.831447 0.835174
vt 0.868947 0.834845
vt 0.758136 0.874023
vt 0.748120 0.874178
vt 0.747974 0.864583
vt 0.757992 0.864434
vt 0.878951 0.874178
vt 0.879063 0.864581
vt 0.798313 0.873084
vt 0.798269 0.864268
vt 0.798254 0.854232
vt 0.798272 0.845413
vt 0.798310 0.835388
vt 0.757956 0.854432
vt 0.758017 0.844851
vt 0.758146 0.834847
vn 0.000000 0.000000 1.000000
vn -0.000000 0.000000 1.000000
vn -0.000000 0.000000 1.000000
vn 0.000000 0.000000 1.000000
vn 0.008610 0.999963 0.000000
vn 0.006808 0.999977 0.000000
vn 0.006808 0.999977 0.000000
vn 0.008610 0.999963 0.000000
vn 0.000000 0.000000 -1.000000
vn -0.000000 0.000000 -1.000000
vn -0.000000 0.000000 -1.000000
vn 0.000000 0.000000 -1.000000
vn 0.003804 -0.999993 0.000000
vn 0.004446 -0.999990 0.000000
vn 0.004446 -0.999990 0.000000
vn 0.003804 -0.999993 0.000000
vn 1.000000 0.000000 0.000000
vn 1.000000 0.000000 0.000000
vn 1.000000 0.000000 0.000000
vn 1.000000 0.000000 0.000000
vn -1.000000 0.000000 0.000000
vn -1.000000 0.000000 0.000000
vn -1.000000 0.000000 0.000000
vn -1.000000 0.000000 0.000000
vn -0.000000 0.000000 1.000000
vn -0.000000 0.000000 1.000000
vn -0.004397 0.999990 0.000000
vn -0.004397 0.999990 0.000000
vn 0.000000 0.000000 -1.000000
vn 0.000000 0.000000 -1.000000
vn -0.001942 -0.999998 0.000000
vn -0.001942 -0.999998 0.000000
vn -0.000000 0.000000 1.000000
vn -0.000000 0.000000 1.000000
vn -0.011965 0.999928 0.000000
vn -0.011965 0.999928 0.000000
vn 0.000000 0.000000 -1.000000
vn 0.000000 0.000000 -1.000000
vn -0.007815 -0.999969 0.000000
vn -0.007815 -0.999969 0.000000
s 1
g polySurface31
usemtl initialShadingGroup
f 323/574/783 331/575/784 332/576/785 325/577/786
s 2
f 325/577/787 332/576/788 333/578/789 327/579/790
s 3
f 327/579/791 333/578/792 334/580/793 329/581/794
s 4
f 329/581/795 334/580/796 331/582/797 323/583/798
s off
f 324/584/799 330/585/800 328/586/801 326/587/802
f 329/588/803 323/574/804 325/577/805 327/589/806
s 1
f 332/576/785 331/575/784 335/590/807 336/591/808
s 2
f 333/578/789 332/576/788 336/591/809 337/592/810
s 3
f 334/580/793 333/578/792 337/592/811 338/593/812
s 4
f 331/582/797 334/580/796 338/593/813 335/594/814
s 1
f 336/591/808 335/590/807 324/584/815 326/587/816
s 2
f 337/592/810 336/591/809 326/587/817 328/595/818
s 3
f 338/593/812 337/592/811 328/595/819 330/596/820
s 4
f 335/594/814 338/593/813 330/596/821 324/597/822
g default
v 0.176935 1.924008 3.857849
v 4.296707 1.924008 3.857849
v 0.176935 2.292508 3.857849
v 4.296707 2.292508 3.857849
v 0.176935 2.292508 3.486016
v 4.296707 2.292508 3.486016
v 0.176935 1.924008 3.486016
v 4.296707 1.924008 3.486016
v 1.569558 1.929486 3.857849
v 1.569558 2.284131 3.857849
v 1.569558 2.284131 3.486016
v 1.569558 1.929486 3.486016
v 2.802775 1.924008 3.857849
v 2.802775 2.286094 3.857849
v 2.802775 2.286094 3.486016
v 2.802775 1.924008 3.486016
vt 0.552394 0.668598
vt 0.514911 0.668167
vt 0.514934 0.658608
vt 0.552466 0.658675
vt 0.514938 0.648582
vt 0.552482 0.648665
vt 0.514923 0.639018
vt 0.552448 0.638748
vt 0.514906 0.628992
vt 0.552383 0.628738
vt 0.441486 0.668621
vt 0.431468 0.668673
vt 0.431417 0.658746
vt 0.441435 0.658694
vt 0.562412 0.668674
vt 0.562485 0.658747
vt 0.481728 0.668407
vt 0.481693 0.658650
vt 0.481683 0.648634
vt 0.481695 0.638881
vt 0.481727 0.628867
vt 0.441424 0.648679
vt 0.441454 0.638754
vt 0.441484 0.628736
vn 0.000000 0.000000 1.000000
vn 0.000000 0.000000 1.000000
vn 0.000000 0.000000 1.000000
vn 0.000000 0.000000 1.000000
vn 0.006015 0.999982 0.000000
vn 0.002442 0.999997 0.000000
vn 0.002442 0.999997 0.000000
vn 0.006015 0.999982 0.000000
vn 0.000000 0.000000 -1.000000
vn 0.000000 0.000000 -1.000000
vn 0.000000 0.000000 -1.000000
vn 0.000000 0.000000 -1.000000
vn 0.003934 -0.999992 0.000000
vn 0.000000 -1.000000 0.000000
vn 0.000000 -1.000000 0.000000
vn 0.003934 -0.999992 0.000000
vn 1.000000 0.000000 0.000000
vn 1.000000 0.000000 0.000000
vn 1.000000 0.000000 0.000000
vn 1.000000 0.000000 0.000000
vn -1.000000 0.000000 0.000000
vn -1.000000 0.000000 0.000000
vn -1.000000 0.000000 0.000000
vn -1.000000 0.000000 0.000000
vn -0.000000 0.000000 1.000000
vn -0.000000 0.000000 1.000000
vn -0.003072 0.999995 0.000000
vn -0.003072 0.999995 0.000000
vn -0.000000 0.000000 -1.000000
vn -0.000000 0.000000 -1.000000
vn -0.002009 -0.999998 0.000000
vn -0.002009 -0.999998 0.000000
vn -0.000000 0.000000 1.000000
vn -0.000000 0.000000 1.000000
vn -0.004293 0.999991 0.000000
vn -0.004293 0.999991 0.000000
vn -0.000000 0.000000 -1.000000
vn -0.000000 0.000000 -1.000000
vn 0.000000 -1.000000 0.000000
vn 0.000000 -1.000000 0.000000
s 1
g polySurface35
usemtl initialShadingGroup
f 339/598/823 347/599/824 348/600/825 341/601/826
s 2
f 341/601/827 348/600/828 349/602/829 343/603/830
s 3
f 343/603/831 349/602/832 350/604/833 345/605/834
s 4
f 345/605/835 350/604/836 347/606/837 339/607/838
s off
f 340/608/839 346/609/840 344/610/841 342/611/842
f 345/612/843 339/598/844 341/601/845 343/613/846
s 1
f 348/600/825 347/599/824 351/614/847 352/615/848
s 2
f 349/602/829 348/600/828 352/615/849 353/616/850
s 3
f 350/604/833 349/602/832 353/616/851 354/617/852
s 4
f 347/606/837 350/604/836 354/617/853 351/618/854
s 1
f 352/615/848 351/614/847 340/608/855 342/611/856
s 2
f 353/616/850 352/615/849 342/611/857 344/619/858
s 3
f 354/617/852 353/616/851 344/619/859 346/620/860
s 4
f 351/618/854 354/617/853 346/620/861 340/621/862
g default
v 0.176935 2.339347 3.857849
v 4.296707 2.339347 3.857849
v 0.176935 2.695649 3.857849
v 4.296707 2.695649 3.857849
v 0.176935 2.695649 3.486016
v 4.296707 2.695649 3.486016
v 0.176935 2.339347 3.486016
v 4.296707 2.339347 3.486016
v 1.569558 2.344644 3.857849
v 1.569558 2.683658 3.857849
v 1.569558 2.683658 3.486016
v 1.569558 2.344644 3.486016
v 2.802775 2.351023 3.857849
v 2.802775 2.677773 3.857849
v 2.802775 2.677773 3.486016
v 2.802775 2.351023 3.486016
vt 0.678999 0.896791
vt 0.641501 0.896196
vt 0.641579 0.887067
vt 0.679110 0.887195
vt 0.641606 0.877055
vt 0.679142 0.877184
vt 0.641580 0.867924
vt 0.679096 0.867591
vt 0.641513 0.857905
vt 0.679012 0.857576
vt 0.568201 0.896754
vt 0.558185 0.896909
vt 0.558040 0.887314
vt 0.568057 0.887165
vt 0.689016 0.896909
vt 0.689128 0.887311
vt 0.608378 0.895815
vt 0.608335 0.886999
vt 0.608319 0.876963
vt 0.608338 0.868144
vt 0.608375 0.858119
vt 0.568021 0.877162
vt 0.568082 0.867582
vt 0.568212 0.857578
vn -0.000000 0.000000 1.000000
vn -0.000000 0.000000 1.000000
vn -0.000000 0.000000 1.000000
vn -0.000000 0.000000 1.000000
vn 0.008610 0.999963 0.000000
vn 0.006808 0.999977 0.000000
vn 0.006808 0.999977 0.000000
vn 0.008610 0.999963 0.000000
vn 0.000000 0.000000 -1.000000
vn -0.000000 0.000000 -1.000000
vn -0.000000 0.000000 -1.000000
vn 0.000000 0.000000 -1.000000
vn 0.003804 -0.999993 0.000000
vn 0.004446 -0.999990 0.000000
vn 0.004446 -0.999990 0.000000
vn 0.003804 -0.999993 0.000000
vn 1.000000 0.000000 0.000000
vn 1.000000 0.000000 0.000000
vn 1.000000 0.000000 0.000000
vn 1.000000 0.000000 0.000000
vn -1.000000 0.000000 0.000000
vn -1.000000 0.000000 0.000000
vn -1.000000 0.000000 0.000000
vn -1.000000 0.000000 0.000000
vn -0.000000 0.000000 1.000000
vn -0.000000 0.000000 1.000000
vn -0.004397 0.999990 0.000000
vn -0.004397 0.999990 0.000000
vn 0.000000 0.000000 -1.000000
vn 0.000000 0.000000 -1.000000
vn -0.001942 -0.999998 0.000000
vn -0.001942 -0.999998 0.000000
vn -0.000000 0.000000 1.000000
vn -0.000000 0.000000 1.000000
vn -0.011965 0.999928 0.000000
vn -0.011965 0.999928 0.000000
vn 0.000000 0.000000 -1.000000
vn 0.000000 0.000000 -1.000000
vn -0.007815 -0.999969 0.000000
vn -0.007815 -0.999969 0.000000
s 1
g polySurface40
usemtl initialShadingGroup
f 355/622/863 363/623/864 364/624/865 357/625/866
s 2
f 357/625/867 364/624/868 365/626/869 359/627/870
s 3
f 359/627/871 365/626/872 366/628/873 361/629/874
s 4
f 361/629/875 366/628/876 363/630/877 355/631/878
s off
f 356/632/879 362/633/880 360/634/881 358/635/882
f 361/636/883 355/622/884 357/625/885 359/637/886
s 1
f 364/624/865 363/623/864 367/638/887 368/639/888
s 2
f 365/626/869 364/624/868 368/639/889 369/640/890
s 3
f 366/628/873 365/626/872 369/640/891 370/641/892
s 4
f 363/630/877 366/628/876 370/641/893 367/642/894
s 1
f 368/639/888 367/638/887 356/632/895 358/635/896
s 2
f 369/640/890 368/639/889 358/635/897 360/643/898
s 3
f 370/641/892 369/640/891 360/643/899 362/644/900
s 4
f 367/642/894 370/641/893 362/644/901 356/645/902
g default
v -5.762254 0.005015 1.239002
v -6.237746 0.005015 1.239002
v -5.762254 9.103126 6.207639
v -6.237746 9.103126 6.207639
v -5.762254 9.330940 5.790274
v -6.237746 9.330940 5.790274
v -5.762254 0.232829 0.821637
v -6.237746 0.232830 0.821638
vt 0.949964 0.340652
vt 0.949964 0.619948
vt 0.937153 0.619948
vt 0.937153 0.340652
vt 0.949964 0.632759
vt 0.937153 0.632759
vt 0.962775 0.619945
vt 0.962775 0.340649
vt 0.975586 0.340649
vt 0.975586 0.619945
vt 0.962775 0.327838
vt 0.975586 0.327838
vt 0.924342 0.619945
vt 0.924342 0.340649
vn 0.000000 -0.479300 0.877651
vn 0.000000 -0.479300 0.877651
vn 0.000000 -0.479300 0.877651
vn 0.000000 -0.479300 0.877651
vn 0.000000 0.877753 0.479113
vn 0.000000 0.877753 0.479113
vn 0.000000 0.877753 0.479113
vn 0.000000 0.877753 0.479113
vn 0.000000 0.479300 -0.877651
vn 0.000000 0.479300 -0.877651
vn 0.000000 0.479300 -0.877651
vn 0.000000 0.479300 -0.877651
vn -0.000000 -0.877753 -0.479113
vn -0.000000 -0.877753 -0.479113
vn -0.000000 -0.877753 -0.479113
vn -0.000000 -0.877753 -0.479113
vn -1.000000 0.000000 0.000000
vn -1.000000 0.000000 0.000000
vn -1.000000 0.000000 0.000000
vn -1.000000 0.000000 0.000000
vn 1.000000 -0.000000 0.000000
vn 1.000000 -0.000000 0.000000
vn 1.000000 -0.000000 0.000000
vn 1.000000 -0.000000 0.000000
s off
g polySurface22
usemtl initialShadingGroup
f 371/646/903 373/647/904 374/648/905 372/649/906
f 373/647/907 375/650/908 376/651/909 374/648/910
f 375/652/911 377/653/912 378/654/913 376/655/914
f 377/653/915 371/656/916 372/657/917 378/654/918
f 372/649/919 374/648/920 376/658/921 378/659/922
f 377/653/923 375/652/924 373/647/925 371/646/926
g default
v -4.403941 3.411323 4.479100
v -4.411163 3.415024 4.465419
v -4.422410 3.417961 4.454561
v -4.436584 3.419846 4.447590
v -4.452295 3.420496 4.445188
v -4.468006 3.419846 4.447590
v -4.482180 3.417961 4.454561
v -4.493427 3.415024 4.465419
v -4.500649 3.411323 4.479100
v -4.503138 3.407220 4.494267
v -4.500649 3.403118 4.509433
v -4.493427 3.399417 4.523114
v -4.482179 3.396481 4.533972
v -4.468006 3.394595 4.540943
v -4.452295 3.393945 4.543345
v -4.436584 3.394595 4.540943
v -4.422410 3.396481 4.533972
v -4.411162 3.399417 4.523114
v -4.403941 3.403118 4.509433
v -4.401453 3.407220 4.494267
v -4.403941 3.551353 4.516977
v -4.411163 3.555053 4.503296
v -4.422410 3.557991 4.492438
v -4.436584 3.559876 4.485467
v -4.452295 3.560526 4.483065
v -4.468006 3.559876 4.485467
v -4.482180 3.557991 4.492438
v -4.493427 3.555053 4.503296
v -4.500649 3.551353 4.516977
v -4.503138 3.547251 4.532144
v -4.500649 3.543148 4.547310
v -4.493427 3.539447 4.560991
v -4.482179 3.536510 4.571849
v -4.468006 3.534625 4.578820
v -4.452295 3.533975 4.581222
v -4.436584 3.534625 4.578820
v -4.422410 3.536510 4.571849
v -4.411162 3.539447 4.560991
v -4.403941 3.543148 4.547310
v -4.401453 3.547251 4.532144
v -4.452295 3.407220 4.494267
v -4.452295 3.547251 4.532144
vt 0.732207 0.564655
vt 0.732459 0.564308
vt 0.732591 0.563900
vt 0.732591 0.563472
vt 0.732459 0.563064
vt 0.732207 0.562717
vt 0.731860 0.562466
vt 0.731453 0.562333
vt 0.731024 0.562333
vt 0.730617 0.562466
vt 0.730270 0.562717
vt 0.730018 0.563064
vt 0.729885 0.563472
vt 0.729885 0.563900
vt 0.730018 0.564308
vt 0.730270 0.564655
vt 0.730617 0.564907
vt 0.731024 0.565039
vt 0.731453 0.565039
vt 0.731860 0.564907
vt 0.602648 0.362159
vt 0.602648 0.362588
vt 0.602648 0.363017
vt 0.602648 0.363445
vt 0.602648 0.363874
vt 0.602648 0.364302
vt 0.602648 0.364731
vt 0.602648 0.365159
vt 0.602648 0.365588
vt 0.602648 0.366017
vt 0.602648 0.366445
vt 0.602648 0.366874
vt 0.602648 0.367302
vt 0.602648 0.367731
vt 0.602648 0.368159
vt 0.602648 0.368588
vt 0.602648 0.369017
vt 0.602648 0.369445
vt 0.602648 0.369874
vt 0.602648 0.370302
vt 0.602648 0.370731
vt 0.598740 0.362159
vt 0.598740 0.362588
vt 0.598740 0.363017
vt 0.598740 0.363445
vt 0.598740 0.363874
vt 0.598740 0.364302
vt 0.598740 0.364731
vt 0.598740 0.365159
vt 0.598740 0.365588
vt 0.598740 0.366017
vt 0.598740 0.366445
vt 0.598740 0.366874
vt 0.598740 0.367302
vt 0.598740 0.367731
vt 0.598740 0.368159
vt 0.598740 0.368588
vt 0.598740 0.369017
vt 0.598740 0.369445
vt 0.598740 0.369874
vt 0.598740 0.370302
vt 0.598740 0.370731
vt 0.601446 0.532165
vt 0.601314 0.531757
vt 0.601062 0.531411
vt 0.600715 0.531159
vt 0.600307 0.531026
vt 0.599879 0.531027
vt 0.599471 0.531159
vt 0.599124 0.531411
vt 0.598873 0.531758
vt 0.598740 0.532165
vt 0.598740 0.532594
vt 0.598873 0.533001
vt 0.599125 0.533348
vt 0.599471 0.533600
vt 0.599879 0.533732
vt 0.600308 0.533732
vt 0.600715 0.533600
vt 0.601062 0.533348
vt 0.601314 0.533001
vt 0.601446 0.532594
vt 0.731238 0.563686
vt 0.600093 0.532379
vn 0.951053 0.080691 -0.298307
vn 0.809014 0.153477 -0.567399
vn 0.809014 0.153477 -0.567399
vn 0.951053 0.080692 -0.298307
vn 0.587775 0.211245 -0.780959
vn 0.587775 0.211245 -0.780959
vn 0.309022 0.248330 -0.918062
vn 0.309022 0.248330 -0.918062
vn 0.000013 0.261107 -0.965310
vn 0.000014 0.261107 -0.965310
vn -0.309040 0.248325 -0.918057
vn -0.309040 0.248325 -0.918057
vn -0.587802 0.211237 -0.780941
vn -0.587802 0.211236 -0.780940
vn -0.809009 0.153479 -0.567405
vn -0.809010 0.153479 -0.567404
vn -0.951052 0.080692 -0.298311
vn -0.951052 0.080693 -0.298311
vn -1.000000 0.000003 0.000001
vn -1.000000 0.000003 0.000000
vn -0.951054 -0.080687 0.298304
vn -0.951054 -0.080687 0.298304
vn -0.809016 -0.153479 0.567396
vn -0.809015 -0.153479 0.567396
vn -0.587783 -0.211246 0.780952
vn -0.587783 -0.211246 0.780952
vn -0.309021 -0.248330 0.918062
vn -0.309022 -0.248330 0.918062
vn -0.000000 -0.261113 0.965308
vn -0.000000 -0.261113 0.965308
vn 0.309021 -0.248333 0.918061
vn 0.309021 -0.248333 0.918061
vn 0.587783 -0.211240 0.780954
vn 0.587784 -0.211240 0.780953
vn 0.809023 -0.153474 0.567386
vn 0.809023 -0.153474 0.567386
vn 0.951059 -0.080688 0.298290
vn 0.951059 -0.080688 0.298290
vn 1.000000 -0.000000 0.000001
vn 1.000000 -0.000000 0.000000
vn 0.000005 -0.965309 -0.261111
vn 0.000000 -0.965305 -0.261126
vn -0.000001 -0.965308 -0.261113
vn 0.000014 -0.965313 -0.261097
vn -0.000005 -0.965309 -0.261111
vn -0.000000 -0.965308 -0.261115
vn 0.000005 -0.965308 -0.261114
vn -0.000014 -0.965309 -0.261111
vn -0.000007 -0.965307 -0.261118
vn -0.000002 -0.965304 -0.261130
vn 0.000000 -0.965304 -0.261128
vn 0.000000 -0.965304 -0.261128
vn 0.000000 -0.965308 -0.261115
vn -0.000009 -0.965308 -0.261115
vn -0.000005 -0.965309 -0.261111
vn 0.000000 -0.965313 -0.261096
vn 0.000000 -0.965309 -0.261111
vn 0.000005 -0.965311 -0.261102
vn 0.000000 -0.965314 -0.261093
vn 0.000000 -0.965308 -0.261113
vn 0.000000 -0.965305 -0.261123
vn 0.000002 0.965310 0.261108
vn 0.000002 0.965314 0.261093
vn -0.000000 0.965309 0.261109
vn 0.000000 0.965313 0.261097
vn 0.000005 0.965309 0.261111
vn -0.000000 0.965308 0.261115
vn -0.000005 0.965309 0.261110
vn 0.000005 0.965311 0.261101
vn -0.000000 0.965308 0.261115
vn -0.000005 0.965308 0.261115
vn 0.000000 0.965314 0.261093
vn -0.000002 0.965304 0.261130
vn -0.000007 0.965305 0.261126
vn -0.000005 0.965311 0.261102
vn 0.000009 0.965309 0.261111
vn 0.000000 0.965311 0.261101
vn -0.000009 0.965310 0.261106
vn 0.000000 0.965310 0.261106
vn 0.000005 0.965307 0.261119
vn 0.000005 0.965308 0.261113
vn 0.000000 0.965310 0.261106
s 1
g pCylinder8
usemtl initialShadingGroup
f 379/680/927 380/681/928 400/702/929 399/701/930
f 380/681/928 381/682/931 401/703/932 400/702/929
f 381/682/931 382/683/933 402/704/934 401/703/932
f 382/683/933 383/684/935 403/705/936 402/704/934
f 383/684/935 384/685/937 404/706/938 403/705/936
f 384/685/937 385/686/939 405/707/940 404/706/938
f 385/686/939 386/687/941 406/708/942 405/707/940
f 386/687/941 387/688/943 407/709/944 406/708/942
f 387/688/943 388/689/945 408/710/946 407/709/944
f 388/689/945 389/690/947 409/711/948 408/710/946
f 389/690/947 390/691/949 410/712/950 409/711/948
f 390/691/949 391/692/951 411/713/952 410/712/950
f 391/692/951 392/693/953 412/714/954 411/713/952
f 392/693/953 393/694/955 413/715/956 412/714/954
f 393/694/955 394/695/957 414/716/958 413/715/956
f 394/695/957 395/696/959 415/717/960 414/716/958
f 395/696/959 396/697/961 416/718/962 415/717/960
f 396/697/961 397/698/963 417/719/964 416/718/962
f 397/698/963 398/699/965 418/720/966 417/719/964
f 398/699/965 379/700/927 399/721/930 418/720/966
s 2
f 380/661/967 379/660/968 419/742/969
f 381/662/970 380/661/967 419/742/969
f 382/663/971 381/662/970 419/742/969
f 383/664/972 382/663/971 419/742/969
f 384/665/973 383/664/972 419/742/969
f 385/666/974 384/665/973 419/742/969
f 386/667/975 385/666/974 419/742/969
f 387/668/976 386/667/975 419/742/969
f 388/669/977 387/668/976 419/742/969
f 389/670/978 388/669/977 419/742/969
f 390/671/979 389/670/978 419/742/969
f 391/672/980 390/671/979 419/742/969
f 392/673/981 391/672/980 419/742/969
f 393/674/982 392/673/981 419/742/969
f 394/675/983 393/674/982 419/742/969
f 395/676/984 394/675/983 419/742/969
f 396/677/985 395/676/984 419/742/969
f 397/678/986 396/677/985 419/742/969
f 398/679/987 397/678/986 419/742/969
f 379/660/968 398/679/987 419/742/969
s 3
f 399/740/988 400/739/989 420/743/990
f 400/739/989 401/738/991 420/743/990
f 401/738/991 402/737/992 420/743/990
f 402/737/992 403/736/993 420/743/990
f 403/736/993 404/735/994 420/743/990
f 404/735/994 405/734/995 420/743/990
f 405/734/995 406/733/996 420/743/990
f 406/733/996 407/732/997 420/743/990
f 407/732/997 408/731/998 420/743/990
f 408/731/998 409/730/999 420/743/990
f 409/730/999 410/729/1000 420/743/990
f 410/729/1000 411/728/1001 420/743/990
f 411/728/1001 412/727/1002 420/743/990
f 412/727/1002 413/726/1003 420/743/990
f 413/726/1003 414/725/1004 420/743/990
f 414/725/1004 415/724/1005 420/743/990
f 415/724/1005 416/723/1006 420/743/990
f 416/723/1006 417/722/1007 420/743/990
f 417/722/1007 418/741/1008 420/743/990
f 418/741/1008 399/740/988 420/743/990
g default
v 0.176935 0.270644 3.857849
v 4.296707 0.270644 3.857849
v 0.176935 0.636576 3.857849
v 4.296707 0.636576 3.857849
v 0.176935 0.636576 3.486016
v 4.296707 0.636576 3.486016
v 0.176935 0.270644 3.486016
v 4.296707 0.270644 3.486016
v 1.569558 0.276084 3.857849
v 1.569558 0.636252 3.857849
v 1.569558 0.636252 3.486016
v 1.569558 0.276084 3.486016
v 2.802775 0.270644 3.857849
v 2.802775 0.614220 3.857849
v 2.802775 0.614220 3.486016
v 2.802775 0.270644 3.486016
vt 0.486697 0.806624
vt 0.524247 0.806918
vt 0.524149 0.816608
vt 0.486657 0.816483
vt 0.524120 0.826596
vt 0.486627 0.826510
vt 0.524161 0.836278
vt 0.486614 0.836378
vt 0.524197 0.846292
vt 0.486642 0.846398
vt 0.597547 0.806743
vt 0.607562 0.806585
vt 0.607716 0.816443
vt 0.597698 0.816600
vt 0.476678 0.806585
vt 0.476639 0.816444
vt 0.557380 0.807410
vt 0.557385 0.816680
vt 0.557395 0.826735
vt 0.557401 0.836020
vt 0.557380 0.846047
vt 0.597717 0.826595
vt 0.597617 0.836428
vt 0.597526 0.846435
vn 0.000000 0.000000 1.000000
vn 0.000000 0.000000 1.000000
vn 0.000000 0.000000 1.000000
vn 0.000000 0.000000 1.000000
vn 0.000233 1.000000 0.000000
vn 0.008514 0.999964 0.000000
vn 0.008514 0.999964 0.000000
vn 0.000233 1.000000 0.000000
vn 0.000000 0.000000 -1.000000
vn -0.000000 0.000000 -1.000000
vn -0.000000 0.000000 -1.000000
vn 0.000000 0.000000 -1.000000
vn 0.003906 -0.999992 0.000000
vn -0.000000 -1.000000 0.000000
vn -0.000000 -1.000000 0.000000
vn 0.003906 -0.999992 0.000000
vn 1.000000 0.000000 0.000000
vn 1.000000 0.000000 0.000000
vn 1.000000 0.000000 0.000000
vn 1.000000 0.000000 0.000000
vn -1.000000 0.000000 0.000000
vn -1.000000 0.000000 0.000000
vn -1.000000 0.000000 0.000000
vn -1.000000 0.000000 0.000000
vn 0.000000 0.000000 1.000000
vn 0.000000 0.000000 1.000000
vn -0.000119 1.000000 0.000000
vn -0.000119 1.000000 0.000000
vn -0.000000 0.000000 -1.000000
vn -0.000000 0.000000 -1.000000
vn -0.001995 -0.999998 0.000000
vn -0.001995 -0.999998 0.000000
vn -0.000000 0.000000 1.000000
vn -0.000000 0.000000 1.000000
vn -0.014963 0.999888 0.000000
vn -0.014963 0.999888 0.000000
vn 0.000000 0.000000 -1.000000
vn 0.000000 0.000000 -1.000000
vn 0.000000 -1.000000 0.000000
vn 0.000000 -1.000000 0.000000
s 1
g polySurface39
usemtl initialShadingGroup
f 421/744/1009 429/745/1010 430/746/1011 423/747/1012
s 2
f 423/747/1013 430/746/1014 431/748/1015 425/749/1016
s 3
f 425/749/1017 431/748/1018 432/750/1019 427/751/1020
s 4
f 427/751/1021 432/750/1022 429/752/1023 421/753/1024
s off
f 422/754/1025 428/755/1026 426/756/1027 424/757/1028
f 427/758/1029 421/744/1030 423/747/1031 425/759/1032
s 1
f 430/746/1011 429/745/1010 433/760/1033 434/761/1034
s 2
f 431/748/1015 430/746/1014 434/761/1035 435/762/1036
s 3
f 432/750/1019 431/748/1018 435/762/1037 436/763/1038
s 4
f 429/752/1023 432/750/1022 436/763/1039 433/764/1040
s 1
f 434/761/1034 433/760/1033 422/754/1041 424/757/1042
s 2
f 435/762/1036 434/761/1035 424/757/1043 426/765/1044
s 3
f 436/763/1038 435/762/1037 426/765/1045 428/766/1046
s 4
f 433/764/1040 436/763/1039 428/766/1047 422/767/1048
g default
v -4.301073 1.924008 3.857849
v -0.181301 1.924008 3.857849
v -4.301073 2.292508 3.857849
v -0.181301 2.292508 3.857849
v -4.301073 2.292508 3.486016
v -0.181301 2.292508 3.486016
v -4.301073 1.924008 3.486016
v -0.181301 1.924008 3.486016
v -2.908450 1.929486 3.857849
v -2.908450 2.284131 3.857849
v -2.908450 2.284131 3.486016
v -2.908450 1.929486 3.486016
v -1.675233 1.924008 3.857849
v -1.675233 2.286094 3.857849
v -1.675233 2.286094 3.486016
v -1.675233 1.924008 3.486016
vt 0.692584 0.668597
vt 0.655101 0.668167
vt 0.655124 0.658608
vt 0.692656 0.658675
vt 0.655127 0.648582
vt 0.692672 0.648665
vt 0.655112 0.639018
vt 0.692638 0.638748
vt 0.655096 0.628991
vt 0.692573 0.628738
vt 0.581676 0.668621
vt 0.571658 0.668673
vt 0.571607 0.658746
vt 0.581625 0.658694
vt 0.702601 0.668673
vt 0.702674 0.658747
vt 0.621918 0.668407
vt 0.621883 0.658650
vt 0.621873 0.648634
vt 0.621885 0.638881
vt 0.621917 0.628867
vt 0.581614 0.648679
vt 0.581644 0.638754
vt 0.581674 0.628736
vn 0.000000 0.000000 1.000000
vn 0.000000 0.000000 1.000000
vn 0.000000 0.000000 1.000000
vn 0.000000 0.000000 1.000000
vn 0.006015 0.999982 0.000000
vn 0.002442 0.999997 0.000000
vn 0.002442 0.999997 0.000000
vn 0.006015 0.999982 0.000000
vn 0.000000 0.000000 -1.000000
vn 0.000000 0.000000 -1.000000
vn 0.000000 0.000000 -1.000000
vn 0.000000 0.000000 -1.000000
vn 0.003934 -0.999992 0.000000
vn 0.000000 -1.000000 0.000000
vn 0.000000 -1.000000 0.000000
vn 0.003934 -0.999992 0.000000
vn 1.000000 0.000000 0.000000
vn 1.000000 0.000000 0.000000
vn 1.000000 0.000000 0.000000
vn 1.000000 0.000000 0.000000
vn -1.000000 0.000000 0.000000
vn -1.000000 0.000000 0.000000
vn -1.000000 0.000000 0.000000
vn -1.000000 0.000000 0.000000
vn -0.000000 0.000000 1.000000
vn -0.000000 0.000000 1.000000
vn -0.003072 0.999995 0.000000
vn -0.003072 0.999995 0.000000
vn -0.000000 0.000000 -1.000000
vn -0.000000 0.000000 -1.000000
vn -0.002009 -0.999998 0.000000
vn -0.002009 -0.999998 0.000000
vn -0.000000 0.000000 1.000000
vn -0.000000 0.000000 1.000000
vn -0.004293 0.999991 0.000000
vn -0.004293 0.999991 0.000000
vn -0.000000 0.000000 -1.000000
vn -0.000000 0.000000 -1.000000
vn 0.000000 -1.000000 0.000000
vn 0.000000 -1.000000 0.000000
s 1
g polySurface29
usemtl initialShadingGroup
f 437/768/1049 445/769/1050 446/770/1051 439/771/1052
s 2
f 439/771/1053 446/770/1054 447/772/1055 441/773/1056
s 3
f 441/773/1057 447/772/1058 448/774/1059 443/775/1060
s 4
f 443/775/1061 448/774/1062 445/776/1063 437/777/1064
s off
f 438/778/1065 444/779/1066 442/780/1067 440/781/1068
f 443/782/1069 437/768/1070 439/771/1071 441/783/1072
s 1
f 446/770/1051 445/769/1050 449/784/1073 450/785/1074
s 2
f 447/772/1055 446/770/1054 450/785/1075 451/786/1076
s 3
f 448/774/1059 447/772/1058 451/786/1077 452/787/1078
s 4
f 445/776/1063 448/774/1062 452/787/1079 449/788/1080
s 1
f 450/785/1074 449/784/1073 438/778/1081 440/781/1082
s 2
f 451/786/1076 450/785/1075 440/781/1083 442/789/1084
s 3
f 452/787/1078 451/786/1077 442/789/1085 444/790/1086
s 4
f 449/788/1080 452/787/1079 444/790/1087 438/791/1088
g default
v 5.762254 0.004555 1.239116
v 6.237746 0.004555 1.239116
v 5.762254 9.103126 6.207639
v 6.237746 9.103126 6.207639
v 5.762254 9.330940 5.790274
v 6.237746 9.330940 5.790274
v 5.762254 0.232370 0.821752
v 6.237746 0.232370 0.821752
vt 0.962775 0.316530
vt 0.949964 0.316530
vt 0.949964 0.037225
vt 0.962775 0.037225
vt 0.949964 0.024414
vt 0.962775 0.024414
vt 0.924342 0.037227
vt 0.937153 0.037227
vt 0.937153 0.316533
vt 0.924342 0.316533
vt 0.937153 0.329344
vt 0.924342 0.329344
vt 0.975586 0.316533
vt 0.975586 0.037227
vn 0.000000 -0.479273 0.877666
vn 0.000000 -0.479273 0.877666
vn 0.000000 -0.479273 0.877666
vn 0.000000 -0.479273 0.877666
vn 0.000000 0.877753 0.479113
vn 0.000000 0.877753 0.479113
vn 0.000000 0.877753 0.479113
vn 0.000000 0.877753 0.479113
vn 0.000000 0.479273 -0.877666
vn 0.000000 0.479273 -0.877666
vn 0.000000 0.479273 -0.877666
vn 0.000000 0.479273 -0.877666
vn 0.000000 -0.877754 -0.479112
vn 0.000000 -0.877754 -0.479112
vn 0.000000 -0.877754 -0.479112
vn 0.000000 -0.877754 -0.479112
vn 1.000000 0.000000 0.000000
vn 1.000000 0.000000 0.000000
vn 1.000000 0.000000 0.000000
vn 1.000000 0.000000 0.000000
vn -1.000000 0.000000 0.000000
vn -1.000000 0.000000 0.000000
vn -1.000000 0.000000 0.000000
vn -1.000000 0.000000 0.000000
s off
g polySurface21
usemtl initialShadingGroup
f 453/792/1089 454/793/1090 456/794/1091 455/795/1092
f 455/795/1093 456/794/1094 458/796/1095 457/797/1096
f 457/798/1097 458/799/1098 460/800/1099 459/801/1100
f 459/801/1101 460/800/1102 454/802/1103 453/803/1104
f 454/793/1105 460/800/1106 458/799/1107 456/794/1108
f 459/804/1109 453/792/1110 455/795/1111 457/805/1112
g default
v 6.879981 9.150062 1.004716
v 6.879981 9.545409 1.130533
v -6.879981 9.150062 1.004716
v -6.879981 9.545409 1.130533
v -6.879981 9.294260 0.551616
v -6.879981 9.689608 0.677433
v 6.879981 9.294260 0.551616
v 6.879981 9.689608 0.677433
vt 0.406318 0.641547
vt 0.406318 0.652725
vt 0.035592 0.652725
vt 0.035592 0.641547
vt 0.024414 0.652725
vt 0.035592 0.665536
vt 0.024414 0.665536
vt 0.035592 0.676714
vt 0.406318 0.665535
vt 0.406318 0.676713
vt 0.419129 0.665536
vt 0.419129 0.676713
vt 0.406318 0.628736
vt 0.035592 0.628736
vn 0.000000 -0.303258 0.952908
vn 0.000000 -0.303258 0.952908
vn 0.000000 -0.303258 0.952908
vn 0.000000 -0.303258 0.952908
vn -1.000000 0.000000 0.000000
vn -1.000000 0.000000 0.000000
vn -1.000000 0.000000 0.000000
vn -1.000000 0.000000 0.000000
vn 0.000000 0.303258 -0.952908
vn 0.000000 0.303258 -0.952908
vn 0.000000 0.303258 -0.952908
vn 0.000000 0.303258 -0.952908
vn 1.000000 0.000000 0.000000
vn 1.000000 0.000000 0.000000
vn 1.000000 0.000000 0.000000
vn 1.000000 0.000000 0.000000
vn 0.000000 0.952908 0.303261
vn 0.000000 0.952908 0.303261
vn 0.000000 0.952908 0.303261
vn 0.000000 0.952908 0.303261
vn 0.000000 -0.952908 -0.303261
vn 0.000000 -0.952908 -0.303261
vn 0.000000 -0.952908 -0.303261
vn 0.000000 -0.952908 -0.303261
s off
g polySurface17
usemtl initialShadingGroup
f 461/806/1113 462/807/1114 464/808/1115 463/809/1116
f 463/810/1117 464/808/1118 466/811/1119 465/812/1120
f 465/813/1121 466/811/1122 468/814/1123 467/815/1124
f 467/815/1125 468/814/1126 462/816/1127 461/817/1128
f 462/807/1129 468/814/1130 466/811/1131 464/808/1132
f 467/818/1133 461/806/1134 463/809/1135 465/819/1136
g default
v 5.762254 0.017133 -3.260547
v 6.237746 0.017133 -3.260547
v 5.762254 11.918136 -3.260547
v 6.237746 11.918136 -3.260547
v 5.762254 11.918136 -3.662074
v 6.237746 11.918136 -3.662074
v 5.762254 0.017133 -3.662074
v 6.237746 0.017133 -3.662074
vt 0.901993 0.357866
vt 0.889182 0.357866
vt 0.889182 0.037225
vt 0.901993 0.037225
vt 0.889182 0.024414
vt 0.878364 0.037225
vt 0.878364 0.024414
vt 0.865553 0.037225
vt 0.878364 0.357866
vt 0.865553 0.357866
vt 0.878364 0.368684
vt 0.865553 0.368684
vt 0.912811 0.357866
vt 0.912811 0.037225
vn 0.000000 0.000000 1.000000
vn 0.000000 0.000000 1.000000
vn 0.000000 0.000000 1.000000
vn 0.000000 0.000000 1.000000
vn 0.000000 1.000000 0.000000
vn 0.000000 1.000000 0.000000
vn 0.000000 1.000000 0.000000
vn 0.000000 1.000000 0.000000
vn 0.000000 0.000000 -1.000000
vn 0.000000 0.000000 -1.000000
vn 0.000000 0.000000 -1.000000
vn 0.000000 0.000000 -1.000000
vn 0.000000 -1.000000 0.000000
vn 0.000000 -1.000000 0.000000
vn 0.000000 -1.000000 0.000000
vn 0.000000 -1.000000 0.000000
vn 1.000000 0.000000 0.000000
vn 1.000000 0.000000 0.000000
vn 1.000000 0.000000 0.000000
vn 1.000000 0.000000 0.000000
vn -1.000000 0.000000 0.000000
vn -1.000000 0.000000 0.000000
vn -1.000000 0.000000 0.000000
vn -1.000000 0.000000 0.000000
s off
g polySurface13
usemtl initialShadingGroup
f 469/820/1137 470/821/1138 472/822/1139 471/823/1140
f 471/824/1141 472/822/1142 474/825/1143 473/826/1144
f 473/827/1145 474/825/1146 476/828/1147 475/829/1148
f 475/829/1149 476/828/1150 470/830/1151 469/831/1152
f 470/821/1153 476/828/1154 474/825/1155 472/822/1156
f 475/832/1157 469/820/1158 471/823/1159 473/833/1160
g default
v -4.644879 0.015451 3.897336
v -4.264943 0.015451 3.897336
v -4.644879 3.114404 3.897336
v -4.264943 3.114404 3.897336
v -4.644879 3.231977 3.454555
v -4.264943 3.231977 3.454555
v -4.644879 0.015451 3.454555
v -4.264943 0.015451 3.454555
vt 0.934133 0.923536
vt 0.923897 0.923536
vt 0.923897 0.840043
vt 0.934133 0.840043
vt 0.923897 0.827700
vt 0.934133 0.827700
vt 0.901731 0.836875
vt 0.911967 0.836875
vt 0.911967 0.923536
vt 0.901731 0.923536
vt 0.911967 0.935465
vt 0.901731 0.935465
vt 0.946063 0.923536
vt 0.946063 0.836875
vn 0.000000 0.000000 1.000000
vn 0.000000 0.000000 1.000000
vn 0.000000 0.000000 1.000000
vn 0.000000 0.000000 1.000000
vn 0.000000 0.966507 0.256639
vn 0.000000 0.966507 0.256639
vn 0.000000 0.966507 0.256639
vn 0.000000 0.966507 0.256639
vn 0.000000 0.000000 -1.000000
vn 0.000000 0.000000 -1.000000
vn 0.000000 0.000000 -1.000000
vn 0.000000 0.000000 -1.000000
vn 0.000000 -1.000000 0.000000
vn 0.000000 -1.000000 0.000000
vn 0.000000 -1.000000 0.000000
vn 0.000000 -1.000000 0.000000
vn 1.000000 0.000000 0.000000
vn 1.000000 0.000000 0.000000
vn 1.000000 0.000000 0.000000
vn 1.000000 0.000000 0.000000
vn -1.000000 0.000000 0.000000
vn -1.000000 0.000000 0.000000
vn -1.000000 0.000000 0.000000
vn -1.000000 0.000000 0.000000
s off
g polySurface43
usemtl initialShadingGroup
f 477/834/1161 478/835/1162 480/836/1163 479/837/1164
f 479/837/1165 480/836/1166 482/838/1167 481/839/1168
f 481/840/1169 482/841/1170 484/842/1171 483/843/1172
f 483/843/1173 484/842/1174 478/844/1175 477/845/1176
f 478/835/1177 484/842/1178 482/841/1179 480/836/1180
f 483/846/1181 477/834/1182 479/837/1183 481/847/1184
g default
v -6.356996 7.377948 5.385733
v -6.356996 7.390847 5.360415
v -6.356996 7.410939 5.340323
v -6.356996 7.436257 5.327424
v -6.356996 7.464322 5.322978
v -6.356996 7.492386 5.327424
v -6.356996 7.517704 5.340323
v -6.356996 7.537796 5.360416
v -6.356996 7.550695 5.385733
v -6.356996 7.555140 5.413798
v -6.356996 7.550695 5.441863
v -6.356996 7.537796 5.467180
v -6.356996 7.517704 5.487272
v -6.356996 7.492386 5.500172
v -6.356996 7.464322 5.504617
v -6.356996 7.436257 5.500172
v -6.356996 7.410939 5.487272
v -6.356996 7.390847 5.467180
v -6.356996 7.377948 5.441863
v -6.356996 7.373503 5.413798
v -5.743394 7.377947 5.385733
v -5.743394 7.390847 5.360415
v -5.743394 7.410940 5.340323
v -5.743394 7.436257 5.327424
v -5.743394 7.464322 5.322978
v -5.743394 7.492386 5.327424
v -5.743394 7.517704 5.340323
v -5.743394 7.537796 5.360416
v -5.743394 7.550696 5.385733
v -5.743394 7.555141 5.413798
v -5.743394 7.550696 5.441863
v -5.743394 7.537796 5.467180
v -5.743394 7.517704 5.487272
v -5.743394 7.492386 5.500172
v -5.743394 7.464322 5.504617
v -5.743393 7.436257 5.500172
v -5.743394 7.410940 5.487272
v -5.743393 7.390848 5.467180
v -5.743394 7.377948 5.441863
v -5.743394 7.373503 5.413798
v -6.356996 7.464322 5.413798
v -5.743394 7.464322 5.413798
vt 0.603574 0.484643
vt 0.603337 0.483915
vt 0.602887 0.483296
vt 0.602268 0.482846
vt 0.601540 0.482609
vt 0.600774 0.482609
vt 0.600046 0.482846
vt 0.599427 0.483296
vt 0.598977 0.483915
vt 0.598740 0.484643
vt 0.598740 0.485409
vt 0.598977 0.486137
vt 0.599427 0.486756
vt 0.600046 0.487206
vt 0.600774 0.487443
vt 0.601540 0.487443
vt 0.602268 0.487206
vt 0.602887 0.486756
vt 0.603337 0.486137
vt 0.603574 0.485409
vt 0.164604 0.576656
vt 0.165369 0.576656
vt 0.166135 0.576656
vt 0.166901 0.576656
vt 0.167666 0.576656
vt 0.168432 0.576656
vt 0.169197 0.576656
vt 0.169963 0.576656
vt 0.170728 0.576656
vt 0.171494 0.576656
vt 0.172259 0.576656
vt 0.173025 0.576656
vt 0.173791 0.576656
vt 0.174556 0.576656
vt 0.175322 0.576656
vt 0.176087 0.576656
vt 0.176853 0.576656
vt 0.177618 0.576656
vt 0.178384 0.576656
vt 0.179149 0.576656
vt 0.179915 0.576656
vt 0.164604 0.593188
vt 0.165369 0.593188
vt 0.166135 0.593188
vt 0.166901 0.593188
vt 0.167666 0.593188
vt 0.168432 0.593188
vt 0.169197 0.593188
vt 0.169963 0.593188
vt 0.170728 0.593188
vt 0.171494 0.593188
vt 0.172259 0.593188
vt 0.173025 0.593188
vt 0.173791 0.593188
vt 0.174556 0.593188
vt 0.175322 0.593188
vt 0.176087 0.593188
vt 0.176853 0.593188
vt 0.177618 0.593188
vt 0.178384 0.593188
vt 0.179149 0.593188
vt 0.179915 0.593188
vt 0.603574 0.452365
vt 0.603337 0.451637
vt 0.602887 0.451017
vt 0.602268 0.450567
vt 0.601540 0.450331
vt 0.600774 0.450331
vt 0.600046 0.450567
vt 0.599427 0.451017
vt 0.598977 0.451637
vt 0.598740 0.452365
vt 0.598740 0.453130
vt 0.598977 0.453858
vt 0.599427 0.454478
vt 0.600046 0.454928
vt 0.600774 0.455164
vt 0.601540 0.455164
vt 0.602268 0.454928
vt 0.602887 0.454478
vt 0.603337 0.453858
vt 0.603574 0.453130
vt 0.601157 0.485026
vt 0.601157 0.452748
vn -0.000000 -0.951060 -0.309007
vn -0.000000 -0.809022 -0.587778
vn -0.000000 -0.809022 -0.587778
vn -0.000000 -0.951060 -0.309006
vn -0.000000 -0.587783 -0.809019
vn -0.000000 -0.587783 -0.809019
vn -0.000001 -0.309014 -0.951058
vn -0.000001 -0.309014 -0.951058
vn 0.000000 0.000000 -1.000000
vn 0.000000 -0.000000 -1.000000
vn 0.000000 0.309017 -0.951057
vn 0.000000 0.309018 -0.951056
vn -0.000000 0.587788 -0.809015
vn -0.000000 0.587788 -0.809015
vn -0.000000 0.809026 -0.587773
vn -0.000000 0.809026 -0.587774
vn -0.000001 0.951055 -0.309023
vn -0.000001 0.951055 -0.309022
vn -0.000001 1.000000 0.000000
vn -0.000001 1.000000 0.000000
vn -0.000001 0.951055 0.309022
vn -0.000001 0.951055 0.309022
vn -0.000000 0.809019 0.587783
vn -0.000000 0.809019 0.587783
vn 0.000000 0.587783 0.809019
vn 0.000000 0.587783 0.809019
vn 0.000000 0.309022 0.951055
vn 0.000000 0.309022 0.951055
vn -0.000000 0.000000 1.000000
vn -0.000000 -0.000002 1.000000
vn -0.000000 -0.309012 0.951058
vn -0.000000 -0.309012 0.951058
vn -0.000000 -0.587784 0.809018
vn -0.000000 -0.587784 0.809018
vn 0.000000 -0.809018 0.587784
vn 0.000000 -0.809018 0.587784
vn 0.000000 -0.951059 0.309008
vn 0.000000 -0.951059 0.309010
vn -0.000000 -1.000000 0.000000
vn -0.000000 -1.000000 0.000000
vn -1.000000 0.000012 0.000000
vn -1.000000 0.000012 0.000000
vn -1.000000 -0.000001 0.000000
vn -1.000000 0.000000 0.000000
vn -1.000000 0.000000 0.000000
vn -1.000000 0.000000 0.000000
vn -1.000000 0.000012 0.000003
vn -1.000000 0.000000 -0.000004
vn -1.000000 -0.000018 -0.000007
vn -1.000000 -0.000000 0.000008
vn -1.000000 0.000012 0.000000
vn -1.000000 -0.000006 -0.000008
vn -1.000000 0.000000 0.000000
vn -1.000000 -0.000012 0.000000
vn -1.000000 0.000000 0.000000
vn -1.000000 -0.000000 0.000000
vn -1.000000 -0.000012 0.000005
vn -1.000000 -0.000012 -0.000000
vn -1.000000 -0.000012 0.000003
vn -1.000000 0.000012 0.000008
vn -1.000000 0.000000 0.000000
vn 1.000000 0.000000 0.000000
vn 1.000000 0.000000 0.000000
vn 1.000000 -0.000000 -0.000001
vn 1.000000 0.000012 0.000000
vn 1.000000 0.000000 0.000000
vn 1.000000 -0.000012 0.000000
vn 1.000000 0.000000 0.000000
vn 1.000000 0.000000 0.000000
vn 1.000000 0.000000 0.000000
vn 1.000000 0.000000 0.000000
vn 1.000000 0.000000 0.000000
vn 1.000000 0.000000 0.000000
vn 1.000000 0.000000 0.000000
vn 1.000000 -0.000012 0.000000
vn 1.000000 -0.000000 0.000000
vn 1.000000 0.000012 0.000000
vn 1.000000 0.000000 -0.000005
vn 1.000000 0.000000 -0.000000
vn 1.000000 0.000000 -0.000003
vn 1.000000 0.000000 -0.000008
vn 1.000000 0.000000 0.000000
s 1
g pCylinder5
usemtl initialShadingGroup
f 485/868/1185 486/869/1186 506/890/1187 505/889/1188
f 486/869/1186 487/870/1189 507/891/1190 506/890/1187
f 487/870/1189 488/871/1191 508/892/1192 507/891/1190
f 488/871/1191 489/872/1193 509/893/1194 508/892/1192
f 489/872/1193 490/873/1195 510/894/1196 509/893/1194
f 490/873/1195 491/874/1197 511/895/1198 510/894/1196
f 491/874/1197 492/875/1199 512/896/1200 511/895/1198
f 492/875/1199 493/876/1201 513/897/1202 512/896/1200
f 493/876/1201 494/877/1203 514/898/1204 513/897/1202
f 494/877/1203 495/878/1205 515/899/1206 514/898/1204
f 495/878/1205 496/879/1207 516/900/1208 515/899/1206
f 496/879/1207 497/880/1209 517/901/1210 516/900/1208
f 497/880/1209 498/881/1211 518/902/1212 517/901/1210
f 498/881/1211 499/882/1213 519/903/1214 518/902/1212
f 499/882/1213 500/883/1215 520/904/1216 519/903/1214
f 500/883/1215 501/884/1217 521/905/1218 520/904/1216
f 501/884/1217 502/885/1219 522/906/1220 521/905/1218
f 502/885/1219 503/886/1221 523/907/1222 522/906/1220
f 503/886/1221 504/887/1223 524/908/1224 523/907/1222
f 504/887/1223 485/888/1185 505/909/1188 524/908/1224
s 2
f 486/849/1225 485/848/1226 525/930/1227
f 487/850/1228 486/849/1225 525/930/1227
f 488/851/1229 487/850/1228 525/930/1227
f 489/852/1230 488/851/1229 525/930/1227
f 490/853/1231 489/852/1230 525/930/1227
f 491/854/1232 490/853/1231 525/930/1227
f 492/855/1233 491/854/1232 525/930/1227
f 493/856/1234 492/855/1233 525/930/1227
f 494/857/1235 493/856/1234 525/930/1227
f 495/858/1236 494/857/1235 525/930/1227
f 496/859/1237 495/858/1236 525/930/1227
f 497/860/1238 496/859/1237 525/930/1227
f 498/861/1239 497/860/1238 525/930/1227
f 499/862/1240 498/861/1239 525/930/1227
f 500/863/1241 499/862/1240 525/930/1227
f 501/864/1242 500/863/1241 525/930/1227
f 502/865/1243 501/864/1242 525/930/1227
f 503/866/1244 502/865/1243 525/930/1227
f 504/867/1245 503/866/1244 525/930/1227
f 485/848/1226 504/867/1245 525/930/1227
s 3
f 505/928/1246 506/927/1247 526/931/1248
f 506/927/1247 507/926/1249 526/931/1248
f 507/926/1249 508/925/1250 526/931/1248
f 508/925/1250 509/924/1251 526/931/1248
f 509/924/1251 510/923/1252 526/931/1248
f 510/923/1252 511/922/1253 526/931/1248
f 511/922/1253 512/921/1254 526/931/1248
f 512/921/1254 513/920/1255 526/931/1248
f 513/920/1255 514/919/1256 526/931/1248
f 514/919/1256 515/918/1257 526/931/1248
f 515/918/1257 516/917/1258 526/931/1248
f 516/917/1258 517/916/1259 526/931/1248
f 517/916/1259 518/915/1260 526/931/1248
f 518/915/1260 519/914/1261 526/931/1248
f 519/914/1261 520/913/1262 526/931/1248
f 520/913/1262 521/912/1263 526/931/1248
f 521/912/1263 522/911/1264 526/931/1248
f 522/911/1264 523/910/1265 526/931/1248
f 523/910/1265 524/929/1266 526/931/1248
f 524/929/1266 505/928/1246 526/931/1248
g default
v -5.762254 0.017133 -3.260547
v -6.237746 0.017133 -3.260547
v -5.762254 11.918136 -3.260547
v -6.237746 11.918136 -3.260547
v -5.762254 11.918136 -3.662074
v -6.237746 11.918136 -3.662074
v -5.762254 0.017133 -3.662074
v -6.237746 0.017133 -3.662074
vt 0.889182 0.379990
vt 0.889182 0.700631
vt 0.876371 0.700631
vt 0.876371 0.379990
vt 0.889182 0.711449
vt 0.876371 0.711449
vt 0.900000 0.700631
vt 0.900000 0.379990
vt 0.912811 0.379990
vt 0.912811 0.700631
vt 0.900000 0.369172
vt 0.912811 0.369172
vt 0.865553 0.700631
vt 0.865553 0.379990
vn 0.000000 0.000000 1.000000
vn 0.000000 0.000000 1.000000
vn 0.000000 0.000000 1.000000
vn 0.000000 0.000000 1.000000
vn 0.000000 1.000000 0.000000
vn 0.000000 1.000000 0.000000
vn 0.000000 1.000000 0.000000
vn 0.000000 1.000000 0.000000
vn 0.000000 0.000000 -1.000000
vn 0.000000 0.000000 -1.000000
vn 0.000000 0.000000 -1.000000
vn 0.000000 0.000000 -1.000000
vn 0.000000 -1.000000 0.000000
vn 0.000000 -1.000000 0.000000
vn 0.000000 -1.000000 0.000000
vn 0.000000 -1.000000 0.000000
vn -1.000000 0.000000 0.000000
vn -1.000000 0.000000 0.000000
vn -1.000000 0.000000 0.000000
vn -1.000000 0.000000 0.000000
vn 1.000000 0.000000 0.000000
vn 1.000000 0.000000 0.000000
vn 1.000000 0.000000 0.000000
vn 1.000000 0.000000 0.000000
s off
g polySurface14
usemtl initialShadingGroup
f 527/932/1267 529/933/1268 530/934/1269 528/935/1270
f 529/933/1271 531/936/1272 532/937/1273 530/934/1274
f 531/938/1275 533/939/1276 534/940/1277 532/941/1278
f 533/939/1279 527/942/1280 528/943/1281 534/940/1282
f 528/935/1283 530/934/1284 532/944/1285 534/945/1286
f 533/939/1287 531/938/1288 529/933/1289 527/932/1290
g default
v -0.191850 3.264744 5.041306
v 0.188086 3.264744 5.041306
v -0.191850 4.772270 -0.613037
v 0.188086 4.772270 -0.613037
v -0.191850 4.344434 -0.727103
v 0.188086 4.344434 -0.727103
v -0.191850 2.836909 4.927238
v 0.188086 2.836909 4.927238
vt 0.314585 0.857611
vt 0.304348 0.857611
vt 0.304348 0.699949
vt 0.314585 0.699949
vt 0.304348 0.688019
vt 0.282182 0.699949
vt 0.292419 0.857611
vt 0.282182 0.857611
vt 0.292419 0.869541
vt 0.282182 0.869541
vt 0.292419 0.699949
vt 0.326514 0.857611
vt 0.326514 0.699949
vt 0.314585 0.688019
vn 0.000000 0.966248 0.257615
vn 0.000000 0.966248 0.257615
vn 0.000000 0.966248 0.257615
vn 0.000000 0.966248 0.257615
vn 0.000000 0.257613 -0.966248
vn 0.000000 0.257613 -0.966248
vn 0.000000 0.257613 -0.966248
vn 0.000000 0.257613 -0.966248
vn 0.000000 -0.966248 -0.257615
vn 0.000000 -0.966248 -0.257615
vn 0.000000 -0.966248 -0.257615
vn 0.000000 -0.966248 -0.257615
vn 0.000000 -0.257615 0.966248
vn 0.000000 -0.257615 0.966248
vn 0.000000 -0.257615 0.966248
vn 0.000000 -0.257615 0.966248
vn 1.000000 0.000000 0.000000
vn 1.000000 0.000000 0.000000
vn 1.000000 0.000000 0.000000
vn 1.000000 0.000000 0.000000
vn -1.000000 -0.000000 0.000000
vn -1.000000 -0.000000 0.000000
vn -1.000000 -0.000000 0.000000
vn -1.000000 -0.000000 0.000000
s off
g polySurface45
usemtl initialShadingGroup
f 535/946/1291 536/947/1292 538/948/1293 537/949/1294
f 537/949/1295 538/948/1296 540/950/1297 539/959/1298
f 539/951/1299 540/956/1300 542/952/1301 541/953/1302
f 541/953/1303 542/952/1304 536/954/1305 535/955/1306
f 536/947/1307 542/952/1308 540/956/1309 538/948/1310
f 541/957/1311 535/946/1312 537/949/1313 539/958/1314
g default
v -6.238213 0.343080 3.959617
v -6.713706 0.343080 3.959617
v -6.238213 8.515567 -4.691646
v -6.713706 8.515567 -4.691646
v -6.238213 8.169914 -5.018170
v -6.713706 8.169914 -5.018170
v -6.238213 -0.002573 3.633094
v -6.713706 -0.002573 3.633094
vt 0.827863 0.381983
vt 0.827863 0.702623
vt 0.815053 0.702623
vt 0.815052 0.381983
vt 0.827863 0.715434
vt 0.815053 0.715434
vt 0.840674 0.702623
vt 0.840674 0.381983
vt 0.853485 0.381983
vt 0.853485 0.702623
vt 0.840674 0.369172
vt 0.853485 0.369172
vt 0.802242 0.702623
vt 0.802242 0.381983
vn 0.000000 0.726935 0.686706
vn 0.000000 0.726935 0.686706
vn 0.000000 0.726935 0.686706
vn 0.000000 0.726935 0.686706
vn 0.000000 0.686707 -0.726934
vn 0.000000 0.686707 -0.726934
vn 0.000000 0.686707 -0.726934
vn 0.000000 0.686707 -0.726934
vn 0.000000 -0.726935 -0.686706
vn 0.000000 -0.726935 -0.686706
vn 0.000000 -0.726935 -0.686706
vn 0.000000 -0.726935 -0.686706
vn 0.000000 -0.686705 0.726936
vn 0.000000 -0.686705 0.726936
vn 0.000000 -0.686705 0.726936
vn 0.000000 -0.686705 0.726936
vn -1.000000 -0.000000 0.000000
vn -1.000000 -0.000000 0.000000
vn -1.000000 -0.000000 0.000000
vn -1.000000 -0.000000 0.000000
vn 1.000000 -0.000000 0.000000
vn 1.000000 -0.000000 0.000000
vn 1.000000 -0.000000 0.000000
vn 1.000000 -0.000000 0.000000
s off
g polySurface26
usemtl initialShadingGroup
f 543/960/1315 545/961/1316 546/962/1317 544/963/1318
f 545/961/1319 547/964/1320 548/965/1321 546/962/1322
f 547/966/1323 549/967/1324 550/968/1325 548/969/1326
f 549/967/1327 543/970/1328 544/971/1329 550/968/1330
f 544/963/1331 546/962/1332 548/972/1333 550/973/1334
f 549/967/1335 547/966/1336 545/961/1337 543/960/1338
g default
v -5.306118 7.300999 6.764256
v -5.749911 7.300999 6.764256
v -5.306118 10.933174 -4.568934
v -5.749911 10.933174 -4.568934
v -5.306118 10.480369 -4.714054
v -5.749911 10.480369 -4.714054
v -5.306118 6.848193 6.619135
v -5.749911 6.848193 6.619135
v -5.306118 11.329933 -5.806909
v -5.749911 11.329933 -5.806909
v -5.749911 10.877128 -5.952029
v -5.306118 10.877128 -5.952029
vt 0.743452 0.024414
vt 0.780177 0.357866
vt 0.768220 0.357866
vt 0.768220 0.037225
vt 0.743452 0.405702
vt 0.768220 0.392891
vt 0.755409 0.392891
vt 0.755409 0.405702
vt 0.743452 0.357866
vt 0.743452 0.037225
vt 0.755409 0.037225
vt 0.755409 0.357866
vt 0.792988 0.392891
vt 0.780177 0.392891
vt 0.780177 0.037225
vt 0.792988 0.037225
vt 0.743452 0.392891
vt 0.755409 0.024414
vt 0.792988 0.357866
vn 0.000000 0.952289 0.305199
vn 0.000000 0.952289 0.305199
vn 0.000000 0.952289 0.305199
vn 0.000000 0.952289 0.305199
vn 0.000000 0.305199 -0.952289
vn 0.000000 0.305199 -0.952289
vn 0.000000 0.305199 -0.952289
vn 0.000000 0.305199 -0.952289
vn 0.000000 -0.952289 -0.305199
vn 0.000000 -0.952289 -0.305199
vn 0.000000 -0.952289 -0.305199
vn 0.000000 -0.952289 -0.305199
vn 0.000000 -0.305200 0.952288
vn 0.000000 -0.305200 0.952288
vn 0.000000 -0.305200 0.952288
vn 0.000000 -0.305200 0.952288
vn -1.000000 0.000001 0.000000
vn -1.000000 0.000001 0.000000
vn -1.000000 0.000001 0.000000
vn -1.000000 0.000001 0.000000
vn 1.000000 -0.000001 0.000000
vn 1.000000 -0.000001 0.000000
vn 1.000000 -0.000001 0.000000
vn 1.000000 -0.000001 0.000000
vn 0.000000 0.952288 0.305199
vn 0.000000 0.952288 0.305199
vn -1.000000 0.000000 0.000000
vn -1.000000 0.000000 0.000000
vn 0.000000 -0.952288 -0.305199
vn 0.000000 -0.952288 -0.305199
vn 1.000000 0.000000 0.000000
vn 1.000000 0.000000 0.000000
s 1
g polySurface20
usemtl initialShadingGroup
f 551/988/1339 553/975/1340 554/976/1341 552/977/1342
s off
f 559/978/1343 562/990/1344 561/980/1345 560/981/1346
s 2
f 555/982/1347 557/983/1348 558/984/1349 556/985/1350
s off
f 557/983/1351 551/974/1352 552/991/1353 558/984/1354
s 3
f 552/977/1355 554/976/1356 556/985/1357 558/984/1358
s 4
f 557/989/1359 555/992/1360 553/975/1361 551/988/1362
s 1
f 553/975/1340 559/987/1363 560/979/1364 554/976/1341
s 3
f 554/976/1356 560/979/1365 561/980/1366 556/985/1357
s 2
f 556/985/1350 561/980/1367 562/990/1368 555/982/1347
s 4
f 555/992/1360 562/986/1369 559/987/1370 553/975/1361
g default
v 6.879981 9.913667 -1.394701
v 6.879981 10.309014 -1.268884
v -6.879981 9.913667 -1.394701
v -6.879981 10.309014 -1.268884
v -6.879981 10.057863 -1.847801
v -6.879981 10.453211 -1.721984
v 6.879981 10.057863 -1.847801
v 6.879981 10.453211 -1.721984
vt 0.722875 0.760113
vt 0.722875 0.771291
vt 0.352150 0.771291
vt 0.352150 0.760113
vt 0.340972 0.771291
vt 0.352150 0.784102
vt 0.340972 0.784102
vt 0.352150 0.795280
vt 0.722875 0.784102
vt 0.722875 0.795280
vt 0.735686 0.784102
vt 0.735686 0.795280
vt 0.722875 0.747302
vt 0.352150 0.747302
vn 0.000000 -0.303260 0.952908
vn 0.000000 -0.303260 0.952908
vn 0.000000 -0.303260 0.952908
vn 0.000000 -0.303260 0.952908
vn -1.000000 0.000000 0.000000
vn -1.000000 0.000000 0.000000
vn -1.000000 0.000000 0.000000
vn -1.000000 0.000000 0.000000
vn 0.000000 0.303258 -0.952908
vn 0.000000 0.303258 -0.952908
vn 0.000000 0.303258 -0.952908
vn 0.000000 0.303258 -0.952908
vn 1.000000 0.000000 0.000000
vn 1.000000 0.000000 0.000000
vn 1.000000 0.000000 0.000000
vn 1.000000 0.000000 0.000000
vn 0.000000 0.952908 0.303259
vn 0.000000 0.952908 0.303259
vn 0.000000 0.952908 0.303259
vn 0.000000 0.952908 0.303259
vn 0.000000 -0.952909 -0.303257
vn 0.000000 -0.952909 -0.303257
vn 0.000000 -0.952909 -0.303257
vn 0.000000 -0.952909 -0.303257
s off
g polySurface16
usemtl initialShadingGroup
f 563/993/1371 564/994/1372 566/995/1373 565/996/1374
f 565/997/1375 566/995/1376 568/998/1377 567/999/1378
f 567/1000/1379 568/998/1380 570/1001/1381 569/1002/1382
f 569/1002/1383 570/1001/1384 564/1003/1385 563/1004/1386
f 564/994/1387 570/1001/1388 568/998/1389 566/995/1390
f 569/1005/1391 563/993/1392 565/996/1393 567/1006/1394
g default
v -4.301073 0.270644 3.857849
v -0.181301 0.270644 3.857849
v -4.301073 0.636576 3.857849
v -0.181301 0.636576 3.857849
v -4.301073 0.636576 3.486016
v -0.181301 0.636576 3.486016
v -4.301073 0.270644 3.486016
v -0.181301 0.270644 3.486016
v -2.908450 0.276084 3.857849
v -2.908450 0.636252 3.857849
v -2.908450 0.636252 3.486016
v -2.908450 0.276084 3.486016
v -1.675233 0.270644 3.857849
v -1.675233 0.614220 3.857849
v -1.675233 0.614220 3.486016
v -1.675233 0.270644 3.486016
vt 0.798732 0.784018
vt 0.836282 0.784312
vt 0.836184 0.794001
vt 0.798692 0.793877
vt 0.836155 0.803990
vt 0.798662 0.803904
vt 0.836196 0.813672
vt 0.798649 0.813772
vt 0.836233 0.823685
vt 0.798678 0.823791
vt 0.909582 0.784137
vt 0.919598 0.783979
vt 0.919752 0.793837
vt 0.909733 0.793994
vt 0.788713 0.783979
vt 0.788675 0.793838
vt 0.869416 0.784804
vt 0.869421 0.794073
vt 0.869430 0.804129
vt 0.869437 0.813414
vt 0.869415 0.823441
vt 0.909752 0.803988
vt 0.909652 0.813822
vt 0.909562 0.823829
vn 0.000000 0.000000 1.000000
vn 0.000000 0.000000 1.000000
vn 0.000000 0.000000 1.000000
vn 0.000000 0.000000 1.000000
vn 0.000233 1.000000 0.000000
vn 0.008514 0.999964 0.000000
vn 0.008514 0.999964 0.000000
vn 0.000233 1.000000 0.000000
vn 0.000000 0.000000 -1.000000
vn -0.000000 0.000000 -1.000000
vn -0.000000 0.000000 -1.000000
vn 0.000000 0.000000 -1.000000
vn 0.003906 -0.999992 0.000000
vn -0.000000 -1.000000 0.000000
vn -0.000000 -1.000000 0.000000
vn 0.003906 -0.999992 0.000000
vn 1.000000 0.000000 0.000000
vn 1.000000 0.000000 0.000000
vn 1.000000 0.000000 0.000000
vn 1.000000 0.000000 0.000000
vn -1.000000 0.000000 0.000000
vn -1.000000 0.000000 0.000000
vn -1.000000 0.000000 0.000000
vn -1.000000 0.000000 0.000000
vn 0.000000 0.000000 1.000000
vn 0.000000 0.000000 1.000000
vn -0.000119 1.000000 0.000000
vn -0.000119 1.000000 0.000000
vn -0.000000 0.000000 -1.000000
vn -0.000000 0.000000 -1.000000
vn -0.001995 -0.999998 0.000000
vn -0.001995 -0.999998 0.000000
vn -0.000000 0.000000 1.000000
vn -0.000000 0.000000 1.000000
vn -0.014963 0.999888 0.000000
vn -0.014963 0.999888 0.000000
vn 0.000000 0.000000 -1.000000
vn 0.000000 0.000000 -1.000000
vn 0.000000 -1.000000 0.000000
vn 0.000000 -1.000000 0.000000
s 1
g polySurface33
usemtl initialShadingGroup
f 571/1007/1395 579/1008/1396 580/1009/1397 573/1010/1398
s 2
f 573/1010/1399 580/1009/1400 581/1011/1401 575/1012/1402
s 3
f 575/1012/1403 581/1011/1404 582/1013/1405 577/1014/1406
s 4
f 577/1014/1407 582/1013/1408 579/1015/1409 571/1016/1410
s off
f 572/1017/1411 578/1018/1412 576/1019/1413 574/1020/1414
f 577/1021/1415 571/1007/1416 573/1010/1417 575/1022/1418
s 1
f 580/1009/1397 579/1008/1396 583/1023/1419 584/1024/1420
s 2
f 581/1011/1401 580/1009/1400 584/1024/1421 585/1025/1422
s 3
f 582/1013/1405 581/1011/1404 585/1025/1423 586/1026/1424
s 4
f 579/1015/1409 582/1013/1408 586/1026/1425 583/1027/1426
s 1
f 584/1024/1420 583/1023/1419 572/1017/1427 574/1020/1428
s 2
f 585/1025/1422 584/1024/1421 574/1020/1429 576/1028/1430
s 3
f 586/1026/1424 585/1025/1423 576/1028/1431 578/1029/1432
s 4
f 583/1027/1426 586/1026/1425 578/1029/1433 572/1030/1434
g default
v 4.507921 3.411323 4.479100
v 4.500700 3.415024 4.465419
v 4.489452 3.417961 4.454561
v 4.475278 3.419846 4.447590
v 4.459568 3.420496 4.445188
v 4.443856 3.419846 4.447590
v 4.429683 3.417961 4.454561
v 4.418435 3.415024 4.465419
v 4.411213 3.411323 4.479100
v 4.408725 3.407220 4.494267
v 4.411213 3.403118 4.509433
v 4.418435 3.399417 4.523114
v 4.429683 3.396481 4.533972
v 4.443856 3.394595 4.540943
v 4.459568 3.393945 4.543345
v 4.475279 3.394595 4.540943
v 4.489452 3.396481 4.533972
v 4.500700 3.399417 4.523114
v 4.507921 3.403118 4.509433
v 4.510410 3.407220 4.494267
v 4.507921 3.551353 4.516977
v 4.500700 3.555053 4.503296
v 4.489452 3.557991 4.492438
v 4.475278 3.559876 4.485467
v 4.459568 3.560526 4.483065
v 4.443856 3.559876 4.485467
v 4.429683 3.557991 4.492438
v 4.418435 3.555053 4.503296
v 4.411213 3.551353 4.516977
v 4.408725 3.547251 4.532144
v 4.411213 3.543148 4.547310
v 4.418435 3.539447 4.560991
v 4.429683 3.536510 4.571849
v 4.443856 3.534625 4.578820
v 4.459568 3.533975 4.581222
v 4.475279 3.534625 4.578820
v 4.489452 3.536510 4.571849
v 4.500700 3.539447 4.560991
v 4.507921 3.543148 4.547310
v 4.510410 3.547251 4.532144
v 4.459568 3.407220 4.494267
v 4.459568 3.547251 4.532144
vt 0.601314 0.547013
vt 0.601446 0.546605
vt 0.601446 0.546177
vt 0.601314 0.545769
vt 0.601062 0.545422
vt 0.600715 0.545170
vt 0.600307 0.545038
vt 0.599879 0.545038
vt 0.599471 0.545171
vt 0.599124 0.545422
vt 0.598873 0.545769
vt 0.598740 0.546177
vt 0.598740 0.546605
vt 0.598873 0.547013
vt 0.599125 0.547360
vt 0.599471 0.547612
vt 0.599879 0.547744
vt 0.600307 0.547744
vt 0.600715 0.547611
vt 0.601062 0.547360
vt 0.602648 0.382036
vt 0.602648 0.382465
vt 0.602648 0.382894
vt 0.602648 0.383322
vt 0.602648 0.383751
vt 0.602648 0.384179
vt 0.602648 0.384608
vt 0.602648 0.385036
vt 0.602648 0.385465
vt 0.602648 0.385894
vt 0.602648 0.386322
vt 0.602648 0.386751
vt 0.602648 0.387179
vt 0.602648 0.387608
vt 0.602648 0.388036
vt 0.602648 0.388465
vt 0.602648 0.388894
vt 0.602648 0.389322
vt 0.602648 0.389751
vt 0.602648 0.390179
vt 0.602648 0.390608
vt 0.598740 0.382036
vt 0.598740 0.382465
vt 0.598740 0.382894
vt 0.598740 0.383322
vt 0.598740 0.383751
vt 0.598740 0.384179
vt 0.598740 0.384608
vt 0.598740 0.385036
vt 0.598740 0.385465
vt 0.598740 0.385894
vt 0.598740 0.386322
vt 0.598740 0.386751
vt 0.598740 0.387179
vt 0.598740 0.387608
vt 0.598740 0.388036
vt 0.598740 0.388465
vt 0.598740 0.388894
vt 0.598740 0.389322
vt 0.598740 0.389751
vt 0.598740 0.390179
vt 0.598740 0.390608
vt 0.731860 0.576477
vt 0.731453 0.576345
vt 0.731024 0.576345
vt 0.730616 0.576477
vt 0.730270 0.576729
vt 0.730018 0.577076
vt 0.729885 0.577483
vt 0.729885 0.577912
vt 0.730018 0.578319
vt 0.730270 0.578666
vt 0.730617 0.578918
vt 0.731024 0.579051
vt 0.731453 0.579051
vt 0.731860 0.578918
vt 0.732207 0.578666
vt 0.732459 0.578319
vt 0.732591 0.577912
vt 0.732591 0.577483
vt 0.732459 0.577076
vt 0.732207 0.576729
vt 0.600093 0.546391
vt 0.731238 0.577698
vn 0.951053 0.080691 -0.298307
vn 0.809014 0.153477 -0.567399
vn 0.809014 0.153477 -0.567399
vn 0.951053 0.080692 -0.298307
vn 0.587775 0.211245 -0.780959
vn 0.587775 0.211245 -0.780958
vn 0.309021 0.248333 -0.918061
vn 0.309021 0.248333 -0.918061
vn 0.000013 0.261110 -0.965309
vn 0.000014 0.261110 -0.965309
vn -0.309040 0.248328 -0.918056
vn -0.309040 0.248328 -0.918056
vn -0.587801 0.211240 -0.780940
vn -0.587802 0.211240 -0.780940
vn -0.809009 0.153482 -0.567404
vn -0.809009 0.153482 -0.567404
vn -0.951052 0.080696 -0.298310
vn -0.951051 0.080696 -0.298311
vn -1.000000 0.000003 0.000001
vn -1.000000 0.000003 0.000000
vn -0.951054 -0.080690 0.298304
vn -0.951054 -0.080690 0.298304
vn -0.809015 -0.153482 0.567396
vn -0.809015 -0.153482 0.567396
vn -0.587783 -0.211243 0.780953
vn -0.587783 -0.211243 0.780953
vn -0.309021 -0.248327 0.918063
vn -0.309022 -0.248327 0.918063
vn -0.000000 -0.261110 0.965309
vn -0.000000 -0.261110 0.965309
vn 0.309021 -0.248333 0.918061
vn 0.309021 -0.248333 0.918061
vn 0.587783 -0.211243 0.780953
vn 0.587784 -0.211243 0.780953
vn 0.809023 -0.153474 0.567386
vn 0.809023 -0.153474 0.567386
vn 0.951059 -0.080688 0.298290
vn 0.951059 -0.080688 0.298290
vn 1.000000 -0.000000 0.000001
vn 1.000000 -0.000000 0.000000
vn 0.000005 -0.965310 -0.261106
vn 0.000000 -0.965305 -0.261126
vn -0.000001 -0.965308 -0.261113
vn 0.000014 -0.965313 -0.261097
vn -0.000005 -0.965308 -0.261115
vn 0.000000 -0.965308 -0.261115
vn 0.000005 -0.965308 -0.261114
vn -0.000014 -0.965310 -0.261106
vn -0.000007 -0.965308 -0.261113
vn -0.000002 -0.965304 -0.261128
vn 0.000000 -0.965305 -0.261123
vn 0.000000 -0.965304 -0.261130
vn 0.000000 -0.965307 -0.261119
vn -0.000009 -0.965309 -0.261111
vn -0.000005 -0.965310 -0.261106
vn 0.000000 -0.965313 -0.261096
vn 0.000000 -0.965308 -0.261115
vn 0.000005 -0.965310 -0.261107
vn 0.000000 -0.965314 -0.261091
vn 0.000000 -0.965309 -0.261111
vn 0.000000 -0.965305 -0.261123
vn 0.000002 0.965310 0.261106
vn 0.000002 0.965314 0.261091
vn 0.000000 0.965309 0.261109
vn 0.000000 0.965311 0.261102
vn 0.000005 0.965308 0.261115
vn -0.000000 0.965308 0.261115
vn -0.000005 0.965308 0.261114
vn 0.000005 0.965310 0.261106
vn -0.000000 0.965308 0.261115
vn -0.000005 0.965308 0.261113
vn 0.000000 0.965315 0.261088
vn -0.000002 0.965304 0.261128
vn -0.000007 0.965305 0.261126
vn -0.000005 0.965313 0.261097
vn 0.000009 0.965310 0.261106
vn 0.000000 0.965311 0.261101
vn -0.000009 0.965309 0.261111
vn 0.000000 0.965309 0.261111
vn 0.000005 0.965307 0.261119
vn 0.000005 0.965308 0.261113
vn 0.000000 0.965310 0.261106
s 1
g pCylinder7
usemtl initialShadingGroup
f 587/1051/1435 588/1052/1436 608/1073/1437 607/1072/1438
f 588/1052/1436 589/1053/1439 609/1074/1440 608/1073/1437
f 589/1053/1439 590/1054/1441 610/1075/1442 609/1074/1440
f 590/1054/1441 591/1055/1443 611/1076/1444 610/1075/1442
f 591/1055/1443 592/1056/1445 612/1077/1446 611/1076/1444
f 592/1056/1445 593/1057/1447 613/1078/1448 612/1077/1446
f 593/1057/1447 594/1058/1449 614/1079/1450 613/1078/1448
f 594/1058/1449 595/1059/1451 615/1080/1452 614/1079/1450
f 595/1059/1451 596/1060/1453 616/1081/1454 615/1080/1452
f 596/1060/1453 597/1061/1455 617/1082/1456 616/1081/1454
f 597/1061/1455 598/1062/1457 618/1083/1458 617/1082/1456
f 598/1062/1457 599/1063/1459 619/1084/1460 618/1083/1458
f 599/1063/1459 600/1064/1461 620/1085/1462 619/1084/1460
f 600/1064/1461 601/1065/1463 621/1086/1464 620/1085/1462
f 601/1065/1463 602/1066/1465 622/1087/1466 621/1086/1464
f 602/1066/1465 603/1067/1467 623/1088/1468 622/1087/1466
f 603/1067/1467 604/1068/1469 624/1089/1470 623/1088/1468
f 604/1068/1469 605/1069/1471 625/1090/1472 624/1089/1470
f 605/1069/1471 606/1070/1473 626/1091/1474 625/1090/1472
f 606/1070/1473 587/1071/1435 607/1092/1438 626/1091/1474
s 2
f 588/1032/1475 587/1031/1476 627/1113/1477
f 589/1033/1478 588/1032/1475 627/1113/1477
f 590/1034/1479 589/1033/1478 627/1113/1477
f 591/1035/1480 590/1034/1479 627/1113/1477
f 592/1036/1481 591/1035/1480 627/1113/1477
f 593/1037/1482 592/1036/1481 627/1113/1477
f 594/1038/1483 593/1037/1482 627/1113/1477
f 595/1039/1484 594/1038/1483 627/1113/1477
f 596/1040/1485 595/1039/1484 627/1113/1477
f 597/1041/1486 596/1040/1485 627/1113/1477
f 598/1042/1487 597/1041/1486 627/1113/1477
f 599/1043/1488 598/1042/1487 627/1113/1477
f 600/1044/1489 599/1043/1488 627/1113/1477
f 601/1045/1490 600/1044/1489 627/1113/1477
f 602/1046/1491 601/1045/1490 627/1113/1477
f 603/1047/1492 602/1046/1491 627/1113/1477
f 604/1048/1493 603/1047/1492 627/1113/1477
f 605/1049/1494 604/1048/1493 627/1113/1477
f 606/1050/1495 605/1049/1494 627/1113/1477
f 587/1031/1476 606/1050/1495 627/1113/1477
s 3
f 607/1111/1496 608/1110/1497 628/1114/1498
f 608/1110/1497 609/1109/1499 628/1114/1498
f 609/1109/1499 610/1108/1500 628/1114/1498
f 610/1108/1500 611/1107/1501 628/1114/1498
f 611/1107/1501 612/1106/1502 628/1114/1498
f 612/1106/1502 613/1105/1503 628/1114/1498
f 613/1105/1503 614/1104/1504 628/1114/1498
f 614/1104/1504 615/1103/1505 628/1114/1498
f 615/1103/1505 616/1102/1506 628/1114/1498
f 616/1102/1506 617/1101/1507 628/1114/1498
f 617/1101/1507 618/1100/1508 628/1114/1498
f 618/1100/1508 619/1099/1509 628/1114/1498
f 619/1099/1509 620/1098/1510 628/1114/1498
f 620/1098/1510 621/1097/1511 628/1114/1498
f 621/1097/1511 622/1096/1512 628/1114/1498
f 622/1096/1512 623/1095/1513 628/1114/1498
f 623/1095/1513 624/1094/1514 628/1114/1498
f 624/1094/1514 625/1093/1515 628/1114/1498
f 625/1093/1515 626/1112/1516 628/1114/1498
f 626/1112/1516 607/1111/1496 628/1114/1498
g default
v -5.048175 8.531725 2.937663
v -4.049695 8.531725 2.927179
v -3.049998 8.531725 2.918608
v -2.048730 8.531725 2.912776
v -1.046471 8.531725 2.910438
v -0.043998 8.531725 2.910117
v 0.958440 8.531725 2.911105
v 1.960615 8.531725 2.911880
v 2.962323 8.531725 2.913425
v 3.963479 8.531725 2.914483
v 4.964283 8.531725 2.915043
v -5.024668 8.341766 3.286750
v -4.026348 8.323758 3.286750
v -3.026422 8.309206 3.286750
v -2.025474 8.299995 3.286750
v -1.023586 8.295300 3.286750
v -0.021549 8.293468 3.286750
v 0.979923 8.293141 3.286750
v 1.980848 8.293586 3.286750
v 2.981417 8.293730 3.286750
v 3.981977 8.294544 3.286750
v 4.982752 8.293387 3.286750
v -4.999077 8.612418 3.573894
v -4.001416 8.607190 3.573894
v -3.001121 8.601418 3.573894
v -2.000921 8.595169 3.573894
v -1.000666 8.590034 3.573894
v 0.000844 8.585600 3.573894
v 1.000892 8.581395 3.573894
v 2.001001 8.577991 3.573894
v 3.000349 8.574394 3.573894
v 4.000113 8.571254 3.573894
v 5.000712 8.568705 3.573894
v -4.981866 8.996144 3.083287
v -3.982571 8.974386 3.083287
v -2.982777 8.972617 3.083288
v -1.983016 8.971745 3.083287
v -0.983462 8.969860 3.083288
v 0.024189 8.969369 3.083287
v 1.017091 8.969329 3.083287
v 2.015472 8.969158 3.083288
v 3.014094 8.969450 3.083288
v 4.014205 8.970148 3.083288
v 5.015058 8.966010 3.083288
v -4.975939 8.984081 2.035858
v -3.975103 8.990955 2.046691
v -2.975164 9.008083 2.059304
v -1.975768 9.026321 2.074911
v -0.976297 9.030685 2.088920
v 0.023363 9.028444 2.099470
v 1.023248 9.027466 2.111397
v 2.023368 9.030523 2.125396
v 3.023712 9.037682 2.140924
v 4.024218 9.048859 2.157181
v 5.024999 9.058290 2.170017
v -4.972908 9.603728 1.154987
v -3.972344 9.602357 1.159443
v -2.970180 9.604262 1.153935
v -1.972185 9.601707 1.162004
v -0.972657 9.597985 1.172640
v 0.026949 9.594760 1.181509
v 1.027099 9.590512 1.193084
v 2.026777 9.586808 1.202191
v 3.027071 9.582843 1.210991
v 4.027957 9.578881 1.219106
v 5.028700 9.575480 1.224088
v -4.965101 9.838140 0.213601
v -3.965720 9.851083 0.226152
v -2.966200 9.859031 0.227619
v -1.967236 9.853544 0.229973
v -0.968417 9.851952 0.238494
v 0.030370 9.848791 0.249578
v 1.029305 9.846227 0.261493
v 2.028533 9.835770 0.271671
v 3.028226 9.825405 0.281113
v 4.028518 9.818008 0.291402
v 5.029040 9.795984 0.295222
v -4.952740 10.079810 -0.767855
v -3.956854 10.150229 -0.741350
v -2.959423 10.171499 -0.739755
v -1.961898 10.165667 -0.736584
v -0.964352 10.156071 -0.729085
v 0.033304 10.150517 -0.717706
v 1.031135 10.138409 -0.707121
v 2.029252 10.117852 -0.697247
v 3.027516 10.081159 -0.694484
v 4.027279 10.071174 -0.681990
v 5.029470 10.048591 -0.676857
v -4.961708 10.552375 -1.813470
v -3.953975 10.552375 -1.813471
v -2.954703 10.552370 -1.813494
v -1.956214 10.552370 -1.813494
v -0.957354 10.552370 -1.813494
v 0.040735 10.552370 -1.813494
v 1.038461 10.552370 -1.813494
v 2.036103 10.552376 -1.813471
v 3.032502 10.552375 -1.813471
v 4.030448 10.552392 -1.813398
v 5.021054 10.552411 -1.813312
v -4.997120 10.638164 -2.657154
v -3.986826 10.638066 -2.657180
v -2.976680 10.637928 -2.657226
v -1.966538 10.637856 -2.657247
v -0.956500 10.637896 -2.657228
v 0.053365 10.637990 -2.657186
v 1.062989 10.638037 -2.657165
v 2.072422 10.638139 -2.657130
v 3.081764 10.638187 -2.657125
v 4.091637 10.638305 -2.657106
v 5.102754 10.638565 -2.657020
v -4.927017 11.133638 -3.665711
v -3.928069 11.132793 -3.663554
v -2.929416 11.135006 -3.661814
v -1.930526 11.136989 -3.660386
v -0.931440 11.140802 -3.658279
v 0.067779 11.145919 -3.655552
v 1.067256 11.150017 -3.652555
v 2.066813 11.152534 -3.649368
v 3.066159 11.152869 -3.646430
v 4.065747 11.151305 -3.643442
v 5.065685 11.158320 -3.639010
v -4.902919 11.003816 -4.312028
v -3.904518 11.006823 -4.312028
v -2.905900 11.009452 -4.313617
v -1.907149 11.011928 -4.313617
v -0.908222 11.014742 -4.313617
v 0.090711 11.017693 -4.313617
v 1.089694 11.020487 -4.313617
v 2.088361 11.023149 -4.313618
v 3.090791 11.025494 -4.312028
v 4.091452 11.027448 -4.313617
v 5.089190 11.029302 -4.312028
v -4.862872 9.825417 -4.397165
v -3.864244 9.860924 -4.401985
v -2.865996 9.896145 -4.413932
v -1.867712 9.931107 -4.428928
v -0.869243 9.965698 -4.434309
v 0.129199 10.000172 -4.431700
v 1.127582 10.034277 -4.427544
v 2.126003 10.067266 -4.423706
v 3.124519 10.099249 -4.426753
v 4.123668 10.129456 -4.423619
v 5.122682 10.160583 -4.376835
v -4.824272 8.797199 -4.396636
v -3.825650 8.832434 -4.403020
v -2.827573 8.868477 -4.413728
v -1.829601 8.903660 -4.427409
v -0.831557 8.938486 -4.433768
v 0.166480 8.972898 -4.432486
v 1.164461 9.006817 -4.428531
v 2.162491 9.040270 -4.425294
v 3.160630 9.072989 -4.427516
v 4.159430 9.105391 -4.420678
v 5.158817 9.140615 -4.385942
v -4.787217 7.771504 -4.397412
v -3.788464 7.806163 -4.404065
v -2.790298 7.842035 -4.413677
v -1.792324 7.877388 -4.426733
v -0.794327 7.912258 -4.433784
v 0.203680 7.946750 -4.433365
v 1.201674 7.980878 -4.428798
v 2.199779 8.014696 -4.426312
v 3.198008 8.048414 -4.427310
v 4.196825 8.082439 -4.418158
v 5.196402 8.119059 -4.390187
v -4.751287 6.747736 -4.398572
v -3.752326 6.781906 -4.405003
v -2.753919 6.817446 -4.413512
v -1.755731 6.852712 -4.426011
v -0.757547 6.887639 -4.433752
v 0.240662 6.922264 -4.433939
v 1.238883 6.956658 -4.428984
v 2.237229 6.990977 -4.427123
v 3.235674 7.025477 -4.426885
v 4.234612 7.060387 -4.416092
v 5.234319 7.097504 -4.392306
v -4.716089 5.725664 -4.399764
v -3.716896 5.759532 -4.405888
v -2.718182 5.794765 -4.413249
v -1.719677 5.829896 -4.425107
v -0.721188 5.864842 -4.433637
v 0.277335 5.899615 -4.434307
v 1.275876 5.934286 -4.429532
v 2.274523 5.969024 -4.427879
v 3.273234 6.004029 -4.426606
v 4.272337 6.039404 -4.414567
v 5.272125 6.076571 -4.392715
v -4.681350 4.705213 -4.400944
v -3.681924 4.738938 -4.406809
v -2.682884 4.773953 -4.412799
v -1.684024 4.808977 -4.423790
v -0.685190 4.843934 -4.433249
v 0.313684 4.878832 -4.434705
v 1.312572 4.913731 -4.430369
v 2.311542 4.948757 -4.429031
v 3.310540 4.984059 -4.426431
v 4.309836 5.019656 -4.413924
v 5.309677 5.056675 -4.392220
v -4.646876 3.686348 -4.402187
v -3.647223 3.720078 -4.407548
v -2.647865 3.754972 -4.412229
v -1.648648 3.789935 -4.422097
v -0.649471 3.824905 -4.432371
v 0.349752 3.859898 -4.434749
v 1.348983 3.894952 -4.431197
v 2.348272 3.930161 -4.429806
v 3.347566 3.965619 -4.426284
v 4.347067 4.001300 -4.413476
v 5.346951 4.038085 -4.391382
v -4.612498 2.669056 -4.403563
v -3.612628 2.702929 -4.407777
v -2.612969 2.737783 -4.411184
v -1.613417 2.772722 -4.419559
v -0.613923 2.807707 -4.430745
v 0.385617 2.842764 -4.434606
v 1.385169 2.877917 -4.432484
v 2.384755 2.913227 -4.430132
v 3.384340 2.948763 -4.426213
v 4.384045 2.984458 -4.413075
v 5.383963 3.020971 -4.390116
v -4.578023 1.653330 -4.406293
v -3.577952 1.687477 -4.408221
v -2.578024 1.722329 -4.410010
v -1.578183 1.757258 -4.417189
v -0.578431 1.792256 -4.430017
v 0.421374 1.827350 -4.435451
v 1.421199 1.862557 -4.434566
v 2.421050 1.897924 -4.431952
v 3.420905 1.933501 -4.427812
v 4.420797 1.969207 -4.413850
v 5.420735 2.005413 -4.389524
v -4.543272 0.639469 -4.412215
v -3.543055 0.674037 -4.410138
v -2.542935 0.708872 -4.408432
v -1.542910 0.743782 -4.417043
v -0.542987 0.778782 -4.431462
v 0.457003 0.813898 -4.439022
v 1.457027 0.849130 -4.436738
v 2.457082 0.884544 -4.436334
v 3.457167 0.920151 -4.431366
v 4.457226 0.955892 -4.415992
v 5.457166 0.991709 -4.389616
v -3.883320 10.377354 -4.400157
v -4.363400 9.841312 -4.399928
v -4.882308 10.340716 -4.395088
v -2.884775 10.411545 -4.412796
v -3.365069 9.877689 -4.406985
v -1.886023 10.445847 -4.428880
v -2.366846 9.912563 -4.422579
v -0.887073 10.480673 -4.433712
v -1.368440 9.947105 -4.433205
v 0.111776 10.515509 -4.429841
v -0.369959 9.981623 -4.434144
v 1.110512 10.549757 -4.425418
v 0.628441 10.016001 -4.429721
v 2.109417 10.582237 -4.420931
v 1.626819 10.049740 -4.425830
v 3.108494 10.613609 -4.424027
v 2.625267 10.082405 -4.424257
v 4.108049 10.643341 -4.421078
v 3.624004 10.113647 -4.427349
v 5.106762 10.668861 -4.369047
v 4.623392 10.143545 -4.406842
v -3.843833 9.347839 -4.402454
v -4.324785 8.812788 -4.399763
v -4.842818 9.310556 -4.396432
v -2.845581 9.383465 -4.413803
v -3.326524 8.849215 -4.407395
v -1.847392 9.418404 -4.428174
v -2.328546 8.884785 -4.421272
v -0.849129 9.453186 -4.434137
v -1.330535 8.919765 -4.431735
v 0.149056 9.487648 -4.432228
v -0.332482 8.954403 -4.434166
v 1.147111 9.521595 -4.428290
v 0.665518 8.988663 -4.430152
v 2.145124 9.554781 -4.424743
v 1.663497 9.022469 -4.427273
v 3.143115 9.586889 -4.427236
v 2.661565 9.055737 -4.425290
v 4.141795 9.618017 -4.422116
v 3.659934 9.088465 -4.426916
v 5.141015 9.651026 -4.382281
v 4.659116 9.121334 -4.406153
v -3.806039 8.320253 -4.403512
v -4.287665 7.786839 -4.400378
v -4.805099 8.283531 -4.397043
v -2.807819 8.356131 -4.413678
v -3.289285 7.822830 -4.407812
v -1.809807 8.391375 -4.427210
v -2.291255 7.858466 -4.420297
v -0.811805 8.426178 -4.433947
v -1.293285 7.893618 -4.431467
v 0.186144 8.460592 -4.433001
v -0.295277 7.928368 -4.434695
v 1.184016 8.494543 -4.428732
v 0.702711 7.962768 -4.430526
v 2.181957 8.528057 -4.425834
v 1.700736 7.996858 -4.428595
v 3.179940 8.561256 -4.427544
v 2.698893 8.030743 -4.426523
v 4.178561 8.594658 -4.419518
v 3.697333 8.064674 -4.425282
v 5.178043 8.629910 -4.388344
v 4.696564 8.099205 -4.405979
v -3.769513 7.294828 -4.404490
v -4.251647 6.763000 -4.401382
v -4.768722 7.258785 -4.397972
v -2.771125 7.330492 -4.413530
v -3.253031 6.798501 -4.408144
v -1.773006 7.365748 -4.426559
v -2.254763 6.833955 -4.419212
v -0.774934 7.400601 -4.434052
v -1.256605 6.869118 -4.431104
v 0.223112 7.435097 -4.433898
v -0.258406 6.903973 -4.435106
v 1.221134 7.469290 -4.428851
v 0.739798 6.938572 -4.431053
v 2.219288 7.503297 -4.426812
v 1.738062 6.973013 -4.429226
v 3.217480 7.537439 -4.427261
v 2.736455 7.007459 -4.427716
v 4.216203 7.572193 -4.417205
v 3.735073 7.042197 -4.423469
v 5.215846 7.608265 -4.391339
v 4.734398 7.077569 -4.405093
v -3.733869 6.271366 -4.405374
v -4.216357 5.741004 -4.402501
v -4.733258 6.235905 -4.399157
v -2.735211 6.306729 -4.413300
v -3.217459 5.776115 -4.408445
v -1.736825 6.341880 -4.425775
v -2.218868 5.811353 -4.418066
v -0.738498 6.376766 -4.433989
v -1.220405 5.846460 -4.430479
v 0.259823 6.411411 -4.434352
v -0.221897 5.881396 -4.435249
v 1.258145 6.445892 -4.429237
v 0.776627 5.916190 -4.431733
v 2.256603 6.480375 -4.427599
v 1.775206 5.950943 -4.429744
v 3.255067 6.515181 -4.426880
v 2.773888 5.985816 -4.428640
v 4.253953 6.550631 -4.415311
v 3.772729 6.021044 -4.422223
v 5.253710 6.586957 -4.392758
v 4.772181 6.056808 -4.404813
v -3.698803 5.249739 -4.406246
v -4.181527 4.720733 -4.403693
v -4.698374 5.214707 -4.400326
v -2.699838 5.284847 -4.412921
v -3.182338 4.755578 -4.408691
v -1.701116 5.319886 -4.424535
v -2.183403 4.790649 -4.417284
v -0.702458 5.354794 -4.433730
v -1.184588 4.825701 -4.429699
v 0.296212 5.389585 -4.434728
v -0.185730 4.860692 -4.435174
v 1.294887 5.424330 -4.429960
v 0.813148 4.895642 -4.432656
v 2.293675 5.459176 -4.428515
v 1.812063 4.930632 -4.430245
v 3.292438 5.494389 -4.426644
v 2.811055 4.965789 -4.429177
v 4.291522 5.530162 -4.414316
v 3.810143 5.001286 -4.421519
v 5.291344 5.566499 -4.392637
v 4.809722 5.037203 -4.404356
v -3.664099 4.229872 -4.407121
v -4.146965 3.702128 -4.404942
v -4.663846 4.195124 -4.401536
v -2.664826 4.264810 -4.412421
v -3.147493 3.736835 -4.408762
v -1.665753 4.299771 -4.423130
v -2.148217 3.771809 -4.416257
v -0.666745 4.334699 -4.433089
v -1.149047 3.806824 -4.428388
v 0.332286 4.369611 -4.435019
v -0.149842 3.841854 -4.434798
v 1.331320 4.404554 -4.430739
v 0.849387 3.876916 -4.433815
v 2.330439 4.439644 -4.429651
v 1.848634 3.912062 -4.430348
v 3.329512 4.475078 -4.426512
v 2.847934 3.947387 -4.429399
v 4.328816 4.510965 -4.413833
v 3.847286 3.983010 -4.421192
v 5.328683 4.547225 -4.391891
v 4.846987 4.018959 -4.403678
v -3.629588 3.211725 -4.407637
v -4.112503 2.685171 -4.406054
v -4.629502 3.177126 -4.402818
v -2.630023 3.246579 -4.411597
v -3.112761 2.719853 -4.408375
v -1.630611 3.281503 -4.421000
v -2.113163 2.754789 -4.414521
v -0.631272 3.316453 -4.431882
v -1.113665 2.789784 -4.426336
v 0.368101 3.351451 -4.435003
v -0.114142 2.824840 -4.433836
v 1.367479 3.386528 -4.432008
v 0.885407 2.859969 -4.434374
v 2.366912 3.421769 -4.430104
v 1.884965 2.895208 -4.430504
v 3.366298 3.457305 -4.426368
v 2.884561 2.930628 -4.429519
v 4.365829 3.493192 -4.413275
v 3.884175 2.966293 -4.420897
v 5.365737 3.529346 -4.390872
v 4.883999 3.002208 -4.402980
v -3.595105 2.195279 -4.407750
v -4.077949 1.669871 -4.407765
v -4.595177 2.160704 -4.404644
v -2.595273 2.230112 -4.410257
v -3.077966 1.704648 -4.408200
v -1.595557 2.265023 -4.418326
v -2.078083 1.739559 -4.412656
v -0.595926 2.299995 -4.430321
v -1.078311 1.774539 -4.424762
v 0.403745 2.335052 -4.435338
v -0.078529 1.809604 -4.434275
v 1.403431 2.370219 -4.433606
v 0.921293 1.844766 -4.436049
v 2.403151 2.405543 -4.430882
v 1.921122 1.880050 -4.432383
v 3.402840 2.441126 -4.426739
v 2.920986 1.915521 -4.431121
v 4.402597 2.476965 -4.413311
v 3.920847 1.951201 -4.422219
v 5.402530 2.512999 -4.389673
v 4.920774 1.987056 -4.403061
v -3.560499 1.180617 -4.409200
v -4.043139 0.656473 -4.411689
v -4.560701 1.145933 -4.408940
v -2.560446 1.215444 -4.409500
v -3.042980 0.691256 -4.408380
v -1.560491 1.250351 -4.417161
v -2.042900 0.726148 -4.411549
v -0.560641 1.285341 -4.431196
v -1.042962 0.761120 -4.425806
v 0.439275 1.320436 -4.437380
v -0.042996 0.796189 -4.436462
v 1.439214 1.355647 -4.436222
v 0.957021 0.831373 -4.439803
v 2.439178 1.391028 -4.434165
v 1.957054 0.866683 -4.435141
v 3.439150 1.426639 -4.429760
v 2.957129 0.902194 -4.435235
v 4.439116 1.462446 -4.415093
v 3.957209 0.937918 -4.425070
v 5.439065 1.498290 -4.389883
v 4.957224 0.973763 -4.404342
v -4.549006 8.531725 2.932320
v -4.037774 8.414177 2.995437
v -4.525750 8.332814 3.286750
v -5.036217 8.428053 2.999862
v -3.549984 8.531725 2.922469
v -3.037822 8.403056 2.989404
v -3.526458 8.315679 3.286750
v -2.549665 8.531725 2.915259
v -2.036690 8.396413 2.985310
v -2.526296 8.303996 3.286750
v -1.547758 8.531725 2.911236
v -1.034661 8.393298 2.985599
v -1.525023 8.297176 3.286750
v -0.545297 8.531725 2.910109
v -0.032520 8.392648 2.988048
v -0.522825 8.294274 3.286750
v 0.457163 8.531725 2.910621
v 0.969425 8.393345 2.990463
v 0.479051 8.293028 3.286750
v 1.459530 8.531725 2.911501
v 1.970975 8.394768 2.990419
v 1.480505 8.293530 3.286750
v 2.461494 8.531725 2.912570
v 2.971996 8.396467 2.990504
v 2.481147 8.293732 3.286750
v 3.462900 8.531725 2.914138
v 3.972750 8.398455 2.988839
v 3.481682 8.294245 3.286750
v 4.463890 8.531725 2.914735
v 4.973507 8.398888 2.989134
v 4.482367 8.294612 3.286750
v -4.013945 8.355474 3.436160
v -4.501326 8.608599 3.573894
v -5.012522 8.364840 3.436160
v -3.013792 8.347624 3.436160
v -3.501087 8.604153 3.573894
v -2.013167 8.341625 3.436160
v -2.500874 8.597874 3.573894
v -1.012007 8.337638 3.436160
v -1.500599 8.592602 3.573894
v -0.010047 8.334896 3.436160
v -0.499704 8.587864 3.573894
v 0.990796 8.332637 3.436160
v 0.500954 8.583763 3.573894
v 1.991237 8.330911 3.436160
v 1.501066 8.580306 3.573894
v 2.991369 8.328944 3.436160
v 2.500834 8.576174 3.573894
v 3.991445 8.327578 3.436160
v 3.500114 8.572296 3.573894
v 4.992138 8.325435 3.436160
v 4.500364 8.570368 3.573894
v -3.986085 8.835884 3.568375
v -4.482397 8.982602 3.083287
v -4.983276 8.841681 3.568375
v -2.986398 8.839151 3.568375
v -3.482648 8.973202 3.083287
v -1.986932 8.839882 3.568374
v -2.482880 8.972384 3.083287
v -0.988468 8.816151 3.568374
v -1.483190 8.971210 3.083287
v 0.010566 8.811636 3.568375
v -0.483758 8.969559 3.083287
v 1.010563 8.809123 3.568375
v 0.517972 8.969333 3.083288
v 2.009797 8.807283 3.568375
v 1.516357 8.969304 3.083288
v 3.007687 8.804942 3.568375
v 2.514130 8.969348 3.083288
v 4.007665 8.805655 3.568375
v 3.514139 8.971271 3.083288
v 5.007213 8.803967 3.568375
v 4.514379 8.967737 3.083288
v -3.978649 8.935038 2.608064
v -4.475480 8.985744 2.040141
v -4.980247 8.968027 2.608064
v -2.978321 8.945280 2.608064
v -3.474990 8.997364 2.051964
v -1.978498 8.960184 2.608064
v -2.475423 9.016975 2.067000
v -0.978976 8.974277 2.608064
v -1.476031 9.028801 2.081409
v 0.020675 8.977421 2.608064
v -0.476486 9.030642 2.093986
v 1.020260 8.979259 2.608064
v 0.523291 9.026798 2.104087
v 2.019943 8.981562 2.608065
v 1.523291 9.027973 2.117190
v 3.020073 8.984407 2.608065
v 2.523528 9.033695 2.132331
v 4.020410 8.994816 2.608065
v 3.523976 9.041674 2.147828
v 5.021175 9.000814 2.608065
v 4.524567 9.054651 2.164032
v -3.972918 9.269571 1.606268
v -4.472688 9.603486 1.156201
v -4.973237 9.249695 1.586587
v -2.972922 9.283569 1.615614
v -3.471190 9.600970 1.163018
v -1.973317 9.290518 1.626591
v -2.471353 9.606439 1.147235
v -0.973685 9.286804 1.636441
v -1.472504 9.600019 1.166723
v 0.026085 9.283089 1.646251
v -0.472824 9.596536 1.176630
v 1.026034 9.280340 1.657320
v 0.526937 9.592895 1.186714
v 2.026142 9.280987 1.670135
v 1.526936 9.589000 1.196984
v 3.026413 9.282669 1.683032
v 2.526938 9.585061 1.206002
v 4.026916 9.285816 1.695578
v 3.527267 9.581185 1.214200
v 5.027718 9.292904 1.706388
v 4.528149 9.577365 1.221271
v -3.971216 9.751446 0.661861
v -4.465208 9.838923 0.218951
v -4.970110 9.753239 0.648911
v -2.969239 9.751581 0.654061
v -3.465803 9.863215 0.229247
v -1.969614 9.750893 0.658752
v -2.466690 9.853412 0.227155
v -0.970022 9.749454 0.666946
v -1.467799 9.853105 0.233059
v 0.029418 9.748096 0.676116
v -0.469029 9.849159 0.243111
v 1.028881 9.746582 0.685598
v 0.529817 9.847292 0.254609
v 2.028714 9.746712 0.694914
v 1.528880 9.839980 0.265412
v 3.028712 9.747501 0.703502
v 2.528315 9.830408 0.276041
v 4.029303 9.748133 0.712012
v 3.528307 9.822478 0.285763
v 5.030072 9.753248 0.722087
v 4.529022 9.812716 0.295193
v -3.960664 9.919711 -0.250585
v -4.454647 10.115048 -0.752959
v -4.959245 9.892249 -0.251777
v -2.962389 9.933146 -0.249393
v -3.458237 10.168218 -0.737999
v -1.963841 9.928232 -0.249393
v -2.460650 10.168176 -0.740324
v -0.965456 9.921743 -0.248201
v -1.463140 10.158154 -0.735386
v 0.032871 9.920131 -0.247009
v -0.465494 10.156618 -0.724392
v 1.031299 9.911232 -0.247009
v 0.532174 10.143772 -0.714518
v 2.029963 9.897249 -0.244625
v 1.530115 10.124988 -0.705314
v 3.028838 9.882427 -0.244625
v 2.528431 10.103660 -0.696054
v 4.028372 9.868428 -0.244625
v 3.527300 10.084496 -0.686029
v 5.028595 9.847797 -0.244624
v 4.527553 10.057049 -0.679292
v -3.955934 10.376227 -1.273704
v -4.453822 10.552375 -1.813471
v -4.958015 10.366373 -1.249539
v -2.956870 10.382516 -1.289543
v -3.454209 10.552376 -1.813471
v -1.958640 10.379883 -1.282877
v -2.455175 10.552370 -1.813494
v -0.961473 10.373146 -1.266010
v -1.456887 10.552370 -1.813494
v 0.036170 10.367363 -1.251613
v -0.458298 10.552370 -1.813494
v 1.035030 10.364696 -1.245154
v 0.540009 10.552370 -1.813494
v 2.030949 10.355175 -1.221742
v 1.537236 10.552375 -1.813471
v 3.026124 10.340550 -1.185717
v 2.533081 10.552375 -1.813470
v 4.029367 10.342258 -1.191807
v 3.531407 10.552392 -1.813398
v 5.029757 10.343723 -1.166325
v 4.522113 10.552416 -1.813340
v -3.948721 10.561450 -2.189830
v -4.491904 10.638143 -2.657156
v -4.949811 10.561481 -2.189728
v -2.948931 10.561423 -2.189920
v -3.481741 10.637967 -2.657208
v -1.949379 10.561404 -2.189982
v -2.471577 10.637910 -2.657227
v -0.950135 10.561403 -2.189982
v -1.461461 10.637856 -2.657247
v 0.048818 10.561404 -2.189981
v -0.451493 10.637936 -2.657211
v 1.047262 10.561403 -2.189981
v 0.558272 10.638037 -2.657165
v 2.045264 10.561422 -2.189919
v 1.567779 10.638122 -2.657131
v 3.042722 10.561453 -2.189820
v 2.577138 10.638164 -2.657119
v 4.037565 10.561508 -2.189638
v 3.586660 10.638213 -2.657123
v 5.037064 10.561563 -2.189457
v 4.597079 10.638399 -2.657068
v -3.934282 10.863447 -3.148897
v -4.427452 11.133273 -3.663956
v -4.933702 10.862780 -3.147203
v -2.935225 10.862317 -3.149375
v -3.428744 11.133860 -3.662719
v -1.935896 10.862480 -3.149741
v -2.429991 11.135990 -3.661274
v -0.936467 10.864388 -3.150183
v -1.430984 11.138691 -3.659573
v 0.062902 10.867488 -3.150655
v -0.431839 11.143625 -3.657182
v 1.062170 10.869937 -3.151466
v 0.567513 11.148418 -3.654383
v 2.061308 10.871449 -3.152812
v 1.567080 11.151666 -3.651268
v 3.059865 10.871241 -3.154568
v 2.566544 11.153364 -3.648263
v 4.058675 10.870671 -3.157027
v 3.565924 11.151688 -3.645253
v 5.058867 10.874574 -3.157722
v 4.565742 11.153219 -3.641322
v -3.920345 11.273883 -4.143188
v -4.403777 11.005215 -4.312028
v -4.918860 11.271265 -4.143840
v -2.921571 11.275763 -4.141932
v -3.405259 11.008135 -4.313617
v -1.922754 11.277025 -4.139941
v -2.406566 11.010604 -4.313617
v -0.923872 11.279289 -4.137141
v -1.407667 11.013218 -4.313618
v 0.075442 11.282229 -4.133855
v -0.408748 11.016138 -4.313617
v 1.075491 11.284648 -4.130571
v 0.590261 11.019017 -4.313617
v 2.075585 11.286536 -4.127138
v 1.589132 11.021694 -4.313617
v 3.074791 11.287898 -4.123721
v 2.588023 11.024345 -4.312028
v 4.076844 11.288089 -4.120447
v 3.591095 11.026367 -4.312028
v 5.075050 11.290950 -4.116028
v 4.591578 11.028242 -4.312028
v -4.537140 8.420937 2.997813
v -3.537974 8.408087 2.992654
v -2.537673 8.399163 2.986695
v -1.535996 8.394484 2.984905
v -0.533815 8.392791 2.986459
v 0.468252 8.392834 2.989708
v 1.470125 8.394038 2.990602
v 2.471433 8.395589 2.990229
v 3.472373 8.397599 2.989508
v 4.473118 8.399026 2.988814
v -4.513664 8.359939 3.436160
v -3.513874 8.351330 3.436160
v -2.513648 8.344518 3.436160
v -1.512922 8.339422 3.436160
v -0.511045 8.336298 3.436160
v 0.490298 8.333742 3.436160
v 1.491035 8.332004 3.436160
v 2.491348 8.329903 3.436160
v 3.491345 8.328138 3.436160
v 4.491759 8.327067 3.436160
v -4.485400 8.824145 3.568374
v -3.485910 8.836970 3.568375
v -2.486169 8.838941 3.568375
v -1.486903 8.837367 3.568375
v -0.488935 8.828503 3.568375
v 0.510047 8.825779 3.568375
v 1.510273 8.807539 3.568375
v 2.507521 8.820765 3.568374
v 3.507709 8.807037 3.568375
v 4.507279 8.803828 3.568375
v -4.480159 8.946682 2.608064
v -3.478405 8.939135 2.608064
v -2.478346 8.952576 2.608064
v -1.478716 8.968296 2.608064
v -0.478883 8.977674 2.608064
v 0.520462 8.977970 2.608064
v 1.520107 8.981424 2.608065
v 2.519986 8.983015 2.608065
v 3.520213 8.989410 2.608065
v 4.520694 9.001987 2.608065
v -4.473224 9.266113 1.600343
v -3.472799 9.274111 1.610472
v -2.473140 9.292170 1.622412
v -1.473502 9.289330 1.631179
v -0.473814 9.286963 1.641612
v 0.526046 9.282858 1.651563
v 1.526071 9.281353 1.663346
v 2.526253 9.283072 1.676524
v 3.526628 9.285154 1.689209
v 4.527282 9.288895 1.701078
v -4.469676 9.752846 0.652089
v -3.473170 9.749855 0.665456
v -2.469465 9.751518 0.655152
v -1.469892 9.750198 0.662470
v -0.470275 9.749083 0.670628
v 0.529131 9.747486 0.680189
v 1.528803 9.746899 0.689721
v 2.528689 9.747171 0.698631
v 3.529004 9.747705 0.707385
v 4.530280 9.748898 0.717500
v -4.458968 9.900448 -0.250586
v -3.461746 9.934360 -0.249393
v -2.463096 9.930137 -0.249393
v -1.464609 9.925561 -0.249393
v -0.466288 9.922510 -0.248201
v 0.532083 9.917135 -0.247009
v 1.530643 9.905457 -0.245817
v 2.529433 9.892131 -0.244625
v 3.528494 9.875068 -0.244624
v 4.528385 9.858483 -0.243433
v -4.456778 10.369239 -1.256143
v -3.458785 10.376424 -1.274167
v -2.457752 10.382095 -1.288450
v -1.460526 10.376073 -1.273335
v -0.462120 10.373461 -1.266825
v 0.534923 10.365355 -1.246708
v 1.532113 10.358215 -1.229046
v 2.531219 10.354109 -1.219392
v 3.528665 10.345782 -1.199199
v 4.529479 10.339114 -1.179668
v -4.448441 10.561481 -2.189728
v -3.448804 10.561422 -2.189920
v -2.449101 10.561413 -2.189954
v -1.449687 10.561404 -2.189982
v -0.450581 10.561404 -2.189982
v 0.548157 10.561404 -2.189981
v 1.546354 10.561413 -2.189954
v 2.544084 10.561423 -2.189919
v 3.541605 10.561481 -2.189727
v 4.540543 10.561520 -2.189602
v -4.433257 10.864603 -3.148579
v -3.434774 10.862756 -3.149096
v -2.435564 10.862364 -3.149375
v -1.436150 10.863454 -3.149741
v -0.436730 10.866138 -3.150127
v 0.562596 10.869132 -3.150629
v 1.561815 10.871177 -3.151900
v 2.560702 10.872207 -3.153339
v 3.559220 10.870808 -3.155701
v 4.558653 10.872445 -3.157799
v -4.418279 11.271133 -4.144369
v -3.420946 11.274763 -4.142701
v -2.421991 11.276236 -4.140921
v -1.423329 11.277886 -4.138558
v -0.424219 11.280725 -4.135396
v 0.575439 11.283449 -4.132047
v 1.575595 11.285522 -4.128834
v 2.575348 11.287350 -4.125133
v 3.577201 11.287345 -4.122427
v 4.576748 11.289180 -4.118628
v -4.382110 10.357132 -4.398705
v -3.384005 10.392853 -4.405474
v -2.385396 10.427488 -4.421808
v -1.386499 10.461790 -4.432787
v -0.387563 10.496422 -4.432210
v 0.611206 10.531080 -4.427227
v 1.609975 10.564808 -4.422869
v 2.608976 10.596752 -4.420357
v 3.608217 10.627756 -4.424979
v 4.608052 10.654793 -4.408690
v -4.342628 9.327263 -4.399779
v -3.344623 9.364195 -4.407194
v -2.346443 9.399502 -4.421672
v -1.348208 9.434464 -4.432061
v -0.349967 9.469036 -4.433946
v 0.648148 9.503271 -4.429898
v 1.646160 9.536884 -4.426474
v 2.644140 9.569824 -4.424944
v 3.642346 9.601521 -4.427302
v 4.641438 9.632797 -4.406193
v -4.304905 8.300209 -4.400119
v -3.306832 8.336836 -4.407744
v -2.308755 8.372507 -4.420736
v -1.310757 8.407570 -4.431389
v -0.312776 8.442257 -4.434268
v 0.685124 8.476490 -4.430345
v 1.683003 8.510340 -4.427976
v 2.680960 8.543766 -4.425849
v 3.679155 8.576967 -4.426057
v 4.678247 8.610538 -4.405949
v -4.268524 7.275360 -4.400839
v -3.270222 7.311427 -4.408134
v -2.271999 7.346976 -4.419776
v -1.273926 7.382114 -4.431087
v -0.275868 7.416855 -4.434659
v 0.722151 7.451280 -4.430694
v 1.720219 7.485440 -4.428895
v 2.718397 7.519537 -4.427006
v 3.716760 7.553846 -4.424153
v 4.715953 7.588586 -4.405519
v -4.233057 6.252405 -4.401927
v -3.234452 6.287971 -4.408473
v -2.235950 6.323295 -4.418666
v -1.237623 6.358387 -4.430562
v -0.239303 6.393225 -4.434963
v 0.759006 6.427846 -4.431257
v 1.757380 6.462379 -4.429331
v 2.755852 6.497034 -4.428041
v 3.754442 6.532007 -4.422592
v 4.753759 6.567320 -4.404786
v -4.198173 5.231204 -4.403112
v -3.199248 5.266391 -4.408782
v -2.200417 5.301515 -4.417794
v -1.201757 5.336548 -4.429929
v -0.203095 5.371457 -4.435032
v 0.795568 5.406274 -4.432023
v 1.794287 5.441111 -4.429946
v 2.793077 5.476143 -4.428756
v 3.791924 5.511492 -4.421626
v 4.791380 5.547070 -4.404472
v -4.163647 4.211682 -4.404353
v -3.164405 4.246619 -4.408980
v -2.165242 4.281614 -4.416921
v -1.166228 4.316605 -4.428917
v -0.167208 4.351572 -4.434822
v 0.831820 4.386538 -4.433134
v 1.830885 4.421588 -4.430318
v 2.829996 4.456847 -4.429159
v 3.829122 4.492386 -4.421161
v 4.828714 4.528075 -4.403940
v -4.129307 3.193814 -4.405524
v -3.129764 3.228620 -4.408855
v -2.130282 3.263551 -4.415625
v -1.130929 3.298522 -4.427223
v -0.131571 3.333532 -4.434065
v 0.867803 3.368601 -4.433768
v 1.867198 3.403781 -4.430184
v 2.866623 3.439167 -4.429228
v 3.866035 3.474784 -4.420828
v 4.865764 3.510507 -4.403214
v -4.094985 2.177596 -4.406625
v -3.095162 2.212368 -4.408362
v -2.095391 2.247275 -4.413631
v -1.095736 2.282241 -4.424995
v -0.096083 2.317279 -4.433342
v 0.903594 2.352408 -4.434341
v 1.903289 2.387664 -4.430974
v 2.903008 2.423115 -4.429810
v 3.902705 2.458763 -4.421173
v 4.902561 2.494487 -4.402704
v -4.060517 1.163163 -4.409165
v -3.060459 1.197922 -4.409027
v -2.060448 1.232815 -4.411798
v -1.060568 1.267780 -4.424685
v -0.060683 1.302832 -4.434614
v 0.939245 1.337995 -4.437696
v 1.939189 1.373284 -4.433541
v 2.939167 1.408775 -4.433107
v 3.939133 1.444445 -4.423648
v 4.939105 1.480186 -4.403776
v -5.047774 8.552221 2.972011
v -4.548608 8.552096 2.966741
v -4.536584 8.452384 3.022526
v -5.035697 8.457443 3.022821
v -4.049306 8.551818 2.961763
v -4.037241 8.445473 3.020343
v -4.025775 8.363712 3.288583
v -4.525145 8.372744 3.289047
v -5.024074 8.380627 3.289201
v -3.549619 8.551462 2.957258
v -3.537496 8.439213 3.017772
v -3.049681 8.551066 2.953619
v -3.037421 8.434011 3.014734
v -3.026013 8.349189 3.287838
v -3.525959 8.355651 3.288164
v -2.549428 8.550774 2.950431
v -2.537370 8.429989 3.012183
v -2.048584 8.550657 2.948011
v -2.036488 8.427171 3.010882
v -2.025234 8.339988 3.287511
v -2.525973 8.343986 3.287620
v -1.547693 8.550685 2.946457
v -1.535882 8.425220 3.010503
v -1.046463 8.550815 2.945589
v -1.034615 8.424053 3.011175
v -1.023485 8.335293 3.287525
v -1.524859 8.337170 3.287487
v -0.545328 8.551015 2.945150
v -0.533815 8.423579 3.011994
v -0.044064 8.551262 2.945020
v -0.032554 8.423488 3.013521
v -0.021510 8.333455 3.287751
v -0.522763 8.334265 3.287616
v 0.457097 8.551480 2.945402
v 0.468205 8.423716 3.015130
v 0.958397 8.551601 2.945817
v 0.969382 8.424241 3.015869
v 0.979916 8.333118 3.288090
v 0.479065 8.333011 3.287916
v 1.459504 8.551636 2.946193
v 1.470092 8.424926 3.016018
v 1.960588 8.551609 2.946587
v 1.970944 8.425623 3.015874
v 1.980851 8.333550 3.288431
v 1.480499 8.333502 3.288258
v 2.461449 8.551558 2.947306
v 2.471390 8.426396 3.015742
v 2.962288 8.551480 2.948206
v 2.971955 8.427226 3.016075
v 2.981407 8.333677 3.288794
v 2.481147 8.333689 3.288613
v 3.462892 8.551347 2.948995
v 3.472345 8.428282 3.015171
v 3.963467 8.551243 2.949398
v 3.972728 8.429085 3.014565
v 3.981969 8.334476 3.289101
v 3.481665 8.334184 3.288964
v 4.463871 8.551216 2.949665
v 4.473114 8.429624 3.014578
v 4.964264 8.551214 2.949974
v 4.973521 8.427495 3.013247
v 4.982831 8.331800 3.289175
v 4.482406 8.334536 3.289215
v -4.513292 8.391368 3.411420
v -5.012177 8.392725 3.414569
v -4.013603 8.386520 3.410941
v -4.001363 8.615649 3.534799
v -4.501264 8.617141 3.534817
v -4.999001 8.620799 3.535639
v -3.513571 8.382043 3.410536
v -3.013535 8.378095 3.410247
v -3.001067 8.609808 3.534784
v -3.501031 8.612571 3.534790
v -2.513431 8.374825 3.410055
v -2.012995 8.371840 3.409948
v -2.000878 8.603560 3.534784
v -2.500823 8.606267 3.534785
v -1.512789 8.369596 3.409900
v -1.011909 8.367817 3.409907
v -1.000633 8.598465 3.534792
v -1.500559 8.601005 3.534787
v -0.510964 8.366515 3.409951
v -0.009977 8.365176 3.410023
v 0.000873 8.594078 3.534803
v -0.499674 8.596316 3.534797
v 0.490354 8.364105 3.410120
v 0.990832 8.363105 3.410243
v 1.000916 8.589932 3.534816
v 0.500981 8.592261 3.534807
v 1.491072 8.362573 3.410363
v 1.991286 8.361590 3.410495
v 2.001026 8.586575 3.534826
v 1.501088 8.588859 3.534819
v 2.491393 8.360689 3.410623
v 2.991409 8.359838 3.410753
v 3.000375 8.583027 3.534837
v 2.500858 8.584779 3.534831
v 3.491372 8.359142 3.410886
v 3.991466 8.358665 3.410990
v 4.000126 8.579939 3.534848
v 3.500133 8.580967 3.534845
v 4.491818 8.358203 3.411049
v 4.992221 8.353289 3.413742
v 5.000740 8.577211 3.535701
v 4.500385 8.579058 3.534849
v -4.485826 8.800879 3.535841
v -4.983969 8.822874 3.542230
v -3.986089 8.811796 3.536441
v -3.982789 8.947205 3.083287
v -4.483405 8.955472 3.083287
v -4.983387 8.969422 3.083287
v -3.485904 8.812728 3.536558
v -2.986393 8.814792 3.536648
v -2.982650 8.945434 3.083287
v -3.482567 8.946006 3.083287
v -2.486176 8.814567 3.536659
v -1.986967 8.815445 3.536707
v -1.982898 8.944611 3.083287
v -2.482746 8.945221 3.083287
v -1.487203 8.812976 3.536674
v -0.988585 8.792538 3.536088
v -0.983473 8.942854 3.083287
v -1.483303 8.944133 3.083287
v -0.488977 8.804377 3.536470
v 0.010546 8.788182 3.535972
v 0.024194 8.942415 3.083287
v -0.483760 8.942585 3.083288
v 0.509999 8.801750 3.536396
v 1.010352 8.785709 3.535944
v 1.016968 8.942415 3.083287
v 0.517947 8.942392 3.083287
v 1.510290 8.784184 3.535901
v 2.009972 8.783996 3.535853
v 2.015652 8.942290 3.083288
v 1.516411 8.942440 3.083288
v 2.507513 8.796982 3.536213
v 3.007566 8.781804 3.535746
v 3.014105 8.942620 3.083288
v 2.514167 8.942478 3.083287
v 3.507756 8.783851 3.535780
v 4.007596 8.782525 3.535741
v 4.014250 8.943421 3.083288
v 3.514314 8.944492 3.083288
v 4.507204 8.780700 3.535740
v 5.007170 8.785214 3.541996
v 5.014962 8.939460 3.083288
v 4.514341 8.941060 3.083288
v -4.481060 8.906707 2.608064
v -4.981457 8.928081 2.608064
v -3.978803 8.895075 2.608064
v -3.974753 8.953163 2.033591
v -4.475338 8.947730 2.027695
v -4.975831 8.947075 2.024311
v -3.478027 8.899195 2.608064
v -2.977834 8.905363 2.608064
v -2.974318 8.970383 2.045964
v -3.474292 8.959641 2.038682
v -2.477838 8.912685 2.608064
v -1.978040 8.920318 2.608064
v -1.975250 8.988511 2.061868
v -2.474685 8.979256 2.053708
v -1.478371 8.928446 2.608064
v -0.978753 8.934436 2.608064
v -0.976040 8.992653 2.076533
v -1.475679 8.990870 2.068718
v -0.478816 8.937835 2.608064
v 0.020672 8.937577 2.608064
v 0.023378 8.990319 2.087369
v -0.476404 8.992554 2.081766
v 0.520516 8.938125 2.608064
v 1.020378 8.939417 2.608064
v 1.023442 8.989283 2.099480
v 0.523405 8.988649 2.092059
v 1.520229 8.941586 2.608065
v 2.020079 8.941733 2.608065
v 2.023678 8.992314 2.113566
v 1.523539 8.989775 2.105325
v 2.520164 8.943200 2.608065
v 3.020356 8.944608 2.608065
v 3.024117 8.999450 2.129170
v 2.523878 8.995485 2.120504
v 3.520599 8.949630 2.608065
v 4.020800 8.955070 2.608065
v 4.024793 9.010542 2.145714
v 3.524495 9.003410 2.136181
v 4.520899 8.962285 2.608065
v 5.021198 8.961140 2.608065
v 5.025314 9.020565 2.158806
v 4.525011 9.016310 2.152644
v -4.472546 9.232870 1.578107
v -4.972302 9.216553 1.564273
v -3.972494 9.236176 1.584257
v -3.972188 9.566622 1.141472
v -4.472368 9.567905 1.137929
v -4.972455 9.568687 1.136704
v -3.472263 9.240507 1.588781
v -2.972282 9.249686 1.594366
v -2.970018 9.568169 1.136695
v -3.471056 9.565116 1.145285
v -2.472651 9.258018 1.601592
v -1.973055 9.256191 1.606058
v -1.972104 9.565446 1.145117
v -2.471208 9.570165 1.130376
v -1.473334 9.254897 1.610822
v -0.973520 9.252300 1.616207
v -0.972587 9.561745 1.155710
v -1.472450 9.563766 1.149819
v -0.473729 9.252421 1.621441
v 0.026151 9.248539 1.626093
v 0.027001 9.558540 1.164534
v -0.472771 9.560300 1.159690
v 0.526183 9.248295 1.631429
v 1.026221 9.245733 1.637263
v 1.027190 9.554310 1.176073
v 0.527009 9.556686 1.169715
v 1.526319 9.246675 1.643412
v 2.026438 9.246209 1.650375
v 2.026896 9.550566 1.185264
v 1.527050 9.552781 1.180009
v 2.526555 9.248174 1.656978
v 3.026722 9.247640 1.663722
v 3.027186 9.546543 1.194189
v 2.527056 9.548787 1.189143
v 3.526982 9.249977 1.670172
v 4.027284 9.250467 1.676861
v 4.028083 9.542510 1.202459
v 3.527388 9.544847 1.197481
v 4.527642 9.253386 1.682666
v 5.028069 9.257326 1.688112
v 5.028912 9.539116 1.207571
v 4.528326 9.540960 1.204698
v -4.469475 9.714550 0.640541
v -4.970045 9.714925 0.637523
v -3.970935 9.713281 0.649888
v -3.964857 9.811965 0.217842
v -4.464615 9.799675 0.211254
v -4.964858 9.798917 0.206189
v -3.473133 9.711797 0.653145
v -2.969371 9.713513 0.641780
v -2.966457 9.820041 0.218692
v -3.465528 9.824197 0.220446
v -2.469494 9.713405 0.643013
v -1.969579 9.712770 0.646644
v -1.967253 9.814514 0.221217
v -2.466829 9.814404 0.218305
v -1.469862 9.712083 0.650337
v -0.970004 9.711341 0.654807
v -0.968467 9.812880 0.229927
v -1.467846 9.814051 0.224412
v -0.470246 9.710968 0.658493
v 0.029459 9.709990 0.663956
v 0.030342 9.809699 0.241103
v -0.469046 9.810079 0.234584
v 0.529167 9.709389 0.668000
v 1.028885 9.708478 0.673429
v 1.029112 9.807068 0.253335
v 0.529740 9.808172 0.246264
v 1.528784 9.708762 0.677654
v 2.028701 9.708537 0.682967
v 2.028280 9.796502 0.264053
v 1.528605 9.800768 0.257519
v 2.528671 9.708958 0.686809
v 3.028712 9.709255 0.691787
v 3.027960 9.786020 0.274132
v 2.528027 9.791083 0.268726
v 3.529009 9.709435 0.695750
v 4.029299 9.709833 0.700472
v 4.028225 9.778514 0.285071
v 3.528081 9.783036 0.279109
v 4.530212 9.710524 0.706212
v 5.029946 9.714977 0.711043
v 5.028267 9.756434 0.289645
v 4.528463 9.773152 0.289324
v -4.457527 9.861853 -0.260995
v -4.958125 9.853816 -0.261559
v -3.959192 9.881366 -0.261875
v -3.955472 10.113798 -0.757807
v -4.452924 10.078868 -0.769930
v -4.951079 10.043833 -0.785031
v -3.461198 9.896118 -0.261110
v -2.962582 9.894961 -0.261305
v -2.959490 10.134830 -0.755733
v -3.457720 10.131593 -0.754071
v -2.463280 9.891978 -0.261390
v -1.963992 9.890053 -0.261323
v -1.962071 10.129067 -0.752723
v -2.460771 10.131535 -0.756369
v -1.464784 9.887341 -0.261195
v -0.965498 9.883515 -0.259976
v -0.964308 10.119559 -0.745422
v -1.463295 10.121600 -0.751630
v -0.466327 9.884305 -0.260049
v 0.032700 9.881903 -0.258782
v 0.033125 10.114067 -0.734179
v -0.465499 10.120129 -0.740779
v 0.531840 9.878869 -0.258657
v 1.030892 9.872926 -0.258520
v 1.030791 10.102101 -0.723903
v 0.531967 10.107381 -0.731120
v 1.530151 9.867107 -0.257181
v 2.029476 9.858854 -0.255831
v 2.028842 10.081751 -0.714467
v 1.529738 10.088781 -0.722314
v 2.528728 9.853652 -0.255530
v 3.028306 9.843861 -0.255224
v 3.027136 10.045310 -0.712225
v 2.527725 10.067678 -0.713514
v 3.528121 9.836486 -0.255174
v 4.027744 9.829818 -0.255058
v 4.026758 10.035564 -0.700203
v 3.527089 10.048768 -0.704015
v 4.527582 9.819837 -0.253719
v 5.027711 9.809720 -0.254783
v 5.029245 10.013392 -0.695698
v 4.527170 10.021645 -0.697904
v -4.456040 10.332973 -1.273000
v -4.957268 10.330733 -1.266891
v -3.955406 10.339415 -1.289341
v -3.953964 10.513686 -1.823633
v -4.453805 10.513694 -1.823658
v -4.961695 10.513776 -1.823651
v -3.458582 10.339355 -1.289199
v -2.956879 10.345349 -1.304331
v -2.954694 10.513672 -1.823620
v -3.454199 10.513683 -1.823613
v -2.457793 10.344951 -1.303290
v -1.958713 10.342787 -1.297840
v -1.956224 10.513675 -1.823627
v -2.455179 10.513671 -1.823615
v -1.460585 10.339042 -1.288457
v -0.961444 10.336142 -1.281198
v -0.957358 10.513682 -1.823656
v -1.456898 10.513679 -1.823644
v -0.462125 10.336443 -1.281979
v 0.036093 10.330412 -1.266930
v 0.040721 10.513690 -1.823686
v -0.458308 10.513685 -1.823667
v 0.534853 10.328466 -1.262171
v 1.034904 10.327875 -1.260784
v 1.038450 10.513697 -1.823713
v 0.540005 10.513693 -1.823700
v 1.531976 10.321542 -1.245015
v 2.030798 10.318629 -1.238002
v 2.036095 10.513714 -1.823730
v 1.537221 10.513708 -1.823712
v 2.530947 10.317729 -1.236018
v 3.026014 10.304493 -1.203032
v 3.032490 10.513726 -1.823782
v 2.533059 10.513719 -1.823754
v 3.528615 10.309703 -1.216469
v 4.029212 10.306309 -1.209345
v 4.030449 10.513749 -1.823728
v 3.531405 10.513747 -1.823724
v 4.529564 10.303376 -1.197635
v 5.030041 10.308487 -1.184286
v 5.021227 10.513813 -1.823492
v 4.522210 10.513756 -1.823606
v -4.448442 10.521812 -2.194866
v -4.949812 10.521813 -2.194868
v -3.948725 10.521781 -2.194965
v -3.986850 10.599548 -2.667968
v -4.491906 10.599628 -2.667956
v -4.997098 10.600028 -2.667847
v -3.448806 10.521752 -2.195050
v -2.948932 10.521753 -2.195048
v -2.976686 10.599400 -2.667975
v -3.481757 10.599442 -2.667971
v -2.449102 10.521743 -2.195081
v -1.949380 10.521734 -2.195107
v -1.966531 10.599328 -2.667997
v -2.471578 10.599380 -2.667972
v -1.449687 10.521734 -2.195107
v -0.950134 10.521733 -2.195109
v -0.956476 10.599381 -2.668028
v -1.461445 10.599334 -2.668016
v -0.450580 10.521734 -2.195111
v 0.048819 10.521735 -2.195113
v 0.053393 10.599498 -2.668066
v -0.451464 10.599432 -2.668049
v 0.548158 10.521735 -2.195115
v 1.047263 10.521734 -2.195117
v 1.063005 10.599562 -2.668105
v 0.558292 10.599555 -2.668080
v 1.546356 10.521744 -2.195091
v 2.045264 10.521754 -2.195058
v 2.072426 10.599671 -2.668096
v 1.567789 10.599651 -2.668089
v 2.544085 10.521755 -2.195059
v 3.042724 10.521785 -2.194962
v 3.081743 10.599711 -2.668061
v 2.577130 10.599695 -2.668080
v 3.541608 10.521813 -2.194870
v 4.037569 10.521840 -2.194783
v 4.091648 10.599818 -2.668006
v 3.586648 10.599729 -2.668029
v 4.540547 10.521852 -2.194752
v 5.037070 10.521896 -2.194610
v 5.102801 10.600492 -2.667865
v 4.597119 10.599922 -2.668001
v -4.433259 10.828063 -3.164852
v -4.933651 10.826238 -3.163471
v -3.934311 10.826913 -3.165182
v -3.928028 11.095459 -3.677912
v -4.427426 11.095908 -3.678233
v -4.926989 11.096328 -3.679932
v -3.434773 10.826236 -3.165416
v -2.935209 10.825817 -3.165738
v -2.929351 11.097721 -3.676301
v -3.428681 11.096557 -3.677157
v -2.435541 10.825882 -3.165778
v -1.935848 10.826018 -3.166188
v -1.930432 11.099727 -3.674931
v -2.429925 11.098718 -3.675793
v -1.436076 10.827019 -3.166247
v -0.936365 10.827986 -3.166764
v -0.931271 11.103557 -3.672865
v -1.430852 11.101438 -3.674138
v -0.436619 10.829776 -3.166794
v 0.063009 10.831165 -3.167407
v 0.067950 11.108685 -3.670168
v -0.431659 11.106385 -3.671782
v 0.562684 10.832846 -3.167461
v 1.062240 10.833684 -3.168370
v 1.067382 11.112800 -3.667214
v 0.567663 11.111191 -3.669015
v 1.561869 10.834952 -3.168865
v 2.061343 10.835248 -3.169828
v 2.066899 11.115347 -3.664103
v 1.567186 11.114460 -3.665957
v 2.560701 10.836023 -3.170391
v 3.059819 10.835065 -3.171635
v 3.066136 11.115730 -3.661287
v 2.566585 11.116199 -3.663051
v 3.559189 10.834632 -3.172769
v 4.058719 10.834508 -3.174121
v 4.065839 11.114213 -3.658414
v 3.565913 11.114573 -3.660170
v 4.558802 10.836324 -3.174980
v 5.059060 10.838494 -3.174961
v 5.065997 11.121377 -3.653953
v 4.565978 11.116138 -3.656321
v -4.418212 11.233062 -4.132100
v -4.918839 11.240196 -4.133824
v -3.920237 11.235761 -4.131075
v -3.904338 10.991511 -4.275075
v -4.403640 10.990091 -4.274998
v -4.902778 10.989264 -4.276185
v -3.420850 11.236616 -4.130669
v -2.921504 11.237594 -4.129969
v -2.905661 10.993538 -4.276920
v -3.405026 10.992574 -4.276769
v -2.421932 11.238048 -4.129016
v -1.922679 11.238820 -4.128094
v -1.906955 10.995246 -4.277262
v -2.406326 10.994298 -4.277092
v -1.423229 11.239662 -4.126772
v -0.923748 11.241051 -4.125402
v -0.908132 10.997535 -4.277507
v -1.407527 10.996235 -4.277402
v -0.424090 11.242472 -4.123707
v 0.075563 11.243963 -4.122207
v 0.090757 11.000201 -4.277644
v -0.408689 10.998775 -4.277582
v 0.575545 11.245165 -4.120458
v 1.075581 11.246347 -4.119037
v 1.089742 11.002735 -4.277772
v 0.590311 11.001402 -4.277704
v 1.575672 11.247198 -4.117380
v 2.075636 11.248188 -4.115761
v 2.088392 11.005103 -4.277920
v 1.589174 11.003806 -4.277840
v 2.575372 11.248975 -4.113848
v 3.074784 11.249492 -4.112543
v 3.090917 11.006889 -4.276618
v 2.588107 11.006058 -4.276453
v 3.577209 11.248899 -4.111389
v 4.076906 11.249599 -4.109563
v 4.091368 11.008520 -4.278379
v 3.591172 11.007483 -4.276767
v 4.576875 11.250685 -4.107759
v 5.075209 11.258623 -4.106896
v 5.088473 11.011961 -4.277457
v 4.591096 11.009818 -4.276527
v -4.381906 10.354439 -4.358796
v -4.882061 10.338094 -4.355254
v -3.883043 10.374499 -4.360260
v -3.863958 9.860863 -4.361986
v -4.363191 9.841265 -4.359928
v -4.862621 9.825379 -4.357166
v -3.383559 10.389821 -4.365592
v -2.884230 10.408217 -4.372938
v -2.865375 9.896133 -4.373937
v -3.364588 9.877643 -4.366988
v -2.384856 10.423833 -4.381979
v -1.885624 10.441861 -4.389081
v -1.867287 9.931145 -4.388931
v -2.366241 9.912586 -4.382584
v -1.386269 10.457563 -4.393012
v -0.886992 10.476246 -4.393957
v -0.869210 9.965681 -4.394310
v -1.368225 9.947130 -4.393206
v -0.387579 10.491893 -4.392467
v 0.111721 10.510889 -4.390109
v 0.129023 10.000076 -4.391700
v -0.370067 9.981558 -4.394144
v 0.611164 10.526421 -4.387499
v 1.110474 10.545014 -4.385701
v 1.127430 10.034155 -4.387544
v 0.628278 10.015892 -4.389721
v 1.609933 10.560014 -4.383157
v 2.109423 10.577319 -4.381234
v 2.125936 10.067110 -4.383706
v 1.626666 10.049600 -4.385831
v 2.609141 10.591647 -4.380684
v 3.108706 10.608237 -4.384390
v 3.124655 10.099124 -4.386754
v 2.625388 10.082252 -4.384258
v 3.608231 10.622232 -4.385362
v 4.107599 10.637903 -4.381452
v 4.122886 10.129412 -4.383627
v 3.623863 10.113556 -4.387349
v 4.606594 10.650013 -4.369003
v 5.104659 10.664575 -4.329539
v 5.120221 10.160293 -4.336913
v 4.621543 10.143394 -4.366885
v -4.342395 9.327270 -4.359780
v -4.842567 9.310579 -4.356433
v -3.843537 9.347828 -4.362455
v -3.825346 8.832416 -4.363021
v -4.324532 8.812775 -4.359764
v -4.824018 8.797190 -4.356637
v -3.344169 9.364196 -4.367197
v -2.844997 9.383499 -4.373807
v -2.827020 8.868504 -4.373732
v -3.326094 8.849211 -4.367398
v -2.345870 9.399566 -4.381677
v -1.846975 9.418476 -4.388176
v -1.829183 8.903709 -4.387412
v -2.327994 8.884833 -4.381276
v -1.347973 9.434521 -4.392062
v -0.849059 9.453214 -4.394137
v -0.831461 8.938497 -4.393768
v -1.330282 8.919799 -4.391736
v -0.350044 9.469030 -4.393946
v 0.148891 9.487622 -4.392228
v 0.166320 8.972870 -4.392486
v -0.332536 8.954389 -4.394166
v 0.647989 9.503240 -4.389898
v 1.146976 9.521553 -4.388290
v 1.164347 9.006785 -4.388531
v 0.665358 8.988636 -4.390153
v 1.646020 9.536826 -4.386475
v 2.145060 9.554724 -4.384743
v 2.162416 9.040222 -4.385294
v 1.663369 9.022420 -4.387273
v 2.644244 9.569785 -4.384944
v 3.143210 9.586872 -4.387236
v 3.160689 9.072988 -4.387516
v 2.661652 9.055708 -4.385290
v 3.642143 9.601543 -4.387303
v 4.140958 9.618056 -4.382124
v 4.158601 9.105426 -4.380686
v 3.659664 9.088502 -4.386917
v 4.639830 9.632694 -4.366225
v 5.139063 9.650792 -4.342330
v 5.157185 9.140443 -4.345975
v 4.657714 9.121255 -4.366178
v -4.304644 8.300189 -4.360120
v -4.804853 8.283513 -4.357044
v -3.805735 8.320234 -4.363513
v -3.788165 7.806144 -4.364066
v -4.287401 7.786816 -4.360379
v -4.786978 7.771480 -4.357413
v -3.306424 8.336833 -4.367746
v -2.807295 8.356156 -4.373682
v -2.789802 7.842062 -4.373680
v -3.288900 7.822828 -4.367814
v -2.308218 8.372553 -4.380740
v -1.809378 8.391416 -4.387212
v -1.791882 7.877429 -4.386735
v -2.290729 7.858511 -4.380300
v -1.310488 8.407591 -4.391390
v -0.811691 8.426179 -4.393947
v -0.794197 7.912260 -4.393784
v -1.293002 7.893640 -4.391468
v -0.312812 8.442237 -4.394268
v 0.185984 8.460561 -4.393002
v 0.203519 7.946720 -4.393365
v -0.295296 7.928350 -4.394695
v 0.684954 8.476465 -4.390345
v 1.183921 8.494518 -4.388732
v 1.201594 7.980861 -4.388798
v 0.702527 7.962744 -4.390527
v 1.682889 8.510297 -4.387976
v 2.181875 8.528009 -4.385834
v 2.199698 8.014654 -4.386312
v 1.700638 7.996826 -4.388595
v 2.681027 8.543736 -4.385849
v 3.179947 8.561265 -4.387544
v 3.197956 8.048425 -4.387310
v 2.698936 8.030715 -4.386523
v 3.678833 8.577014 -4.386058
v 4.177756 8.594695 -4.379526
v 4.196049 8.082479 -4.378165
v 3.696967 8.064723 -4.385284
v 4.676999 8.610479 -4.365968
v 5.176624 8.629778 -4.348370
v 5.195138 8.118962 -4.350207
v 4.695436 8.099165 -4.365995
v -4.268261 7.275329 -4.360840
v -4.768490 7.258751 -4.357973
v -3.769223 7.294807 -4.364491
v -3.752051 6.781885 -4.365004
v -4.251390 6.762967 -4.361383
v -4.751061 6.747700 -4.358573
v -3.269859 7.311426 -4.368136
v -2.770657 7.330520 -4.373533
v -2.753479 6.817474 -4.373515
v -3.252690 6.798500 -4.368146
v -2.271483 7.347024 -4.379780
v -1.772550 7.365793 -4.386562
v -1.755262 6.852760 -4.386014
v -2.254259 6.834004 -4.379215
v -1.273628 7.382139 -4.391088
v -0.774790 7.400606 -4.394052
v -0.757387 6.887648 -4.393752
v -1.256294 6.869147 -4.391105
v -0.275873 7.416842 -4.394659
v 0.222951 7.435071 -4.393899
v 0.240505 6.922241 -4.393939
v -0.258400 6.903964 -4.395106
v 0.721955 7.451255 -4.390695
v 1.221061 7.469272 -4.388851
v 1.238810 6.956638 -4.388984
v 0.739598 6.938546 -4.391053
v 1.720135 7.485415 -4.388895
v 2.219216 7.503261 -4.386812
v 2.237168 6.990945 -4.387123
v 1.737989 6.972991 -4.389226
v 2.718415 7.519511 -4.387006
v 3.217367 7.537450 -4.387261
v 3.235506 7.025483 -4.386885
v 2.736449 7.007435 -4.387716
v 3.716357 7.553891 -4.384155
v 4.215451 7.572232 -4.377213
v 4.233879 7.060420 -4.376099
v 3.734639 7.042234 -4.383471
v 4.714919 7.588564 -4.365533
v 5.214710 7.608199 -4.351356
v 5.233285 7.097453 -4.352320
v 4.733439 7.077553 -4.365105
v -4.232805 6.252372 -4.361928
v -4.733035 6.235867 -4.359158
v -3.733610 6.271344 -4.365375
v -3.716654 5.759509 -4.365889
v -4.216112 5.740970 -4.362502
v -4.715868 5.725625 -4.359765
v -3.234135 6.287970 -4.368474
v -2.734801 6.306757 -4.373302
v -2.717798 5.794792 -4.373250
v -3.217165 5.776114 -4.368446
v -2.235457 6.323346 -4.378669
v -1.736346 6.341932 -4.385778
v -1.719190 5.829952 -4.385110
v -2.218391 5.811402 -4.378069
v -1.237297 6.358420 -4.390563
v -0.738323 6.376779 -4.393990
v -0.720998 5.864860 -4.393637
v -1.220061 5.846499 -4.390480
v -0.239287 6.393220 -4.394963
v 0.259674 6.411390 -4.394352
v 0.277198 5.899594 -4.394307
v -0.221870 5.881394 -4.395249
v 0.758807 6.427816 -4.391258
v 1.258069 6.445867 -4.389237
v 1.275797 5.934256 -4.389532
v 0.776434 5.916158 -4.391734
v 1.757313 6.462353 -4.389331
v 2.256553 6.480344 -4.387599
v 2.274477 5.968992 -4.387879
v 1.775143 5.950912 -4.389744
v 2.755824 6.497010 -4.388041
v 3.254851 6.515182 -4.386881
v 3.272980 6.004027 -4.386607
v 2.773838 5.985794 -4.388640
v 3.753981 6.532032 -4.382595
v 4.253237 6.550649 -4.375318
v 4.271639 6.039410 -4.374573
v 3.772248 6.021058 -4.382226
v 4.752852 6.567303 -4.364796
v 5.252733 6.586919 -4.352770
v 5.271165 6.076543 -4.352727
v 4.771302 6.056793 -4.364823
v -4.197933 5.231168 -4.363112
v -4.698152 5.214668 -4.360327
v -3.698580 5.249714 -4.366246
v -3.681720 4.738914 -4.366810
v -4.181293 4.720696 -4.363694
v -4.681127 4.705172 -4.360945
v -3.198981 5.266391 -4.368783
v -2.699476 5.284874 -4.372922
v -2.682544 4.773982 -4.372801
v -3.182099 4.755579 -4.368691
v -2.199957 5.301564 -4.377797
v -1.700626 5.319944 -4.384538
v -1.683536 4.809040 -4.383793
v -2.182961 4.790700 -4.377287
v -1.201395 5.336593 -4.389931
v -0.702254 5.354816 -4.393731
v -0.684972 4.843966 -4.393250
v -1.184209 4.825754 -4.389701
v -0.203054 5.371460 -4.395032
v 0.296092 5.389565 -4.394728
v 0.313588 4.878814 -4.394705
v -0.185671 4.860701 -4.395174
v 0.795383 5.406238 -4.392023
v 1.294802 5.424296 -4.389960
v 1.312476 4.913697 -4.390369
v 0.812972 4.895603 -4.392657
v 1.794230 5.441080 -4.389946
v 2.293631 5.459142 -4.388515
v 2.311498 4.948725 -4.389031
v 1.812012 4.930604 -4.390245
v 2.793001 5.476120 -4.388756
v 3.292154 5.494383 -4.386645
v 3.310236 4.984051 -4.386432
v 2.810953 4.965767 -4.389177
v 3.791432 5.511496 -4.381629
v 4.290833 5.530161 -4.374322
v 4.309149 5.019650 -4.373930
v 3.809643 5.001283 -4.381522
v 4.790512 5.547058 -4.364482
v 5.290387 5.566482 -4.352648
v 5.308714 5.056665 -4.352231
v 4.808852 5.037194 -4.364366
v -4.163422 4.211646 -4.364353
v -4.663621 4.195083 -4.361537
v -3.663917 4.229851 -4.367121
v -3.647067 3.720062 -4.367548
v -4.146752 3.702094 -4.364943
v -4.646654 3.686308 -4.362188
v -3.164192 4.246624 -4.368980
v -2.664507 4.264841 -4.372422
v -2.647569 3.755012 -4.372230
v -3.147307 3.736847 -4.368762
v -2.164820 4.281671 -4.376923
v -1.665270 4.299844 -4.383132
v -1.648172 3.790022 -4.382100
v -2.147821 3.771877 -4.376259
v -1.165834 4.316670 -4.388919
v -0.666510 4.334741 -4.393090
v -0.649217 3.824962 -4.392372
v -1.148636 3.806904 -4.388390
v -0.167132 4.351590 -4.394822
v 0.332217 4.369600 -4.395020
v 0.349713 3.859898 -4.394749
v -0.149745 3.841884 -4.394798
v 0.831657 4.386501 -4.393135
v 1.331206 4.404521 -4.390739
v 1.348851 3.894917 -4.391197
v 0.849244 3.876886 -4.393815
v 1.830837 4.421568 -4.390318
v 2.330396 4.439624 -4.389651
v 2.348232 3.930151 -4.389806
v 1.848576 3.912045 -4.390348
v 2.829872 4.456832 -4.389159
v 3.329193 4.475070 -4.386513
v 3.347238 3.965613 -4.386286
v 2.847795 3.947378 -4.389399
v 3.828615 4.492380 -4.381164
v 4.328125 4.510958 -4.373838
v 4.346368 4.001296 -4.373482
v 3.846772 3.983005 -4.381196
v 4.827837 4.528069 -4.363949
v 5.327713 4.547219 -4.351903
v 5.345972 4.038084 -4.351394
v 4.846102 4.018956 -4.363688
v -4.129114 3.193783 -4.365525
v -4.629288 3.177084 -4.362819
v -3.629460 3.211718 -4.367637
v -3.612530 2.702924 -4.367777
v -4.112338 2.685136 -4.366055
v -4.612303 2.669005 -4.363563
v -3.129604 3.228641 -4.368856
v -2.629753 3.246630 -4.371598
v -2.612728 2.737842 -4.371185
v -3.112630 2.719879 -4.368375
v -2.129915 3.263633 -4.375627
v -1.630143 3.281606 -4.381003
v -1.612955 2.772832 -4.379562
v -2.112824 2.754879 -4.374523
v -1.130500 3.298618 -4.387225
v -0.630998 3.316524 -4.391883
v -0.613623 2.807777 -4.390746
v -1.113216 2.789885 -4.386339
v -0.131447 3.333572 -4.394065
v 0.368090 3.351457 -4.395003
v 0.385635 2.842760 -4.394606
v -0.113985 2.824872 -4.393836
v 0.867687 3.368575 -4.393768
v 1.367335 3.386491 -4.392009
v 1.385024 2.877867 -4.392484
v 0.885318 2.859936 -4.394374
v 1.867124 3.403760 -4.390184
v 2.366874 3.421759 -4.390104
v 2.384715 2.913196 -4.390132
v 1.884873 2.895166 -4.390504
v 2.866474 3.439156 -4.389228
v 3.365962 3.457296 -4.386369
v 3.383998 2.948735 -4.386215
v 2.884405 2.930599 -4.389520
v 3.865514 3.474776 -4.380831
v 4.365123 3.493184 -4.373281
v 4.383327 2.984433 -4.373082
v 3.883648 2.966264 -4.380900
v 4.864865 3.510504 -4.363224
v 5.364741 3.529349 -4.350885
v 5.382941 3.020968 -4.350129
v 4.883080 3.002196 -4.362990
v -4.094860 2.177535 -4.366625
v -4.595015 2.160622 -4.364644
v -3.595042 2.195257 -4.367750
v -3.577925 1.687418 -4.368221
v -4.077873 1.669767 -4.367765
v -4.577915 1.653199 -4.366293
v -3.095061 2.212382 -4.368362
v -2.595063 2.230162 -4.370258
v -2.577856 1.722361 -4.370011
v -3.077902 1.704630 -4.368200
v -2.095077 2.247357 -4.373632
v -1.595094 2.265120 -4.378329
v -1.577700 1.757318 -4.377192
v -2.077785 1.739624 -4.372657
v -1.095259 2.282319 -4.384998
v -0.595590 2.300032 -4.390322
v -0.578057 1.792243 -4.390019
v -1.077795 1.774566 -4.384766
v -0.095890 2.317276 -4.393342
v 0.403790 2.335016 -4.395339
v 0.421453 1.827267 -4.395451
v -0.078306 1.809557 -4.394276
v 0.903532 2.352344 -4.394341
v 1.403291 2.370138 -4.393606
v 1.421055 1.862442 -4.394567
v 0.921250 1.844652 -4.396049
v 1.903188 2.387585 -4.390974
v 2.403108 2.405471 -4.390882
v 2.421013 1.897801 -4.391952
v 1.921026 1.879938 -4.392383
v 2.902847 2.423044 -4.389810
v 3.402495 2.441053 -4.386741
v 3.420550 1.933372 -4.387814
v 2.920822 1.915388 -4.391122
v 3.902168 2.458694 -4.381176
v 4.401859 2.476909 -4.373318
v 4.420034 1.969109 -4.373857
v 3.920291 1.951085 -4.382223
v 4.901617 2.494449 -4.362715
v 5.401482 2.512971 -4.349687
v 5.419658 2.005349 -4.349539
v 4.919803 1.986980 -4.363073
v -4.060508 1.163008 -4.369165
v -4.560666 1.145740 -4.368941
v -3.560528 1.180538 -4.369200
v -3.543121 0.673961 -4.370138
v -4.043169 0.656289 -4.371689
v -4.543275 0.639240 -4.372216
v -3.060452 1.197915 -4.369027
v -2.560315 1.215488 -4.369500
v -2.542818 0.708936 -4.368433
v -3.043009 0.691283 -4.368380
v -2.060138 1.232864 -4.371799
v -1.559971 1.250372 -4.377165
v -1.542367 0.743788 -4.377047
v -2.042576 0.726192 -4.371550
v -1.060014 1.267766 -4.384689
v -0.560239 1.285294 -4.391198
v -0.542574 0.778727 -4.391465
v -1.042392 0.761092 -4.385810
v -0.060426 1.302748 -4.394615
v 0.439392 1.320311 -4.397381
v 0.457136 0.813760 -4.399023
v -0.042718 0.796089 -4.396464
v 0.939194 1.337862 -4.397696
v 1.439051 1.355534 -4.396223
v 1.456854 0.849031 -4.396738
v 0.956957 0.831245 -4.399804
v 1.939122 1.373163 -4.393541
v 2.439164 1.390873 -4.394165
v 2.457081 0.884385 -4.396334
v 1.957009 0.866565 -4.395141
v 2.938994 1.408609 -4.393107
v 3.438775 1.426487 -4.389762
v 3.456780 0.920004 -4.391368
v 2.956948 0.902029 -4.395236
v 3.938551 1.444312 -4.383652
v 4.438324 1.462335 -4.375102
v 4.456418 0.955789 -4.376000
v 3.956613 0.937791 -4.385075
v 4.938097 1.480103 -4.363789
v 5.437947 1.498223 -4.349898
v 5.456024 0.991656 -4.349632
v 4.956195 0.973691 -4.364355
vt 0.317684 0.024414
vt 0.287151 0.026358
vt 0.331360 0.027801
vt 0.317933 0.027319
vt 0.273015 0.025155
vt 0.344772 0.028132
vt 0.344883 0.035691
vt 0.331443 0.035322
vt 0.318007 0.034786
vt 0.259080 0.024646
vt 0.358214 0.028396
vt 0.245284 0.024446
vt 0.371674 0.028646
vt 0.371795 0.036350
vt 0.358340 0.036021
vt 0.231557 0.024414
vt 0.385135 0.028922
vt 0.217850 0.024509
vt 0.398618 0.029247
vt 0.398712 0.037061
vt 0.385246 0.036697
vt 0.204161 0.024713
vt 0.412092 0.029631
vt 0.190481 0.025007
vt 0.425572 0.030069
vt 0.425647 0.037905
vt 0.412169 0.037463
vt 0.176816 0.025332
vt 0.439030 0.030474
vt 0.163144 0.025699
vt 0.452509 0.030894
vt 0.452587 0.038681
vt 0.439103 0.038284
vt 0.149471 0.026092
vt 0.465978 0.031290
vt 0.135788 0.026528
vt 0.479468 0.031692
vt 0.479534 0.039433
vt 0.466051 0.039033
vt 0.122116 0.026982
vt 0.492936 0.032067
vt 0.108435 0.027448
vt 0.506410 0.032403
vt 0.506471 0.040159
vt 0.493004 0.039814
vt 0.094728 0.027954
vt 0.519884 0.032724
vt 0.080976 0.028562
vt 0.533369 0.033092
vt 0.533422 0.040864
vt 0.519944 0.040481
vt 0.067153 0.029299
vt 0.546839 0.033426
vt 0.053183 0.030321
vt 0.560305 0.033758
vt 0.560370 0.041586
vt 0.546892 0.041230
vt 0.039016 0.032042
vt 0.573767 0.034066
vt 0.024414 0.037185
vt 0.025960 0.040694
vt 0.027481 0.048301
vt 0.573855 0.041913
vt 0.331640 0.038683
vt 0.318192 0.038180
vt 0.345100 0.039053
vt 0.345174 0.046074
vt 0.331685 0.045670
vt 0.318256 0.045117
vt 0.358570 0.039398
vt 0.372029 0.039744
vt 0.372128 0.046829
vt 0.358665 0.046453
vt 0.385482 0.040104
vt 0.398938 0.040473
vt 0.399026 0.047559
vt 0.385587 0.047189
vt 0.412387 0.040879
vt 0.425855 0.041333
vt 0.425925 0.048436
vt 0.412472 0.047958
vt 0.439318 0.041697
vt 0.452799 0.042097
vt 0.452878 0.049146
vt 0.439399 0.048735
vt 0.466256 0.042430
vt 0.479733 0.042831
vt 0.479797 0.049818
vt 0.466332 0.049415
vt 0.493196 0.043205
vt 0.506664 0.043540
vt 0.506740 0.050474
vt 0.493268 0.050176
vt 0.520131 0.043845
vt 0.533604 0.044232
vt 0.533654 0.051124
vt 0.520196 0.050723
vt 0.547067 0.044588
vt 0.560545 0.044940
vt 0.560601 0.051777
vt 0.547119 0.051434
vt 0.574039 0.045271
vt 0.028273 0.051774
vt 0.028758 0.058382
vt 0.574094 0.052118
vt 0.331900 0.050683
vt 0.318391 0.050541
vt 0.345410 0.051358
vt 0.345068 0.064095
vt 0.331565 0.063665
vt 0.318111 0.063423
vt 0.358892 0.051852
vt 0.372340 0.052354
vt 0.372023 0.065046
vt 0.358555 0.064566
vt 0.385796 0.052808
vt 0.399208 0.053266
vt 0.398936 0.065948
vt 0.385481 0.065508
vt 0.412618 0.053658
vt 0.426071 0.053714
vt 0.425840 0.066649
vt 0.412394 0.066332
vt 0.439508 0.054317
vt 0.452977 0.054413
vt 0.452979 0.067363
vt 0.439309 0.067038
vt 0.466404 0.055024
vt 0.479881 0.055114
vt 0.479729 0.068041
vt 0.466290 0.067740
vt 0.493366 0.055449
vt 0.506845 0.055807
vt 0.506622 0.068747
vt 0.493181 0.068380
vt 0.520214 0.056401
vt 0.533686 0.056499
vt 0.533524 0.069456
vt 0.520063 0.069142
vt 0.547174 0.056897
vt 0.560652 0.057240
vt 0.560465 0.070178
vt 0.546998 0.069823
vt 0.574142 0.057575
vt 0.029964 0.063698
vt 0.028786 0.075248
vt 0.573927 0.070546
vt 0.331316 0.076571
vt 0.317853 0.076231
vt 0.344817 0.076981
vt 0.344467 0.092533
vt 0.331004 0.092253
vt 0.317538 0.091954
vt 0.358286 0.077425
vt 0.371751 0.077885
vt 0.371396 0.093126
vt 0.357931 0.092840
vt 0.385218 0.078333
vt 0.398686 0.078757
vt 0.398345 0.093593
vt 0.384866 0.093372
vt 0.412156 0.079138
vt 0.425617 0.079486
vt 0.425310 0.093911
vt 0.411829 0.093771
vt 0.439091 0.079842
vt 0.452547 0.080174
vt 0.452261 0.094275
vt 0.438786 0.094107
vt 0.466017 0.080518
vt 0.479482 0.080846
vt 0.479206 0.094611
vt 0.465735 0.094472
vt 0.492940 0.081188
vt 0.506399 0.081546
vt 0.506142 0.094931
vt 0.492673 0.094790
vt 0.519872 0.081914
vt 0.533340 0.082259
vt 0.533090 0.095238
vt 0.519616 0.095108
vt 0.546809 0.082621
vt 0.560277 0.082992
vt 0.560038 0.095542
vt 0.546564 0.095409
vt 0.573738 0.083379
vt 0.027580 0.087565
vt 0.027016 0.099728
vt 0.573510 0.095740
vt 0.330723 0.106593
vt 0.317247 0.106309
vt 0.344193 0.106833
vt 0.343867 0.121711
vt 0.330392 0.121489
vt 0.316921 0.121208
vt 0.357667 0.107116
vt 0.371139 0.107433
vt 0.370867 0.122459
vt 0.357371 0.121916
vt 0.384611 0.107688
vt 0.398083 0.107849
vt 0.397773 0.122815
vt 0.384309 0.122930
vt 0.411562 0.108021
vt 0.425041 0.108165
vt 0.424723 0.123123
vt 0.411245 0.122983
vt 0.438516 0.108360
vt 0.451993 0.108518
vt 0.451672 0.123498
vt 0.438198 0.123321
vt 0.465471 0.108710
vt 0.478947 0.108847
vt 0.478636 0.123789
vt 0.465152 0.123664
vt 0.492421 0.109023
vt 0.505895 0.109153
vt 0.505580 0.124119
vt 0.492108 0.123977
vt 0.519369 0.109320
vt 0.532843 0.109442
vt 0.532534 0.124428
vt 0.519058 0.124294
vt 0.546319 0.109604
vt 0.559792 0.109732
vt 0.559497 0.124735
vt 0.546010 0.124607
vt 0.573266 0.109919
vt 0.027288 0.114204
vt 0.027824 0.129382
vt 0.572970 0.124938
vt 0.330143 0.135449
vt 0.316657 0.135196
vt 0.343580 0.135528
vt 0.343459 0.147471
vt 0.329983 0.147232
vt 0.316503 0.147010
vt 0.356996 0.135749
vt 0.370565 0.136363
vt 0.370367 0.148127
vt 0.356918 0.147800
vt 0.384039 0.136629
vt 0.397518 0.136829
vt 0.397311 0.148622
vt 0.383839 0.148401
vt 0.410992 0.137030
vt 0.424470 0.137214
vt 0.424242 0.148986
vt 0.410777 0.148835
vt 0.437944 0.137427
vt 0.451418 0.137591
vt 0.451178 0.149297
vt 0.437711 0.149160
vt 0.464891 0.137791
vt 0.478365 0.137949
vt 0.478112 0.149569
vt 0.464646 0.149460
vt 0.491842 0.138143
vt 0.505319 0.138299
vt 0.505056 0.149825
vt 0.491582 0.149726
vt 0.518796 0.138492
vt 0.532273 0.138649
vt 0.532010 0.150083
vt 0.518532 0.149967
vt 0.545755 0.138827
vt 0.559236 0.138984
vt 0.558970 0.150321
vt 0.545491 0.150219
vt 0.572733 0.139114
vt 0.027989 0.143613
vt 0.027770 0.155076
vt 0.572448 0.150460
vt 0.329826 0.160053
vt 0.316342 0.159668
vt 0.343263 0.160539
vt 0.343069 0.175301
vt 0.329624 0.174945
vt 0.316160 0.174635
vt 0.356709 0.160933
vt 0.370169 0.161223
vt 0.369917 0.176039
vt 0.356490 0.175671
vt 0.383638 0.161500
vt 0.397101 0.161788
vt 0.396806 0.176515
vt 0.383361 0.176323
vt 0.410561 0.162072
vt 0.424021 0.162321
vt 0.423711 0.176862
vt 0.410255 0.176721
vt 0.437478 0.162641
vt 0.450937 0.162907
vt 0.450606 0.177161
vt 0.437160 0.177068
vt 0.464400 0.163199
vt 0.477861 0.163468
vt 0.477512 0.177437
vt 0.464058 0.177339
vt 0.491327 0.163706
vt 0.504794 0.163924
vt 0.504434 0.177653
vt 0.490971 0.177585
vt 0.518256 0.164190
vt 0.531727 0.164421
vt 0.531365 0.177862
vt 0.517889 0.177807
vt 0.545201 0.164678
vt 0.558668 0.164933
vt 0.558317 0.178140
vt 0.544843 0.178048
vt 0.572141 0.165129
vt 0.027587 0.170027
vt 0.028232 0.183457
vt 0.571807 0.178259
vt 0.329260 0.190122
vt 0.315760 0.189700
vt 0.342739 0.190865
vt 0.342446 0.206011
vt 0.328986 0.205730
vt 0.315309 0.205451
vt 0.356125 0.191145
vt 0.369633 0.191879
vt 0.369359 0.206594
vt 0.355905 0.206300
vt 0.383081 0.192149
vt 0.396534 0.192295
vt 0.396258 0.207195
vt 0.382816 0.206893
vt 0.409965 0.192331
vt 0.423423 0.192433
vt 0.423173 0.207813
vt 0.409712 0.207502
vt 0.436880 0.192771
vt 0.450319 0.192653
vt 0.450070 0.208445
vt 0.436622 0.208127
vt 0.463766 0.192837
vt 0.477247 0.193125
vt 0.476959 0.209093
vt 0.463526 0.208767
vt 0.490657 0.192998
vt 0.504109 0.193129
vt 0.503846 0.209759
vt 0.490401 0.209423
vt 0.517593 0.193411
vt 0.530962 0.192801
vt 0.530697 0.210442
vt 0.517238 0.210097
vt 0.544498 0.193534
vt 0.557994 0.193671
vt 0.557584 0.211132
vt 0.544140 0.210785
vt 0.571488 0.193703
vt 0.029294 0.199089
vt 0.030094 0.217220
vt 0.570829 0.211476
vt 0.328908 0.215732
vt 0.315406 0.215443
vt 0.342363 0.216023
vt 0.341040 0.228918
vt 0.327443 0.228618
vt 0.313838 0.228312
vt 0.355824 0.216317
vt 0.369286 0.216611
vt 0.368242 0.229511
vt 0.354640 0.229214
vt 0.382750 0.216910
vt 0.396212 0.217213
vt 0.395451 0.230116
vt 0.381847 0.229811
vt 0.409674 0.217518
vt 0.423134 0.217828
vt 0.422662 0.230735
vt 0.409058 0.230424
vt 0.436595 0.218141
vt 0.450052 0.218457
vt 0.449870 0.231370
vt 0.436268 0.231051
vt 0.463507 0.218778
vt 0.476956 0.219104
vt 0.477071 0.232023
vt 0.463473 0.231695
vt 0.490405 0.219433
vt 0.503849 0.219767
vt 0.504267 0.232695
vt 0.490671 0.232357
vt 0.517290 0.220106
vt 0.530726 0.220446
vt 0.531460 0.233384
vt 0.517865 0.233038
vt 0.544166 0.220789
vt 0.557525 0.221132
vt 0.558662 0.234085
vt 0.545061 0.233734
vt 0.571071 0.221483
vt 0.029547 0.227327
vt 0.028511 0.240676
vt 0.572274 0.234435
vt 0.328675 0.243387
vt 0.315200 0.243008
vt 0.342108 0.243685
vt 0.341900 0.259290
vt 0.328450 0.259002
vt 0.314992 0.258689
vt 0.355560 0.243976
vt 0.369016 0.244272
vt 0.368811 0.259860
vt 0.355357 0.259574
vt 0.382476 0.244570
vt 0.395936 0.244882
vt 0.395723 0.260450
vt 0.382267 0.260158
vt 0.409399 0.245198
vt 0.422860 0.245527
vt 0.422640 0.261053
vt 0.409182 0.260754
vt 0.436322 0.245858
vt 0.449780 0.246202
vt 0.449554 0.261671
vt 0.436098 0.261369
vt 0.463240 0.246542
vt 0.476695 0.246897
vt 0.476469 0.262292
vt 0.463012 0.261992
vt 0.490153 0.247252
vt 0.503606 0.247612
vt 0.503384 0.262913
vt 0.489927 0.262612
vt 0.517057 0.247974
vt 0.530503 0.248336
vt 0.530296 0.263534
vt 0.516840 0.263237
vt 0.543955 0.248708
vt 0.557410 0.249087
vt 0.557240 0.264158
vt 0.543764 0.263849
vt 0.570877 0.249472
vt 0.030681 0.255883
vt 0.032517 0.270880
vt 0.570723 0.264478
vt 0.328361 0.271813
vt 0.314853 0.271488
vt 0.341809 0.272075
vt 0.342054 0.279726
vt 0.328593 0.279441
vt 0.315145 0.279233
vt 0.355269 0.272365
vt 0.368723 0.272651
vt 0.368964 0.280335
vt 0.355510 0.280037
vt 0.382181 0.272938
vt 0.395631 0.273225
vt 0.395867 0.280928
vt 0.382415 0.280631
vt 0.409086 0.273510
vt 0.422541 0.273797
vt 0.422766 0.281540
vt 0.409318 0.281231
vt 0.435998 0.274085
vt 0.449453 0.274382
vt 0.449662 0.282177
vt 0.436215 0.281858
vt 0.462915 0.274679
vt 0.476377 0.274984
vt 0.476558 0.282823
vt 0.463112 0.282501
vt 0.489841 0.275289
vt 0.503302 0.275594
vt 0.503445 0.283470
vt 0.490004 0.283149
vt 0.516758 0.275896
vt 0.530206 0.276207
vt 0.530440 0.284099
vt 0.516900 0.283777
vt 0.543742 0.276535
vt 0.557217 0.276851
vt 0.557385 0.284781
vt 0.543913 0.284423
vt 0.570713 0.277192
vt 0.034529 0.282927
vt 0.033267 0.290281
vt 0.570846 0.285138
vt 0.328779 0.296746
vt 0.315305 0.296880
vt 0.342226 0.296534
vt 0.342385 0.310392
vt 0.328931 0.310586
vt 0.315473 0.310690
vt 0.355692 0.296468
vt 0.369156 0.296328
vt 0.369298 0.310140
vt 0.355842 0.310285
vt 0.382617 0.296270
vt 0.396070 0.296148
vt 0.396197 0.309915
vt 0.382750 0.310056
vt 0.409521 0.296084
vt 0.422971 0.295939
vt 0.423089 0.309699
vt 0.409643 0.309843
vt 0.436423 0.295870
vt 0.449876 0.295712
vt 0.449985 0.309480
vt 0.436536 0.309626
vt 0.463332 0.295645
vt 0.476788 0.295500
vt 0.476887 0.309269
vt 0.463436 0.309407
vt 0.490245 0.295448
vt 0.503707 0.295335
vt 0.503792 0.309088
vt 0.490339 0.309206
vt 0.517174 0.295302
vt 0.530635 0.295226
vt 0.530699 0.308945
vt 0.517248 0.309037
vt 0.544083 0.295210
vt 0.557521 0.295145
vt 0.557586 0.308842
vt 0.544145 0.308916
vt 0.570942 0.295158
vt 0.032120 0.299378
vt 0.031132 0.312777
vt 0.571026 0.308807
vt 0.329130 0.324447
vt 0.315650 0.324562
vt 0.342575 0.324232
vt 0.342701 0.338132
vt 0.329247 0.338318
vt 0.315785 0.338397
vt 0.356030 0.324136
vt 0.369483 0.323968
vt 0.369604 0.337856
vt 0.356154 0.338026
vt 0.382934 0.323890
vt 0.396380 0.323738
vt 0.396495 0.337616
vt 0.383051 0.337770
vt 0.409825 0.323662
vt 0.423270 0.323514
vt 0.423381 0.337389
vt 0.409938 0.337538
vt 0.436715 0.323442
vt 0.450160 0.323295
vt 0.450268 0.337170
vt 0.436825 0.337315
vt 0.463608 0.323227
vt 0.477054 0.323088
vt 0.477161 0.336964
vt 0.463714 0.337099
vt 0.490500 0.323030
vt 0.503947 0.322902
vt 0.504055 0.336772
vt 0.490607 0.336896
vt 0.517396 0.322853
vt 0.530841 0.322751
vt 0.530955 0.336601
vt 0.517506 0.336710
vt 0.544283 0.322713
vt 0.557726 0.322620
vt 0.557850 0.336433
vt 0.544401 0.336538
vt 0.571176 0.322571
vt 0.030430 0.326545
vt 0.029889 0.340394
vt 0.571308 0.336355
vt 0.329418 0.352139
vt 0.315935 0.352243
vt 0.342866 0.351943
vt 0.342974 0.365804
vt 0.329517 0.365978
vt 0.316052 0.366044
vt 0.356321 0.351844
vt 0.369773 0.351673
vt 0.369881 0.365535
vt 0.356429 0.365703
vt 0.383222 0.351584
vt 0.396667 0.351429
vt 0.396775 0.365286
vt 0.383330 0.365443
vt 0.410110 0.351347
vt 0.423553 0.351201
vt 0.423662 0.365055
vt 0.410219 0.365203
vt 0.436996 0.351122
vt 0.450438 0.350982
vt 0.450549 0.364833
vt 0.437106 0.364975
vt 0.463883 0.350907
vt 0.477329 0.350774
vt 0.477446 0.364621
vt 0.463996 0.364755
vt 0.490774 0.350703
vt 0.504222 0.350580
vt 0.504343 0.364418
vt 0.490893 0.364545
vt 0.517672 0.350512
vt 0.531118 0.350394
vt 0.531247 0.364217
vt 0.517797 0.364340
vt 0.544564 0.350323
vt 0.558013 0.350199
vt 0.558151 0.364004
vt 0.544697 0.364131
vt 0.571475 0.350124
vt 0.029421 0.354273
vt 0.029043 0.368157
vt 0.571617 0.363906
vt 0.329668 0.379768
vt 0.316184 0.379865
vt 0.343121 0.379591
vt 0.343219 0.393419
vt 0.329759 0.393579
vt 0.316290 0.393641
vt 0.356579 0.379492
vt 0.370034 0.379328
vt 0.370134 0.393160
vt 0.356678 0.393321
vt 0.383487 0.379235
vt 0.396935 0.379082
vt 0.397039 0.392913
vt 0.383588 0.393066
vt 0.410380 0.378994
vt 0.423825 0.378849
vt 0.423932 0.392678
vt 0.410486 0.392824
vt 0.437269 0.378765
vt 0.450713 0.378627
vt 0.450825 0.392452
vt 0.437379 0.392591
vt 0.464160 0.378545
vt 0.477612 0.378413
vt 0.477730 0.392232
vt 0.464276 0.392366
vt 0.491061 0.378332
vt 0.504512 0.378205
vt 0.504637 0.392015
vt 0.491183 0.392145
vt 0.517966 0.378121
vt 0.531414 0.377991
vt 0.531546 0.391791
vt 0.518094 0.391924
vt 0.544864 0.377901
vt 0.558319 0.377759
vt 0.558459 0.391555
vt 0.545000 0.391692
vt 0.571786 0.377671
vt 0.028693 0.382037
vt 0.028400 0.395906
vt 0.571929 0.391445
vt 0.329897 0.407344
vt 0.316412 0.407438
vt 0.343354 0.407183
vt 0.343448 0.420981
vt 0.329983 0.421130
vt 0.316513 0.421192
vt 0.356816 0.407085
vt 0.370276 0.406930
vt 0.370371 0.420732
vt 0.356910 0.420884
vt 0.383734 0.406834
vt 0.397188 0.406685
vt 0.397288 0.420488
vt 0.383832 0.420636
vt 0.410637 0.406593
vt 0.424086 0.406451
vt 0.424192 0.420252
vt 0.410741 0.420394
vt 0.437535 0.406361
vt 0.450983 0.406224
vt 0.451095 0.420021
vt 0.437644 0.420159
vt 0.464435 0.406135
vt 0.477891 0.406002
vt 0.478010 0.419794
vt 0.464550 0.419928
vt 0.491346 0.405911
vt 0.504802 0.405780
vt 0.504927 0.419564
vt 0.491468 0.419698
vt 0.518259 0.405684
vt 0.531710 0.405547
vt 0.531841 0.419326
vt 0.518386 0.419465
vt 0.545165 0.405446
vt 0.558625 0.405297
vt 0.558763 0.419078
vt 0.545299 0.419220
vt 0.572096 0.405201
vt 0.028112 0.409759
vt 0.027860 0.423596
vt 0.572235 0.418962
vt 0.330112 0.434873
vt 0.316628 0.434966
vt 0.343573 0.434724
vt 0.343666 0.448494
vt 0.330198 0.448633
vt 0.316725 0.448700
vt 0.357039 0.434626
vt 0.370504 0.434479
vt 0.370599 0.448252
vt 0.357133 0.448396
vt 0.383968 0.434381
vt 0.397428 0.434238
vt 0.397528 0.448011
vt 0.384065 0.448153
vt 0.410884 0.434141
vt 0.424338 0.434003
vt 0.424443 0.447774
vt 0.410986 0.447912
vt 0.437792 0.433907
vt 0.451245 0.433772
vt 0.451357 0.447540
vt 0.437900 0.447676
vt 0.464702 0.433675
vt 0.478164 0.433542
vt 0.478281 0.447306
vt 0.464817 0.447441
vt 0.491624 0.433443
vt 0.505085 0.433309
vt 0.505208 0.447069
vt 0.491745 0.447204
vt 0.518545 0.433205
vt 0.532001 0.433065
vt 0.532130 0.446822
vt 0.518671 0.446962
vt 0.545460 0.432957
vt 0.558924 0.432807
vt 0.559059 0.446569
vt 0.545592 0.446711
vt 0.572396 0.432704
vt 0.027602 0.437415
vt 0.027366 0.451214
vt 0.572532 0.446449
vt 0.330319 0.462356
vt 0.316836 0.462450
vt 0.343785 0.462217
vt 0.343878 0.475959
vt 0.330408 0.476091
vt 0.316933 0.476164
vt 0.357255 0.462117
vt 0.370725 0.461978
vt 0.370821 0.475721
vt 0.357349 0.475858
vt 0.384194 0.461876
vt 0.397660 0.461738
vt 0.397761 0.475482
vt 0.384291 0.475619
vt 0.411122 0.461637
vt 0.424582 0.461502
vt 0.424688 0.475245
vt 0.411226 0.475379
vt 0.438041 0.461401
vt 0.451501 0.461268
vt 0.451613 0.475009
vt 0.438150 0.475141
vt 0.464962 0.461166
vt 0.478427 0.461033
vt 0.478544 0.474771
vt 0.465077 0.474904
vt 0.491894 0.460927
vt 0.505360 0.460793
vt 0.505482 0.474527
vt 0.492014 0.474662
vt 0.518823 0.460683
vt 0.532283 0.460544
vt 0.532412 0.474278
vt 0.518948 0.474416
vt 0.545746 0.460430
vt 0.559214 0.460282
vt 0.559347 0.474022
vt 0.545878 0.474162
vt 0.572687 0.460174
vt 0.027118 0.464996
vt 0.026879 0.478759
vt 0.572821 0.473899
vt 0.330524 0.489794
vt 0.317040 0.489891
vt 0.343993 0.489662
vt 0.344090 0.503378
vt 0.330616 0.503505
vt 0.317139 0.503587
vt 0.357467 0.489559
vt 0.370941 0.489426
vt 0.371041 0.503141
vt 0.357565 0.503273
vt 0.384415 0.489320
vt 0.397887 0.489188
vt 0.397991 0.502903
vt 0.384516 0.503035
vt 0.411356 0.489082
vt 0.424820 0.488952
vt 0.424929 0.502666
vt 0.411462 0.502796
vt 0.438285 0.488845
vt 0.451750 0.488716
vt 0.451864 0.502429
vt 0.438397 0.502558
vt 0.465216 0.488607
vt 0.478684 0.488477
vt 0.478802 0.502189
vt 0.465333 0.502319
vt 0.492156 0.488365
vt 0.505627 0.488233
vt 0.505750 0.501943
vt 0.492276 0.502076
vt 0.519094 0.488117
vt 0.532559 0.487981
vt 0.532687 0.501691
vt 0.519219 0.501827
vt 0.546025 0.487863
vt 0.559495 0.487720
vt 0.559628 0.501435
vt 0.546156 0.501571
vt 0.572970 0.487606
vt 0.026624 0.492505
vt 0.026368 0.506233
vt 0.573103 0.501309
vt 0.330728 0.517188
vt 0.317246 0.517291
vt 0.344202 0.517063
vt 0.344305 0.530753
vt 0.330827 0.530876
vt 0.317348 0.530970
vt 0.357680 0.516954
vt 0.371158 0.516827
vt 0.371263 0.530516
vt 0.357783 0.530641
vt 0.384635 0.516716
vt 0.398113 0.516590
vt 0.398223 0.530279
vt 0.384743 0.530404
vt 0.411587 0.516479
vt 0.425057 0.516355
vt 0.425171 0.530043
vt 0.411700 0.530167
vt 0.438526 0.516243
vt 0.451995 0.516117
vt 0.452113 0.529805
vt 0.438642 0.529930
vt 0.465465 0.516003
vt 0.478937 0.515876
vt 0.479057 0.529563
vt 0.465585 0.529689
vt 0.492411 0.515759
vt 0.505887 0.515630
vt 0.506012 0.529316
vt 0.492534 0.529444
vt 0.519358 0.515510
vt 0.532827 0.515378
vt 0.532956 0.529064
vt 0.519484 0.529195
vt 0.546298 0.515255
vt 0.559770 0.515117
vt 0.559902 0.528806
vt 0.546428 0.528939
vt 0.573245 0.514997
vt 0.026094 0.519948
vt 0.025813 0.533648
vt 0.573377 0.528677
vt 0.330938 0.544537
vt 0.317455 0.544649
vt 0.344416 0.544417
vt 0.344527 0.558073
vt 0.284573 0.566088
vt 0.299163 0.565113
vt 0.357896 0.544301
vt 0.371378 0.544180
vt 0.371492 0.557836
vt 0.257485 0.565925
vt 0.384860 0.544065
vt 0.398343 0.543946
vt 0.398460 0.557602
vt 0.230288 0.565738
vt 0.411821 0.543830
vt 0.425293 0.543710
vt 0.425412 0.557366
vt 0.203027 0.565474
vt 0.438766 0.543592
vt 0.452239 0.543472
vt 0.452359 0.557127
vt 0.175751 0.565155
vt 0.465711 0.543352
vt 0.479184 0.543228
vt 0.479307 0.556883
vt 0.148466 0.564757
vt 0.492664 0.543106
vt 0.506143 0.542982
vt 0.506268 0.556636
vt 0.121186 0.564288
vt 0.519616 0.542858
vt 0.533089 0.542729
vt 0.533216 0.556383
vt 0.093956 0.563701
vt 0.546562 0.542601
vt 0.560037 0.542468
vt 0.560166 0.556124
vt 0.066813 0.563069
vt 0.573513 0.542342
vt 0.025518 0.547333
vt 0.026266 0.562101
vt 0.039759 0.562416
vt 0.300807 0.030527
vt 0.299322 0.033289
vt 0.285893 0.030775
vt 0.286921 0.027409
vt 0.272124 0.029860
vt 0.272884 0.026225
vt 0.284336 0.038727
vt 0.271038 0.038108
vt 0.297543 0.040493
vt 0.258411 0.029553
vt 0.259003 0.025722
vt 0.244756 0.029489
vt 0.245240 0.025523
vt 0.257656 0.037931
vt 0.244220 0.037957
vt 0.231136 0.029560
vt 0.231535 0.025492
vt 0.217505 0.029735
vt 0.217845 0.025587
vt 0.230744 0.038095
vt 0.217220 0.038302
vt 0.203883 0.030000
vt 0.204168 0.025791
vt 0.190250 0.030343
vt 0.190498 0.026085
vt 0.203683 0.038579
vt 0.190107 0.038918
vt 0.176632 0.030693
vt 0.176840 0.026410
vt 0.162995 0.031085
vt 0.163176 0.026777
vt 0.176542 0.039238
vt 0.162947 0.039598
vt 0.149366 0.031487
vt 0.149510 0.027170
vt 0.135720 0.031915
vt 0.135835 0.027605
vt 0.149372 0.039952
vt 0.135784 0.040375
vt 0.122095 0.032350
vt 0.122170 0.028059
vt 0.108465 0.032789
vt 0.108499 0.028524
vt 0.122220 0.040815
vt 0.108675 0.041262
vt 0.094832 0.033260
vt 0.094805 0.029030
vt 0.081176 0.033838
vt 0.081072 0.029636
vt 0.095146 0.041738
vt 0.081643 0.042328
vt 0.067492 0.034516
vt 0.067277 0.030371
vt 0.053747 0.035476
vt 0.053353 0.031387
vt 0.068189 0.043020
vt 0.054792 0.043935
vt 0.039982 0.037073
vt 0.039273 0.033086
vt 0.026833 0.040332
vt 0.025412 0.036618
vt 0.041504 0.045353
vt 0.028449 0.048090
vt 0.296575 0.043933
vt 0.283562 0.042743
vt 0.270438 0.042258
vt 0.282804 0.050248
vt 0.269862 0.050087
vt 0.295915 0.050611
vt 0.257178 0.042127
vt 0.243823 0.042165
vt 0.256733 0.050016
vt 0.243479 0.050057
vt 0.230401 0.042308
vt 0.216926 0.042512
vt 0.230123 0.050166
vt 0.216717 0.050348
vt 0.203424 0.042789
vt 0.189882 0.043140
vt 0.203260 0.050603
vt 0.189772 0.050971
vt 0.176334 0.043443
vt 0.162762 0.043806
vt 0.176249 0.051207
vt 0.162713 0.051581
vt 0.149215 0.044143
vt 0.135656 0.044569
vt 0.149205 0.051858
vt 0.135695 0.052294
vt 0.122127 0.045008
vt 0.108616 0.045448
vt 0.122202 0.052730
vt 0.108740 0.053147
vt 0.095136 0.045912
vt 0.081700 0.046513
vt 0.095337 0.053569
vt 0.082007 0.054203
vt 0.068347 0.047195
vt 0.055092 0.048075
vt 0.068781 0.054842
vt 0.055701 0.055652
vt 0.041993 0.049367
vt 0.029131 0.051672
vt 0.042788 0.056693
vt 0.029755 0.058270
vt 0.295002 0.055675
vt 0.282343 0.056085
vt 0.269455 0.056331
vt 0.283323 0.069523
vt 0.270070 0.069936
vt 0.296460 0.068081
vt 0.256372 0.056401
vt 0.243159 0.056559
vt 0.256777 0.070103
vt 0.243448 0.070257
vt 0.229831 0.056745
vt 0.216475 0.057001
vt 0.230083 0.070441
vt 0.216684 0.070658
vt 0.203073 0.057238
vt 0.189614 0.057164
vt 0.203248 0.070871
vt 0.189818 0.071069
vt 0.176148 0.057708
vt 0.162646 0.057756
vt 0.176350 0.071379
vt 0.162681 0.071673
vt 0.149189 0.058385
vt 0.135688 0.058504
vt 0.149374 0.072056
vt 0.135951 0.072411
vt 0.122214 0.058921
vt 0.108779 0.059408
vt 0.122545 0.072847
vt 0.109179 0.073362
vt 0.095502 0.060198
vt 0.082193 0.060530
vt 0.095848 0.073957
vt 0.082552 0.074533
vt 0.069002 0.061261
vt 0.055987 0.062019
vt 0.069311 0.075209
vt 0.056121 0.075868
vt 0.043201 0.062794
vt 0.030638 0.063679
vt 0.042923 0.076294
vt 0.029450 0.075528
vt 0.297956 0.080588
vt 0.284491 0.082055
vt 0.270854 0.082630
vt 0.285470 0.097125
vt 0.271644 0.097548
vt 0.299350 0.096570
vt 0.257320 0.082913
vt 0.243840 0.083127
vt 0.257954 0.097820
vt 0.244362 0.097967
vt 0.230386 0.083334
vt 0.216934 0.083552
vt 0.230823 0.098039
vt 0.217308 0.098095
vt 0.203478 0.083770
vt 0.190026 0.084002
vt 0.203807 0.098137
vt 0.190323 0.098177
vt 0.176559 0.084284
vt 0.163114 0.084585
vt 0.176847 0.098309
vt 0.163382 0.098454
vt 0.149664 0.084943
vt 0.136231 0.085331
vt 0.149927 0.098670
vt 0.136483 0.098871
vt 0.122818 0.085778
vt 0.109423 0.086288
vt 0.123049 0.099154
vt 0.109617 0.099436
vt 0.096033 0.086853
vt 0.082659 0.087433
vt 0.096178 0.099785
vt 0.082719 0.100097
vt 0.069274 0.088034
vt 0.055829 0.088550
vt 0.069210 0.100413
vt 0.055602 0.100561
vt 0.042262 0.088702
vt 0.028624 0.087823
vt 0.041853 0.100458
vt 0.028063 0.099799
vt 0.299245 0.111141
vt 0.285560 0.111125
vt 0.271903 0.111435
vt 0.285449 0.126273
vt 0.272049 0.126469
vt 0.298706 0.126030
vt 0.258275 0.111732
vt 0.244686 0.111980
vt 0.258521 0.126628
vt 0.244958 0.127095
vt 0.231126 0.112120
vt 0.217593 0.112153
vt 0.231443 0.127463
vt 0.217914 0.127232
vt 0.204079 0.112208
vt 0.190582 0.112260
vt 0.204395 0.127295
vt 0.190885 0.127355
vt 0.177097 0.112399
vt 0.163621 0.112536
vt 0.177390 0.127504
vt 0.163903 0.127665
vt 0.150150 0.112747
vt 0.136685 0.112944
vt 0.150414 0.127848
vt 0.136921 0.128024
vt 0.123221 0.113217
vt 0.109750 0.113474
vt 0.123432 0.128293
vt 0.109933 0.128535
vt 0.096263 0.113782
vt 0.082748 0.114029
vt 0.096410 0.128813
vt 0.082868 0.129029
vt 0.069186 0.114254
vt 0.055567 0.114308
vt 0.069313 0.129227
vt 0.055756 0.129270
vt 0.041911 0.114233
vt 0.028368 0.114194
vt 0.042277 0.129284
vt 0.028894 0.129365
vt 0.299183 0.140127
vt 0.285760 0.140517
vt 0.272350 0.140527
vt 0.286080 0.152496
vt 0.272546 0.152605
vt 0.299505 0.152110
vt 0.258892 0.140630
vt 0.245248 0.141125
vt 0.258981 0.152775
vt 0.245424 0.152960
vt 0.231701 0.141277
vt 0.218156 0.141371
vt 0.231869 0.153115
vt 0.218329 0.153236
vt 0.204628 0.141480
vt 0.191111 0.141597
vt 0.204806 0.153371
vt 0.191299 0.153466
vt 0.177608 0.141769
vt 0.164112 0.141920
vt 0.177802 0.153606
vt 0.164310 0.153734
vt 0.150619 0.142136
vt 0.137119 0.142338
vt 0.150817 0.153916
vt 0.137317 0.154066
vt 0.123607 0.142601
vt 0.110081 0.142842
vt 0.123802 0.154286
vt 0.110269 0.154461
vt 0.096537 0.143123
vt 0.082980 0.143351
vt 0.096714 0.154685
vt 0.083140 0.154879
vt 0.069415 0.143562
vt 0.055883 0.143687
vt 0.069552 0.155074
vt 0.055967 0.155201
vt 0.042412 0.143690
vt 0.029049 0.143582
vt 0.042396 0.155282
vt 0.028842 0.155092
vt 0.300043 0.165053
vt 0.286395 0.165287
vt 0.272771 0.165573
vt 0.286362 0.180039
vt 0.272762 0.180157
vt 0.300015 0.180296
vt 0.259153 0.165791
vt 0.245558 0.165933
vt 0.259201 0.180356
vt 0.245661 0.180580
vt 0.231998 0.166089
vt 0.218464 0.166283
vt 0.232140 0.180747
vt 0.218639 0.180852
vt 0.204952 0.166499
vt 0.191459 0.166700
vt 0.205156 0.180995
vt 0.191685 0.181094
vt 0.177977 0.166990
vt 0.164494 0.167249
vt 0.178226 0.181277
vt 0.164770 0.181360
vt 0.151008 0.167555
vt 0.137513 0.167856
vt 0.151310 0.181540
vt 0.137836 0.181652
vt 0.124001 0.168141
vt 0.110473 0.168419
vt 0.124344 0.181825
vt 0.110828 0.181928
vt 0.096920 0.168756
vt 0.083344 0.169060
vt 0.097291 0.182128
vt 0.083725 0.182236
vt 0.069737 0.169383
vt 0.056089 0.169696
vt 0.070133 0.182483
vt 0.056514 0.182640
vt 0.042383 0.169920
vt 0.028637 0.170020
vt 0.042883 0.182846
vt 0.029305 0.183355
vt 0.299563 0.195411
vt 0.286140 0.195330
vt 0.272691 0.195784
vt 0.286120 0.211272
vt 0.272684 0.211122
vt 0.299564 0.211219
vt 0.259273 0.195841
vt 0.245705 0.196408
vt 0.259193 0.211104
vt 0.245709 0.211211
vt 0.232215 0.196562
vt 0.218740 0.196632
vt 0.232245 0.211404
vt 0.218821 0.211650
vt 0.205309 0.196617
vt 0.191866 0.196690
vt 0.205406 0.211927
vt 0.191998 0.212222
vt 0.178427 0.197013
vt 0.165010 0.196883
vt 0.178610 0.212527
vt 0.165224 0.212838
vt 0.151583 0.197064
vt 0.138110 0.197355
vt 0.151827 0.213154
vt 0.138442 0.213475
vt 0.124692 0.197235
vt 0.111213 0.197386
vt 0.125033 0.213805
vt 0.111604 0.214150
vt 0.097680 0.197700
vt 0.084245 0.197135
vt 0.098204 0.214519
vt 0.084716 0.214932
vt 0.070651 0.197959
vt 0.057113 0.198213
vt 0.071232 0.215404
vt 0.057756 0.215965
vt 0.043664 0.198425
vt 0.030342 0.198951
vt 0.044529 0.216595
vt 0.031154 0.217153
vt 0.299896 0.221547
vt 0.286191 0.221360
vt 0.272596 0.221207
vt 0.287297 0.234090
vt 0.273544 0.233838
vt 0.300983 0.234588
vt 0.259055 0.221198
vt 0.245570 0.221322
vt 0.259874 0.233850
vt 0.246294 0.234022
vt 0.232129 0.221537
vt 0.218722 0.221802
vt 0.232771 0.234277
vt 0.219280 0.234571
vt 0.205335 0.222092
vt 0.191962 0.222395
vt 0.205803 0.234882
vt 0.192335 0.235196
vt 0.178594 0.222703
vt 0.165229 0.223013
vt 0.178864 0.235509
vt 0.165394 0.235819
vt 0.151860 0.223323
vt 0.138489 0.223636
vt 0.151917 0.236126
vt 0.138437 0.236432
vt 0.125104 0.223955
vt 0.111706 0.224285
vt 0.124945 0.236738
vt 0.111442 0.237054
vt 0.098287 0.224642
vt 0.084846 0.225041
vt 0.097914 0.237390
vt 0.084356 0.237770
vt 0.071365 0.225516
vt 0.057927 0.226101
vt 0.070741 0.238231
vt 0.057052 0.238825
vt 0.044246 0.226819
vt 0.030623 0.227370
vt 0.043279 0.239602
vt 0.029575 0.240646
vt 0.298957 0.249298
vt 0.285317 0.248370
vt 0.271808 0.248180
vt 0.284267 0.263563
vt 0.271166 0.263678
vt 0.297695 0.264621
vt 0.258431 0.248326
vt 0.245131 0.248595
vt 0.258089 0.263976
vt 0.244982 0.264309
vt 0.231859 0.248906
vt 0.218594 0.249239
vt 0.231836 0.264655
vt 0.218656 0.264985
vt 0.205325 0.249574
vt 0.192051 0.249912
vt 0.205448 0.265314
vt 0.192220 0.265625
vt 0.178769 0.250240
vt 0.165483 0.250571
vt 0.178977 0.265938
vt 0.165726 0.266224
vt 0.152190 0.250885
vt 0.138896 0.251205
vt 0.152468 0.266516
vt 0.139211 0.266775
vt 0.125596 0.251517
vt 0.112296 0.251830
vt 0.125956 0.267041
vt 0.112712 0.267278
vt 0.098989 0.252148
vt 0.085670 0.252488
vt 0.099482 0.267533
vt 0.086271 0.267762
vt 0.072308 0.252895
vt 0.058876 0.253443
vt 0.073073 0.268029
vt 0.059888 0.268365
vt 0.045338 0.254305
vt 0.031748 0.255724
vt 0.046695 0.268988
vt 0.033554 0.270653
vt 0.295901 0.276108
vt 0.283550 0.276900
vt 0.270891 0.277221
vt 0.283837 0.285176
vt 0.270864 0.285768
vt 0.296861 0.283599
vt 0.257994 0.277574
vt 0.244976 0.277922
vt 0.257877 0.286191
vt 0.244826 0.286553
vt 0.231876 0.278259
vt 0.218732 0.278582
vt 0.231716 0.286892
vt 0.218559 0.287216
vt 0.205546 0.278889
vt 0.192335 0.279184
vt 0.205368 0.287533
vt 0.192157 0.287842
vt 0.179105 0.279466
vt 0.165867 0.279743
vt 0.178932 0.288150
vt 0.165699 0.288445
vt 0.152619 0.280007
vt 0.139372 0.280267
vt 0.152463 0.288734
vt 0.139234 0.289008
vt 0.126134 0.280515
vt 0.112916 0.280752
vt 0.126015 0.289276
vt 0.112821 0.289527
vt 0.099732 0.280978
vt 0.086602 0.281208
vt 0.099643 0.289754
vt 0.086426 0.289988
vt 0.073460 0.281456
vt 0.060501 0.281707
vt 0.073337 0.290227
vt 0.060327 0.290508
vt 0.047717 0.282032
vt 0.035252 0.282912
vt 0.047388 0.290774
vt 0.034246 0.290429
vt 0.298412 0.300978
vt 0.284935 0.302264
vt 0.271561 0.302717
vt 0.285590 0.315940
vt 0.272080 0.316479
vt 0.299112 0.314848
vt 0.258268 0.302965
vt 0.245016 0.302980
vt 0.258645 0.316793
vt 0.245272 0.316888
vt 0.231778 0.303004
vt 0.218540 0.302923
vt 0.231940 0.316941
vt 0.218628 0.316878
vt 0.205297 0.302877
vt 0.192047 0.302731
vt 0.205329 0.316844
vt 0.192035 0.316712
vt 0.178790 0.302649
vt 0.165532 0.302464
vt 0.178745 0.316631
vt 0.165458 0.316461
vt 0.152273 0.302360
vt 0.139020 0.302164
vt 0.152173 0.316350
vt 0.138894 0.316161
vt 0.125775 0.302051
vt 0.112543 0.301865
vt 0.125619 0.316034
vt 0.112352 0.315839
vt 0.099331 0.301749
vt 0.086150 0.301576
vt 0.099090 0.315693
vt 0.085825 0.315480
vt 0.072999 0.301449
vt 0.059855 0.301225
vt 0.072536 0.315274
vt 0.059185 0.314897
vt 0.046622 0.300873
vt 0.033172 0.299537
vt 0.045717 0.314253
vt 0.032202 0.312915
vt 0.299489 0.328890
vt 0.285951 0.329729
vt 0.272419 0.330204
vt 0.286218 0.343628
vt 0.272682 0.344053
vt 0.299721 0.342946
vt 0.258917 0.330566
vt 0.245462 0.330688
vt 0.259157 0.344395
vt 0.245661 0.344537
vt 0.232052 0.330790
vt 0.218672 0.330744
vt 0.232199 0.344657
vt 0.218767 0.344634
vt 0.205314 0.330726
vt 0.191970 0.330601
vt 0.205359 0.344632
vt 0.191969 0.344519
vt 0.178637 0.330528
vt 0.165311 0.330359
vt 0.178591 0.344451
vt 0.165222 0.344288
vt 0.151990 0.330253
vt 0.138674 0.330058
vt 0.151857 0.344177
vt 0.138495 0.343980
vt 0.125357 0.329928
vt 0.112040 0.329707
vt 0.125129 0.343828
vt 0.111755 0.343590
vt 0.098714 0.329536
vt 0.085367 0.329266
vt 0.098363 0.343376
vt 0.084946 0.343057
vt 0.071975 0.328977
vt 0.058518 0.328483
vt 0.071486 0.342692
vt 0.057983 0.342150
vt 0.044996 0.327774
vt 0.031504 0.326646
vt 0.044455 0.341450
vt 0.030964 0.340476
vt 0.299829 0.357031
vt 0.286311 0.357539
vt 0.272790 0.357870
vt 0.286389 0.371499
vt 0.272869 0.371772
vt 0.299881 0.371067
vt 0.259257 0.358186
vt 0.245738 0.358324
vt 0.259338 0.372043
vt 0.245812 0.372167
vt 0.232243 0.358452
vt 0.218771 0.358443
vt 0.232297 0.372291
vt 0.218799 0.372285
vt 0.205321 0.358451
vt 0.191889 0.358350
vt 0.205317 0.372299
vt 0.191849 0.372203
vt 0.178469 0.358283
vt 0.165059 0.358126
vt 0.178392 0.372139
vt 0.164942 0.371981
vt 0.151653 0.358008
vt 0.138248 0.357806
vt 0.151496 0.371856
vt 0.138050 0.371645
vt 0.124837 0.357637
vt 0.111415 0.357381
vt 0.124597 0.371458
vt 0.111134 0.371183
vt 0.097976 0.357134
vt 0.084515 0.356777
vt 0.097657 0.370909
vt 0.084164 0.370530
vt 0.071024 0.356382
vt 0.057508 0.355821
vt 0.070652 0.370115
vt 0.057130 0.369572
vt 0.043986 0.355182
vt 0.030497 0.354342
vt 0.043611 0.368970
vt 0.030120 0.368217
vt 0.299859 0.385117
vt 0.286350 0.385426
vt 0.272842 0.385626
vt 0.286322 0.399379
vt 0.272812 0.399535
vt 0.299811 0.399107
vt 0.259312 0.385855
vt 0.245779 0.385956
vt 0.259286 0.399719
vt 0.245753 0.399796
vt 0.232252 0.386068
vt 0.218734 0.386063
vt 0.232219 0.399890
vt 0.218689 0.399876
vt 0.205227 0.386073
vt 0.191731 0.385983
vt 0.205163 0.399880
vt 0.191645 0.399787
vt 0.178243 0.385915
vt 0.164762 0.385759
vt 0.178131 0.399715
vt 0.164622 0.399555
vt 0.151282 0.385626
vt 0.137803 0.385410
vt 0.151114 0.399414
vt 0.137606 0.399190
vt 0.124318 0.385209
vt 0.110826 0.384922
vt 0.124094 0.398977
vt 0.110578 0.398681
vt 0.097324 0.384632
vt 0.083814 0.384242
vt 0.097056 0.398380
vt 0.083532 0.397989
vt 0.070295 0.383829
vt 0.056774 0.383298
vt 0.070005 0.397582
vt 0.056482 0.397083
vt 0.043260 0.382759
vt 0.029770 0.382090
vt 0.042969 0.396569
vt 0.029477 0.395953
vt 0.299715 0.413107
vt 0.286210 0.413285
vt 0.272707 0.413388
vt 0.286118 0.427205
vt 0.272611 0.427275
vt 0.299607 0.427045
vt 0.259181 0.413531
vt 0.245646 0.413583
vt 0.259088 0.427382
vt 0.245554 0.427408
vt 0.232106 0.413655
vt 0.218565 0.413632
vt 0.232011 0.427458
vt 0.218464 0.427421
vt 0.205026 0.413626
vt 0.191490 0.413531
vt 0.204915 0.427403
vt 0.191366 0.427300
vt 0.177957 0.413452
vt 0.164427 0.413290
vt 0.177817 0.427212
vt 0.164269 0.427045
vt 0.150898 0.413141
vt 0.137369 0.412914
vt 0.150721 0.426888
vt 0.137175 0.426657
vt 0.123837 0.412693
vt 0.110304 0.412393
vt 0.123628 0.426428
vt 0.110081 0.426126
vt 0.096771 0.412088
vt 0.083241 0.411701
vt 0.096538 0.425821
vt 0.082999 0.425442
vt 0.069712 0.411306
vt 0.056191 0.410823
vt 0.069466 0.425059
vt 0.055942 0.424608
vt 0.042680 0.410361
vt 0.029189 0.409802
vt 0.042431 0.424160
vt 0.028937 0.423635
vt 0.299466 0.440989
vt 0.285963 0.441075
vt 0.272461 0.441107
vt 0.285833 0.454953
vt 0.272327 0.454960
vt 0.299323 0.454875
vt 0.258937 0.441179
vt 0.245401 0.441183
vt 0.258804 0.455003
vt 0.245268 0.454985
vt 0.231854 0.441210
vt 0.218302 0.441162
vt 0.231719 0.454991
vt 0.218163 0.454928
vt 0.204744 0.441128
vt 0.191185 0.441020
vt 0.204599 0.454880
vt 0.191032 0.454763
vt 0.177625 0.440922
vt 0.164064 0.440753
vt 0.177461 0.454655
vt 0.163890 0.454480
vt 0.150504 0.440589
vt 0.136945 0.440355
vt 0.150319 0.454309
vt 0.136749 0.454072
vt 0.123386 0.440123
vt 0.109831 0.439822
vt 0.123181 0.453837
vt 0.109618 0.453537
vt 0.096280 0.439518
vt 0.082739 0.439148
vt 0.096061 0.453238
vt 0.082513 0.452877
vt 0.069205 0.438778
vt 0.055682 0.438342
vt 0.068976 0.452519
vt 0.055451 0.452110
vt 0.042172 0.437934
vt 0.028680 0.437451
vt 0.041939 0.451709
vt 0.028444 0.451248
vt 0.299159 0.468763
vt 0.285657 0.468782
vt 0.272153 0.468762
vt 0.285507 0.482613
vt 0.271999 0.482576
vt 0.298998 0.482597
vt 0.258629 0.468777
vt 0.245090 0.468741
vt 0.258474 0.482568
vt 0.244934 0.482515
vt 0.231539 0.468725
vt 0.217978 0.468652
vt 0.231380 0.482481
vt 0.217816 0.482394
vt 0.204409 0.468589
vt 0.190835 0.468466
vt 0.204242 0.482318
vt 0.190662 0.482186
vt 0.177257 0.468347
vt 0.163678 0.468169
vt 0.177076 0.482058
vt 0.163489 0.481875
vt 0.150098 0.467991
vt 0.136520 0.467755
vt 0.149901 0.481691
vt 0.136316 0.481454
vt 0.122945 0.467517
vt 0.109375 0.467222
vt 0.122734 0.481214
vt 0.109159 0.480921
vt 0.095814 0.466924
vt 0.082265 0.466573
vt 0.095592 0.480627
vt 0.082038 0.480285
vt 0.068726 0.466226
vt 0.055200 0.465828
vt 0.068495 0.479947
vt 0.054966 0.479570
vt 0.041689 0.465457
vt 0.028195 0.465028
vt 0.041453 0.479202
vt 0.027957 0.478789
vt 0.298828 0.496429
vt 0.285327 0.496399
vt 0.271819 0.496343
vt 0.285171 0.510181
vt 0.271659 0.510113
vt 0.298666 0.510212
vt 0.258291 0.496314
vt 0.244748 0.496249
vt 0.258128 0.510069
vt 0.244581 0.509991
vt 0.231190 0.496197
vt 0.217621 0.496102
vt 0.231020 0.509926
vt 0.217445 0.509820
vt 0.204042 0.496012
vt 0.190455 0.495874
vt 0.203860 0.509719
vt 0.190266 0.509574
vt 0.176863 0.495736
vt 0.163268 0.495551
vt 0.176666 0.509428
vt 0.163063 0.509239
vt 0.149673 0.495362
vt 0.136082 0.495126
vt 0.149461 0.509046
vt 0.135862 0.508808
vt 0.122494 0.494882
vt 0.108914 0.494595
vt 0.122268 0.508565
vt 0.108682 0.508278
vt 0.095343 0.494302
vt 0.081785 0.493969
vt 0.095106 0.507988
vt 0.081543 0.507661
vt 0.068241 0.493638
vt 0.054711 0.493270
vt 0.067993 0.507336
vt 0.054460 0.506984
vt 0.041196 0.492924
vt 0.027702 0.492534
vt 0.040943 0.506638
vt 0.027445 0.506262
vt 0.298503 0.523988
vt 0.285001 0.523922
vt 0.271486 0.523843
vt 0.284853 0.537652
vt 0.271332 0.537567
vt 0.298353 0.537720
vt 0.257950 0.523783
vt 0.244398 0.523700
vt 0.257790 0.537497
vt 0.244231 0.537409
vt 0.230830 0.523621
vt 0.217249 0.523511
vt 0.230655 0.537321
vt 0.217065 0.537205
vt 0.203655 0.523397
vt 0.190053 0.523249
vt 0.203462 0.537081
vt 0.189849 0.536929
vt 0.176444 0.523095
vt 0.162834 0.522906
vt 0.176231 0.536768
vt 0.162610 0.536577
vt 0.149223 0.522707
vt 0.135616 0.522473
vt 0.148990 0.536376
vt 0.135373 0.536144
vt 0.122016 0.522226
vt 0.108424 0.521944
vt 0.121765 0.535896
vt 0.108167 0.535614
vt 0.094843 0.521651
vt 0.081276 0.521331
vt 0.094579 0.535321
vt 0.081005 0.535003
vt 0.067723 0.521009
vt 0.054187 0.520664
vt 0.067449 0.534684
vt 0.053910 0.534350
vt 0.040669 0.520333
vt 0.027171 0.519975
vt 0.040390 0.534018
vt 0.026891 0.533674
vt 0.298211 0.551435
vt 0.284708 0.551339
vt 0.271182 0.551254
vt 0.284583 0.565010
vt 0.271055 0.564922
vt 0.298085 0.565105
vt 0.257633 0.551177
vt 0.244063 0.551090
vt 0.257496 0.564847
vt 0.243910 0.564758
vt 0.230474 0.550994
vt 0.216871 0.550877
vt 0.230301 0.564660
vt 0.216677 0.564540
vt 0.203256 0.550741
vt 0.189631 0.550590
vt 0.203044 0.564396
vt 0.189411 0.564246
vt 0.176002 0.550422
vt 0.162370 0.550234
vt 0.175769 0.564077
vt 0.162128 0.563887
vt 0.148740 0.550027
vt 0.135112 0.549802
vt 0.148487 0.563680
vt 0.134848 0.563459
vt 0.121493 0.549551
vt 0.107885 0.549270
vt 0.121209 0.563210
vt 0.107584 0.562919
vt 0.094290 0.548971
vt 0.080711 0.548659
vt 0.093982 0.562623
vt 0.080400 0.562310
vt 0.067152 0.548339
vt 0.053612 0.548009
vt 0.066839 0.561991
vt 0.053300 0.561664
vt 0.040093 0.547685
vt 0.026596 0.547358
vt 0.039784 0.561338
vt 0.026291 0.561023
vt 0.586993 0.542206
vt 0.586858 0.528535
vt 0.586725 0.514850
vt 0.586583 0.501156
vt 0.586450 0.487451
vt 0.586302 0.473736
vt 0.586167 0.460011
vt 0.586013 0.446277
vt 0.585876 0.432534
vt 0.585716 0.418783
vt 0.585576 0.405025
vt 0.585410 0.391262
vt 0.585266 0.377493
vt 0.585096 0.363724
vt 0.584953 0.349954
vt 0.584784 0.336186
vt 0.584649 0.322425
vt 0.584488 0.308683
vt 0.584395 0.295076
vt 0.584249 0.285594
vt 0.584162 0.277515
vt 0.584192 0.264790
vt 0.584347 0.249824
vt 0.585891 0.234780
vt 0.584444 0.221828
vt 0.584271 0.211832
vt 0.584982 0.193785
vt 0.585334 0.178442
vt 0.585617 0.165384
vt 0.585919 0.150676
vt 0.586198 0.139291
vt 0.586454 0.125124
vt 0.586746 0.110137
vt 0.586988 0.095960
vt 0.587209 0.083770
vt 0.587408 0.070977
vt 0.587626 0.057974
vt 0.587579 0.052391
vt 0.587524 0.045542
vt 0.587336 0.042144
vt 0.587229 0.034290
vt 0.025105 0.035589
vt 0.053274 0.562742
vt 0.573643 0.555994
vt 0.587123 0.555862
vt 0.080374 0.563388
vt 0.546691 0.556256
vt 0.107558 0.563996
vt 0.519742 0.556514
vt 0.134827 0.564537
vt 0.492788 0.556763
vt 0.162109 0.564965
vt 0.465832 0.557009
vt 0.189393 0.565324
vt 0.438886 0.557251
vt 0.216662 0.565618
vt 0.411939 0.557488
vt 0.243899 0.565836
vt 0.384976 0.557723
vt 0.271044 0.566000
vt 0.358008 0.557959
vt 0.299289 0.551442
vt 0.317566 0.558304
vt 0.331047 0.558197
vt 0.299431 0.537726
vt 0.299581 0.523993
vt 0.299744 0.510216
vt 0.299906 0.496432
vt 0.300077 0.482599
vt 0.300237 0.468763
vt 0.300401 0.454873
vt 0.300544 0.440984
vt 0.300685 0.427036
vt 0.300793 0.413094
vt 0.300889 0.399090
vt 0.300937 0.385094
vt 0.300959 0.371037
vt 0.300906 0.356991
vt 0.300798 0.342894
vt 0.300565 0.328820
vt 0.300187 0.314742
vt 0.299475 0.300809
vt 0.297848 0.283471
vt 0.296568 0.276183
vt 0.298733 0.264841
vt 0.300025 0.249435
vt 0.302046 0.234623
vt 0.300976 0.221513
vt 0.300621 0.211276
vt 0.300618 0.195498
vt 0.301084 0.180354
vt 0.301108 0.165041
vt 0.300579 0.152082
vt 0.300259 0.140122
vt 0.299741 0.126042
vt 0.300315 0.111188
vt 0.300363 0.096541
vt 0.299016 0.080394
vt 0.297128 0.067818
vt 0.295686 0.055759
vt 0.296914 0.050733
vt 0.297401 0.044116
vt 0.298516 0.040776
vt 0.587039 0.030546
vt 0.573590 0.030347
vt 0.560145 0.030022
vt 0.546682 0.029656
vt 0.533211 0.029271
vt 0.519720 0.028876
vt 0.506236 0.028524
vt 0.492761 0.028162
vt 0.479287 0.027768
vt 0.465795 0.027362
vt 0.452315 0.026980
vt 0.438835 0.026590
vt 0.425362 0.026215
vt 0.411874 0.025829
vt 0.398377 0.025508
vt 0.384880 0.025263
vt 0.371402 0.025085
vt 0.357940 0.024958
vt 0.344502 0.024857
vt 0.300157 0.033728
vt 0.331105 0.024714
vt 0.301098 0.029491
vt 0.298076 0.566183
vt 0.025213 0.560998
vt 0.301713 0.031187
vn -0.007385 -0.481313 -0.876518
vn -0.008536 -0.483644 -0.875223
vn -0.013467 -0.873596 -0.486466
vn -0.011731 -0.868510 -0.495533
vn -0.009583 -0.482783 -0.875687
vn -0.014479 -0.867100 -0.497924
vn -0.014905 -0.988751 -0.148823
vn -0.013601 -0.987787 -0.155213
vn -0.011666 -0.986054 -0.166017
vn -0.008971 -0.474433 -0.880246
vn -0.012811 -0.861154 -0.508183
vn -0.007830 -0.464617 -0.885477
vn -0.010605 -0.856356 -0.516277
vn -0.010636 -0.990105 -0.139926
vn -0.013001 -0.989517 -0.143827
vn -0.005910 -0.457275 -0.889306
vn -0.008031 -0.852689 -0.522358
vn -0.003662 -0.454610 -0.890683
vn -0.005451 -0.849891 -0.526930
vn -0.005980 -0.990514 -0.137280
vn -0.008256 -0.990439 -0.137703
vn -0.001663 -0.455712 -0.890126
vn -0.003213 -0.847713 -0.530446
vn -0.000239 -0.459478 -0.888189
vn -0.001456 -0.846197 -0.532869
vn -0.002292 -0.990193 -0.139685
vn -0.003959 -0.990411 -0.138093
vn 0.000732 -0.465081 -0.885268
vn -0.000260 -0.844956 -0.534836
vn 0.001616 -0.471873 -0.881665
vn 0.000585 -0.844027 -0.536300
vn -0.000573 -0.989358 -0.145500
vn -0.001225 -0.989840 -0.142178
vn 0.001654 -0.477921 -0.878401
vn 0.001014 -0.843322 -0.537408
vn 0.001075 -0.481277 -0.876568
vn 0.001081 -0.843027 -0.537870
vn 0.000534 -0.988231 -0.152966
vn 0.000056 -0.988793 -0.149290
vn 0.000680 -0.482228 -0.876045
vn 0.000888 -0.843033 -0.537861
vn 0.000693 -0.481535 -0.876426
vn 0.000815 -0.842994 -0.537923
vn 0.000293 -0.987089 -0.160174
vn 0.000474 -0.987684 -0.156459
vn 0.001137 -0.480151 -0.877185
vn 0.001056 -0.842744 -0.538313
vn 0.000916 -0.478049 -0.878333
vn 0.001079 -0.842709 -0.538369
vn 0.000601 -0.985747 -0.168235
vn 0.000388 -0.986426 -0.164206
vn 0.000248 -0.474419 -0.880299
vn 0.000846 -0.842652 -0.538457
vn 0.000312 -0.471492 -0.881870
vn 0.000650 -0.842844 -0.538158
vn 0.000435 -0.984603 -0.174803
vn 0.000687 -0.985119 -0.171873
vn -0.000652 -0.467173 -0.884166
vn -0.001821 -0.842082 -0.539346
vn -0.001892 -0.463241 -0.886230
vn -0.004330 -0.847185 -0.531280
vn -0.006147 -0.985055 -0.172133
vn -0.002892 -0.984072 -0.177749
vn -0.004561 -0.707847 0.706351
vn -0.002551 -0.725690 0.688017
vn -0.006665 -0.699335 0.714763
vn -0.001864 -0.284184 0.958768
vn 0.000979 -0.287714 0.957716
vn 0.003517 -0.295637 0.955294
vn -0.006131 -0.692525 0.721368
vn -0.005348 -0.688178 0.725523
vn -0.001762 -0.278285 0.960497
vn -0.001838 -0.280723 0.959787
vn -0.004652 -0.685688 0.727881
vn -0.003774 -0.684431 0.729068
vn -0.001399 -0.275347 0.961344
vn -0.001649 -0.276679 0.960961
vn -0.003024 -0.684158 0.729327
vn -0.002372 -0.684886 0.728646
vn -0.001063 -0.280624 0.959817
vn -0.001154 -0.277218 0.960806
vn -0.002028 -0.686192 0.727418
vn -0.001819 -0.687949 0.725757
vn -0.000935 -0.281486 0.959565
vn -0.001003 -0.281392 0.959592
vn -0.001584 -0.690054 0.723757
vn -0.001147 -0.692564 0.721355
vn -0.000671 -0.283231 0.959052
vn -0.000934 -0.281129 0.959670
vn -0.001148 -0.694902 0.719103
vn -0.001454 -0.697542 0.716542
vn -0.000964 -0.283028 0.959111
vn -0.000749 -0.284946 0.958543
vn -0.001329 -0.700132 0.714012
vn -0.001238 -0.702745 0.711441
vn -0.000742 -0.281529 0.959552
vn -0.000791 -0.280532 0.959845
vn -0.000927 -0.705434 0.708775
vn -0.000681 -0.707407 0.706807
vn -0.000437 -0.282528 0.959259
vn -0.000661 -0.282801 0.959178
vn -0.004135 -0.708323 0.705876
vn -0.007498 -0.698703 0.715372
vn -0.006882 -0.279343 0.960167
vn -0.003661 -0.283079 0.959090
vn 0.015252 0.795850 0.605301
vn 0.032801 0.792513 0.608972
vn -0.001166 0.805350 0.592798
vn 0.003722 0.995362 0.096125
vn 0.022637 0.994010 0.106918
vn 0.036432 0.992996 0.112394
vn -0.000554 0.804066 0.594540
vn -0.000465 0.802476 0.596684
vn -0.003494 0.995189 0.097911
vn -0.002480 0.995676 0.092865
vn 0.000042 0.799689 0.600414
vn 0.001052 0.798266 0.602304
vn -0.003078 0.993573 0.113154
vn -0.003561 0.994489 0.104780
vn 0.010030 0.798673 0.601682
vn 0.004134 0.790195 0.612842
vn 0.000425 0.989870 0.141975
vn 0.002898 0.991828 0.127553
vn 0.001868 0.797761 0.602971
vn 0.001333 0.787672 0.616094
vn 0.000528 0.988475 0.151385
vn 0.000521 0.988879 0.148723
vn 0.000869 0.793585 0.608459
vn 0.007069 0.786264 0.617850
vn 0.003345 0.987112 0.159999
vn 0.000211 0.988182 0.153282
vn 0.000750 0.786771 0.617245
vn -0.005092 0.783414 0.621479
vn -0.003560 0.986395 0.164352
vn -0.000109 0.986061 0.166384
vn 0.000669 0.787748 0.615997
vn 0.004503 0.779389 0.626524
vn 0.000547 0.985550 0.169385
vn -0.000292 0.986654 0.162834
vn -0.000619 0.780277 0.625434
vn 0.002573 0.779314 0.626629
vn -0.000737 0.983049 0.183341
vn -0.003197 0.984250 0.176754
vn -0.001618 0.779702 0.626149
vn -0.006451 0.785805 0.618440
vn -0.001028 0.982304 0.187291
vn -0.000785 0.982173 0.187978
vn 0.019625 0.999780 -0.007449
vn 0.027193 0.999527 -0.014389
vn 0.002361 0.999988 0.004249
vn -0.008320 0.949871 0.312532
vn -0.002138 0.955004 0.296587
vn -0.000464 0.958886 0.283791
vn -0.009773 0.999856 0.013872
vn -0.012346 0.999649 0.023427
vn -0.020614 0.946768 0.321255
vn -0.016979 0.947904 0.318103
vn -0.012676 0.999370 0.033145
vn -0.011239 0.999090 0.041151
vn -0.012494 0.948050 0.317877
vn -0.017945 0.946569 0.322002
vn -0.008201 0.998905 0.046062
vn -0.005161 0.998803 0.048647
vn -0.006000 0.951990 0.306071
vn -0.008313 0.950232 0.311432
vn -0.001155 0.998790 0.049170
vn 0.000652 0.998842 0.048116
vn -0.000102 0.953159 0.302471
vn -0.001742 0.952735 0.303798
vn -0.000954 0.998880 0.047313
vn -0.002366 0.998866 0.047542
vn -0.004549 0.953511 0.301325
vn -0.002569 0.953213 0.302290
vn -0.002257 0.998799 0.048950
vn -0.002660 0.998665 0.051583
vn -0.007473 0.952964 0.302990
vn -0.005916 0.953311 0.301932
vn -0.003743 0.998468 0.055209
vn -0.006134 0.998243 0.058927
vn -0.009784 0.952273 0.305091
vn -0.008487 0.952349 0.304894
vn -0.008629 0.997934 0.063674
vn -0.009094 0.997415 0.071285
vn -0.013986 0.953167 0.302121
vn -0.012592 0.952419 0.304531
vn -0.004866 0.996786 0.079961
vn -0.000508 0.996444 0.084257
vn -0.008623 0.952949 0.303008
vn -0.011229 0.953199 0.302136
vn -0.016535 0.820881 0.570860
vn -0.022508 0.819567 0.572541
vn -0.010631 0.824046 0.566423
vn -0.003948 0.890880 0.454222
vn -0.007939 0.887683 0.460387
vn -0.011348 0.885165 0.465138
vn -0.013249 0.828794 0.559396
vn -0.015696 0.835282 0.549598
vn -0.004370 0.898885 0.438162
vn -0.003616 0.893411 0.449226
vn -0.012275 0.841584 0.539986
vn -0.006851 0.845874 0.533339
vn -0.002169 0.902610 0.430455
vn -0.003835 0.903070 0.429477
vn -0.004420 0.848527 0.529134
vn -0.004348 0.850374 0.526161
vn -0.001874 0.902573 0.430534
vn -0.001474 0.902861 0.429931
vn -0.002369 0.851290 0.524691
vn -0.001924 0.851533 0.524298
vn -0.001387 0.902057 0.431615
vn -0.001405 0.902484 0.430722
vn -0.003693 0.851846 0.523780
vn -0.004888 0.852957 0.521958
vn -0.002389 0.901650 0.432461
vn -0.001919 0.901835 0.432076
vn -0.006410 0.854622 0.519211
vn -0.007568 0.857014 0.515238
vn -0.003134 0.902403 0.430881
vn -0.002981 0.902013 0.431699
vn -0.007724 0.859867 0.510459
vn -0.007912 0.863062 0.505036
vn -0.003016 0.903525 0.428525
vn -0.003108 0.903070 0.429482
vn -0.008993 0.866632 0.498867
vn -0.009304 0.870825 0.491505
vn -0.003284 0.904880 0.425653
vn -0.003156 0.904338 0.426806
vn -0.009261 0.874731 0.484520
vn -0.009205 0.876482 0.481346
vn -0.005562 0.905463 0.424388
vn -0.004585 0.905451 0.424427
vn -0.004060 0.969431 0.245330
vn -0.000932 0.970412 0.241452
vn -0.006090 0.966518 0.256527
vn -0.021752 0.983370 0.180308
vn -0.014747 0.986352 0.163990
vn -0.005813 0.987588 0.156962
vn -0.000980 0.964144 0.265378
vn 0.002742 0.964431 0.264322
vn 0.006327 0.980507 0.196382
vn -0.007170 0.981089 0.193423
vn 0.000891 0.965466 0.260527
vn -0.000389 0.965586 0.260084
vn 0.000694 0.981502 0.191450
vn 0.003652 0.980997 0.193990
vn -0.000332 0.965324 0.261055
vn -0.000048 0.965242 0.261358
vn 0.001565 0.982533 0.186080
vn 0.001529 0.982071 0.188504
vn -0.000280 0.965240 0.261366
vn -0.000515 0.965036 0.262116
vn 0.001117 0.983121 0.182952
vn 0.000735 0.982789 0.184729
vn -0.000383 0.964790 0.263022
vn 0.000290 0.964873 0.262718
vn 0.005439 0.984785 0.173694
vn 0.002454 0.983821 0.179140
vn 0.000768 0.965530 0.260292
vn 0.000633 0.966265 0.257550
vn 0.007036 0.987284 0.158813
vn 0.007591 0.986021 0.166448
vn 0.000709 0.967022 0.254692
vn 0.000311 0.967629 0.252378
vn 0.007508 0.989921 0.141424
vn 0.008010 0.988564 0.150591
vn 0.000208 0.968051 0.250752
vn 0.000369 0.968570 0.248741
vn 0.008294 0.992283 0.123719
vn 0.006451 0.991160 0.132515
vn 0.001398 0.970057 0.242872
vn 0.002333 0.971091 0.238699
vn 0.020110 0.994230 0.105370
vn 0.014902 0.993577 0.112171
vn -0.036918 0.962272 0.269574
vn -0.029095 0.966499 0.255015
vn -0.037275 0.956007 0.290965
vn -0.034737 0.912396 0.407833
vn -0.043240 0.906724 0.419501
vn -0.041476 0.904351 0.424770
vn -0.013872 0.953440 0.301265
vn 0.004678 0.951925 0.306296
vn 0.001390 0.917918 0.396769
vn -0.013106 0.916962 0.398760
vn 0.004577 0.951267 0.308335
vn 0.003875 0.951979 0.306138
vn 0.004600 0.916299 0.400469
vn 0.003124 0.917182 0.398456
vn 0.004438 0.953238 0.302187
vn 0.000976 0.953758 0.300574
vn -0.000978 0.914574 0.404418
vn 0.004175 0.915368 0.402597
vn 0.000951 0.953593 0.301097
vn 0.004316 0.954637 0.297740
vn 0.004878 0.913555 0.406685
vn 0.000433 0.914260 0.405128
vn 0.006108 0.956051 0.293137
vn 0.010197 0.957500 0.288253
vn 0.008886 0.910504 0.413405
vn 0.005247 0.912370 0.409334
vn 0.012295 0.958971 0.283237
vn 0.012169 0.960524 0.277932
vn 0.010345 0.905856 0.423459
vn 0.009834 0.908263 0.418284
vn 0.017516 0.962968 0.269048
vn 0.013280 0.965523 0.259979
vn 0.009776 0.899972 0.435837
vn 0.018283 0.903048 0.429152
vn 0.009373 0.966343 0.257087
vn 0.015563 0.967440 0.252620
vn 0.013185 0.894052 0.447770
vn 0.005005 0.897077 0.441846
vn 0.019837 0.968546 0.248043
vn 0.022104 0.968479 0.248115
vn 0.004745 0.885759 0.464121
vn 0.009169 0.888998 0.457820
vn -0.018450 0.924038 0.381855
vn -0.018271 0.917742 0.396756
vn -0.013582 0.934947 0.354527
vn -0.000303 0.980170 0.198156
vn -0.000335 0.979766 0.200147
vn -0.000055 0.979332 0.202259
vn -0.005455 0.940458 0.339865
vn -0.000024 0.942125 0.335262
vn -0.000283 0.980775 0.195141
vn -0.000294 0.980489 0.196576
vn 0.001217 0.941663 0.336556
vn 0.002175 0.940758 0.339073
vn 0.000314 0.980658 0.195728
vn 0.000135 0.980872 0.194652
vn 0.001853 0.939656 0.342117
vn -0.000579 0.939304 0.343085
vn 0.000138 0.980083 0.198590
vn 0.000351 0.980330 0.197366
vn 0.000463 0.939566 0.342367
vn 0.002384 0.938621 0.344942
vn 0.000428 0.979522 0.201336
vn 0.000308 0.979872 0.199627
vn 0.001886 0.937458 0.348094
vn 0.003521 0.935989 0.352013
vn 0.000365 0.979008 0.203821
vn 0.000150 0.979240 0.202704
vn 0.003911 0.933486 0.358593
vn 0.003924 0.931059 0.364848
vn 0.000242 0.978250 0.207429
vn 0.000492 0.978604 0.205751
vn 0.007344 0.927848 0.372887
vn 0.003138 0.922729 0.385437
vn 0.000411 0.977263 0.212030
vn 0.000733 0.977825 0.209422
vn 0.001131 0.922585 0.385794
vn 0.004152 0.920033 0.391818
vn -0.000035 0.976971 0.213371
vn 0.000066 0.977022 0.213141
vn -0.002062 0.916563 0.399886
vn -0.007272 0.914350 0.404860
vn -0.005922 0.977806 0.209431
vn -0.003313 0.977229 0.212159
vn 0.000174 0.994851 0.101352
vn 0.000271 0.994708 0.102741
vn 0.000094 0.994852 0.101337
vn 0.000626 0.953889 0.300159
vn 0.000252 0.953803 0.300432
vn -0.000164 0.954077 0.299560
vn 0.000061 0.994861 0.101255
vn 0.000026 0.994866 0.101203
vn 0.000167 0.954236 0.299055
vn 0.000415 0.954113 0.299446
vn 0.000033 0.994868 0.101177
vn 0.000018 0.994872 0.101143
vn -0.000184 0.954189 0.299206
vn 0.000043 0.954263 0.298968
vn -0.000015 0.994873 0.101130
vn -0.000027 0.994869 0.101175
vn -0.000646 0.953687 0.300800
vn -0.000437 0.953995 0.299824
vn -0.000033 0.994862 0.101240
vn -0.000035 0.994856 0.101298
vn -0.000725 0.952874 0.303365
vn -0.000754 0.953293 0.302047
vn -0.000017 0.994850 0.101355
vn -0.000035 0.994846 0.101401
vn -0.000401 0.952230 0.305382
vn -0.000529 0.952509 0.304510
vn -0.000048 0.994841 0.101443
vn -0.000022 0.994834 0.101513
vn -0.000115 0.951920 0.306345
vn -0.000272 0.952037 0.305984
vn -0.000035 0.994833 0.101529
vn -0.000057 0.994835 0.101504
vn 0.000564 0.952174 0.305555
vn 0.000226 0.951946 0.306264
vn -0.000073 0.994831 0.101545
vn -0.000083 0.994812 0.101735
vn -0.000292 0.952469 0.304637
vn 0.000338 0.952404 0.304838
vn -0.000236 0.994788 0.101969
vn -0.000430 0.994386 0.105811
vn -0.001700 0.950964 0.309296
vn -0.001264 0.952115 0.305738
vn 0.000175 0.897653 0.440702
vn -0.001028 0.898232 0.439520
vn 0.000707 0.897493 0.441028
vn -0.000858 0.921115 0.389290
vn 0.000861 0.921335 0.388769
vn 0.002007 0.920849 0.389915
vn -0.000063 0.897102 0.441824
vn -0.000408 0.896568 0.442906
vn -0.001552 0.919735 0.392538
vn -0.001489 0.920281 0.391255
vn -0.000590 0.896073 0.443906
vn -0.001211 0.895509 0.445041
vn -0.002292 0.919012 0.394223
vn -0.001573 0.919344 0.393451
vn -0.001871 0.894768 0.446527
vn -0.002529 0.893798 0.448463
vn -0.004148 0.918443 0.395531
vn -0.003231 0.918744 0.394841
vn -0.002772 0.892691 0.450662
vn -0.002654 0.891561 0.452894
vn -0.004207 0.917950 0.396673
vn -0.004417 0.918214 0.396060
vn -0.002193 0.890516 0.454946
vn -0.001739 0.889576 0.456784
vn -0.003070 0.917386 0.397986
vn -0.003679 0.917735 0.397177
vn -0.001340 0.888783 0.458327
vn -0.000878 0.888125 0.459602
vn -0.002045 0.916544 0.399930
vn -0.002581 0.917054 0.398754
vn 0.000034 0.887673 0.460475
vn 0.001148 0.887531 0.460747
vn 0.000673 0.915345 0.402670
vn -0.000947 0.916006 0.401164
vn 0.000764 0.887567 0.460678
vn -0.001076 0.887280 0.461229
vn -0.002223 0.914210 0.405235
vn 0.000372 0.914780 0.403952
vn -0.003813 0.886152 0.463380
vn -0.005008 0.885736 0.464163
vn -0.010440 0.913236 0.407298
vn -0.007155 0.913340 0.407135
vn 0.002500 0.984504 -0.175343
vn 0.007514 0.987417 -0.157961
vn -0.002641 0.985142 -0.171722
vn -0.005268 0.257581 -0.966242
vn -0.002478 0.248498 -0.968629
vn -0.001295 0.248361 -0.968667
vn -0.002467 0.985228 -0.171227
vn -0.001800 0.985266 -0.171020
vn -0.007710 0.281064 -0.959658
vn -0.007218 0.267727 -0.963468
vn -0.001622 0.985259 -0.171063
vn -0.002105 0.985209 -0.171344
vn -0.006182 0.309889 -0.950753
vn -0.007750 0.295879 -0.955194
vn -0.002850 0.985106 -0.171923
vn -0.003563 0.984883 -0.173187
vn -0.002620 0.330279 -0.943880
vn -0.004312 0.321398 -0.946935
vn -0.003697 0.984636 -0.174579
vn -0.003462 0.984366 -0.176099
vn -0.001204 0.342863 -0.939385
vn -0.001584 0.337022 -0.941496
vn -0.003058 0.984211 -0.176971
vn -0.002583 0.984103 -0.177581
vn -0.001307 0.354835 -0.934928
vn -0.001311 0.348655 -0.937250
vn -0.002204 0.984126 -0.177459
vn -0.001533 0.984191 -0.177107
vn -0.000919 0.367949 -0.929846
vn -0.001112 0.361039 -0.932550
vn -0.000762 0.984310 -0.176444
vn 0.000285 0.984659 -0.174492
vn -0.003701 0.389052 -0.921208
vn -0.002458 0.377344 -0.926070
vn -0.000117 0.985160 -0.171637
vn -0.001845 0.985593 -0.169126
vn 0.002355 0.402952 -0.915218
vn -0.002160 0.399335 -0.916803
vn -0.007578 0.985438 -0.169869
vn -0.012850 0.983312 -0.181475
vn 0.017185 0.370958 -0.928491
vn 0.011349 0.389993 -0.920748
vn -0.004711 0.073003 -0.997321
vn -0.005341 0.071440 -0.997431
vn -0.006923 0.076834 -0.997020
vn -0.007141 0.001427 -0.999974
vn -0.005215 0.001094 -0.999986
vn -0.006235 0.000821 -0.999980
vn -0.011035 0.080912 -0.996660
vn -0.013453 0.088049 -0.996025
vn -0.015542 0.000150 -0.999879
vn -0.012031 0.001067 -0.999927
vn -0.013390 0.095942 -0.995297
vn -0.009966 0.103594 -0.994570
vn -0.010648 -0.001148 -0.999943
vn -0.015125 -0.000732 -0.999885
vn -0.005804 0.108606 -0.994068
vn -0.002092 0.112216 -0.993682
vn -0.000814 0.000187 -1.000000
vn -0.005385 -0.000846 -0.999985
vn 0.000397 0.113127 -0.993580
vn 0.001418 0.113628 -0.993522
vn 0.004399 0.002145 -0.999988
vn 0.002695 0.001380 -0.999995
vn 0.001137 0.112766 -0.993621
vn 0.001073 0.112923 -0.993603
vn 0.003799 0.002799 -0.999989
vn 0.004086 0.002467 -0.999989
vn 0.001224 0.112254 -0.993679
vn 0.000005 0.113325 -0.993558
vn 0.001677 0.003630 -0.999992
vn 0.003820 0.003244 -0.999987
vn -0.004050 0.115889 -0.993254
vn -0.005214 0.119980 -0.992763
vn -0.003401 0.002801 -0.999990
vn -0.003046 0.003534 -0.999989
vn 0.000030 0.121059 -0.992645
vn 0.012227 0.116746 -0.993087
vn 0.019578 0.000772 -0.999808
vn 0.003518 0.001930 -0.999992
vn 0.038096 0.099996 -0.994258
vn 0.055106 0.088346 -0.994564
vn 0.061435 0.006942 -0.998087
vn 0.046171 0.003452 -0.998928
vn -0.005814 -0.000173 -0.999983
vn -0.006274 -0.000574 -0.999980
vn -0.007406 0.000286 -0.999973
vn -0.007605 0.000452 -0.999971
vn -0.006334 0.000339 -0.999980
vn -0.006349 0.000229 -0.999980
vn -0.011357 -0.000025 -0.999936
vn -0.014605 -0.000865 -0.999893
vn -0.013810 -0.000661 -0.999904
vn -0.010753 0.000100 -0.999942
vn -0.014320 -0.001589 -0.999896
vn -0.010418 -0.001803 -0.999944
vn -0.010470 -0.001245 -0.999944
vn -0.013800 -0.001227 -0.999904
vn -0.005875 -0.001432 -0.999982
vn -0.001761 -0.000680 -0.999998
vn -0.002403 -0.000267 -0.999997
vn -0.006340 -0.000840 -0.999980
vn 0.001927 0.000142 -0.999998
vn 0.004119 0.000643 -0.999991
vn 0.003982 0.000707 -0.999992
vn 0.001342 0.000347 -0.999999
vn 0.003976 0.000785 -0.999992
vn 0.003375 0.001059 -0.999994
vn 0.002870 0.000792 -0.999996
vn 0.004016 0.000658 -0.999992
vn 0.003500 0.001454 -0.999993
vn 0.001607 0.001434 -0.999998
vn 0.001872 0.001185 -0.999998
vn 0.003194 0.001218 -0.999994
vn -0.002600 0.000983 -0.999996
vn -0.002378 0.000434 -0.999997
vn -0.001466 0.000017 -0.999999
vn -0.002185 0.000704 -0.999997
vn 0.005076 -0.000566 -0.999987
vn 0.020910 -0.000981 -0.999781
vn 0.020717 -0.000889 -0.999785
vn 0.006733 -0.000923 -0.999977
vn 0.040194 0.002584 -0.999189
vn 0.048794 0.005838 -0.998792
vn 0.040801 0.004316 -0.999158
vn 0.035036 0.001987 -0.999384
vn -0.006520 0.000508 -0.999979
vn -0.006140 0.000456 -0.999981
vn -0.007611 0.000484 -0.999971
vn -0.007477 0.000481 -0.999972
vn -0.006600 0.000582 -0.999978
vn -0.005958 0.000593 -0.999982
vn -0.010185 0.000074 -0.999948
vn -0.013091 -0.000638 -0.999914
vn -0.012402 -0.000654 -0.999923
vn -0.009623 0.000049 -0.999954
vn -0.013434 -0.001141 -0.999909
vn -0.010717 -0.001021 -0.999942
vn -0.011063 -0.001022 -0.999938
vn -0.013153 -0.001134 -0.999913
vn -0.006713 -0.000535 -0.999977
vn -0.002856 -0.000032 -0.999996
vn -0.003233 -0.000044 -0.999995
vn -0.007080 -0.000536 -0.999975
vn 0.000883 0.000508 -1.000000
vn 0.003989 0.000793 -0.999992
vn 0.004035 0.000764 -0.999992
vn 0.000466 0.000451 -1.000000
vn 0.004253 0.000615 -0.999991
vn 0.002371 0.000630 -0.999997
vn 0.002000 0.000440 -0.999998
vn 0.004604 0.000585 -0.999989
vn 0.002850 0.001061 -0.999995
vn 0.002039 0.001193 -0.999997
vn 0.002011 0.001057 -0.999997
vn 0.002451 0.000804 -0.999997
vn -0.001688 0.000737 -0.999998
vn -0.000195 -0.000206 -1.000000
vn 0.001285 -0.000271 -0.999999
vn -0.001064 0.000696 -0.999999
vn 0.008062 -0.001170 -0.999967
vn 0.020119 -0.000937 -0.999797
vn 0.019380 -0.000988 -0.999812
vn 0.009144 -0.001228 -0.999958
vn 0.031205 0.001484 -0.999512
vn 0.035473 0.003295 -0.999365
vn 0.031587 0.002421 -0.999498
vn 0.028203 0.000996 -0.999602
vn -0.006564 0.000772 -0.999978
vn -0.005783 0.000854 -0.999983
vn -0.007227 0.000529 -0.999974
vn -0.006872 0.000542 -0.999976
vn -0.006431 0.000814 -0.999979
vn -0.005658 0.000915 -0.999984
vn -0.009067 0.000029 -0.999959
vn -0.011707 -0.000680 -0.999931
vn -0.010987 -0.000686 -0.999940
vn -0.008508 0.000028 -0.999964
vn -0.012884 -0.001205 -0.999916
vn -0.011399 -0.001112 -0.999934
vn -0.011727 -0.001197 -0.999931
vn -0.012602 -0.001234 -0.999920
vn -0.007434 -0.000627 -0.999972
vn -0.003593 -0.000132 -0.999994
vn -0.003995 -0.000227 -0.999992
vn -0.007787 -0.000740 -0.999969
vn 0.000124 0.000338 -1.000000
vn 0.004025 0.000654 -0.999992
vn 0.003930 0.000574 -0.999992
vn -0.000157 0.000239 -1.000000
vn 0.004891 0.000619 -0.999988
vn 0.001826 0.000440 -0.999998
vn 0.001833 0.000499 -0.999998
vn 0.005005 0.000661 -0.999987
vn 0.002090 0.000629 -0.999998
vn 0.001810 0.000908 -0.999998
vn 0.001527 0.000800 -0.999999
vn 0.001831 0.000566 -0.999998
vn -0.000438 0.000661 -1.000000
vn 0.002812 -0.000257 -0.999996
vn 0.004205 -0.000159 -0.999991
vn 0.000164 0.000612 -1.000000
vn 0.010068 -0.001125 -0.999949
vn 0.018785 -0.000976 -0.999823
vn 0.018335 -0.000811 -0.999832
vn 0.010843 -0.000920 -0.999941
vn 0.025850 0.000539 -0.999666
vn 0.028400 0.001658 -0.999595
vn 0.025837 0.001292 -0.999665
vn 0.023979 0.000411 -0.999712
vn -0.006281 0.000838 -0.999980
vn -0.005574 0.000938 -0.999984
vn -0.006477 0.000555 -0.999979
vn -0.006054 0.000585 -0.999982
vn -0.006129 0.000870 -0.999981
vn -0.005546 0.000963 -0.999984
vn -0.007943 0.000021 -0.999969
vn -0.010261 -0.000695 -0.999947
vn -0.009603 -0.000655 -0.999954
vn -0.007338 0.000019 -0.999973
vn -0.012302 -0.001278 -0.999924
vn -0.011995 -0.001297 -0.999927
vn -0.012184 -0.001400 -0.999925
vn -0.011923 -0.001236 -0.999928
vn -0.008157 -0.000843 -0.999966
vn -0.004387 -0.000329 -0.999990
vn -0.004755 -0.000433 -0.999989
vn -0.008598 -0.000979 -0.999963
vn -0.000399 0.000118 -1.000000
vn 0.003736 0.000516 -0.999993
vn 0.003424 0.000510 -0.999994
vn -0.000680 0.000038 -1.000000
vn 0.004972 0.000736 -0.999987
vn 0.001896 0.000629 -0.999998
vn 0.001974 0.000762 -0.999998
vn 0.004838 0.000816 -0.999988
vn 0.001680 0.000634 -0.999998
vn 0.001272 0.000769 -0.999999
vn 0.001147 0.000816 -0.999999
vn 0.001571 0.000759 -0.999999
vn 0.000720 0.000595 -1.000000
vn 0.005400 -0.000018 -0.999986
vn 0.006356 0.000056 -0.999980
vn 0.001264 0.000563 -0.999999
vn 0.011528 -0.000627 -0.999933
vn 0.017877 -0.000459 -0.999840
vn 0.017457 -0.000159 -0.999848
vn 0.012014 -0.000333 -0.999928
vn 0.022669 0.000430 -0.999743
vn 0.024428 0.000968 -0.999701
vn 0.023999 0.000672 -0.999712
vn 0.021968 0.000383 -0.999759
vn -0.005991 0.000894 -0.999982
vn -0.005560 0.000973 -0.999984
vn -0.005597 0.000611 -0.999984
vn -0.005100 0.000609 -0.999987
vn -0.005843 0.000922 -0.999983
vn -0.005583 0.001013 -0.999984
vn -0.006683 0.000005 -0.999978
vn -0.009048 -0.000665 -0.999959
vn -0.008520 -0.000703 -0.999964
vn -0.005992 -0.000015 -0.999982
vn -0.011492 -0.001216 -0.999933
vn -0.012238 -0.001455 -0.999924
vn -0.012199 -0.001574 -0.999924
vn -0.011041 -0.001276 -0.999938
vn -0.009067 -0.001117 -0.999958
vn -0.005097 -0.000578 -0.999987
vn -0.005468 -0.000806 -0.999985
vn -0.009484 -0.001329 -0.999954
vn -0.001028 -0.000070 -1.000000
vn 0.003002 0.000510 -0.999995
vn 0.002420 0.000449 -0.999997
vn -0.001455 -0.000241 -0.999999
vn 0.004636 0.000921 -0.999989
vn 0.002110 0.000835 -0.999997
vn 0.002403 0.000832 -0.999997
vn 0.004401 0.000964 -0.999990
vn 0.001445 0.000785 -0.999999
vn 0.001107 0.000859 -0.999999
vn 0.001096 0.000786 -0.999999
vn 0.001278 0.000698 -0.999999
vn 0.001888 0.000571 -0.999998
vn 0.007088 0.000132 -0.999975
vn 0.007609 0.000197 -0.999971
vn 0.002535 0.000536 -0.999997
vn 0.012316 -0.000094 -0.999924
vn 0.017227 0.000033 -0.999852
vn 0.017173 0.000146 -0.999853
vn 0.012510 0.000078 -0.999922
vn 0.021718 0.000296 -0.999764
vn 0.023932 0.000414 -0.999714
vn 0.024064 0.000255 -0.999711
vn 0.021746 0.000234 -0.999764
vn -0.005631 0.000908 -0.999984
vn -0.005601 0.001033 -0.999984
vn -0.004540 0.000532 -0.999990
vn -0.003917 0.000378 -0.999992
vn -0.005311 0.000838 -0.999986
vn -0.005548 0.001018 -0.999984
vn -0.005319 -0.000106 -0.999986
vn -0.007972 -0.000789 -0.999968
vn -0.007396 -0.001006 -0.999972
vn -0.004647 -0.000295 -0.999989
vn -0.010529 -0.001424 -0.999944
vn -0.012082 -0.001824 -0.999925
vn -0.011896 -0.002190 -0.999927
vn -0.009909 -0.001701 -0.999949
vn -0.009865 -0.001618 -0.999950
vn -0.005890 -0.001051 -0.999982
vn -0.006347 -0.001416 -0.999979
vn -0.010286 -0.002008 -0.999945
vn -0.001909 -0.000456 -0.999998
vn 0.001713 0.000275 -0.999999
vn 0.000989 -0.000004 -1.000000
vn -0.002429 -0.000758 -0.999997
vn 0.004083 0.000928 -0.999991
vn 0.002850 0.000817 -0.999996
vn 0.003305 0.000864 -0.999994
vn 0.003571 0.000745 -0.999993
vn 0.001211 0.000488 -0.999999
vn 0.001067 0.000499 -0.999999
vn 0.000996 0.000242 -1.000000
vn 0.001431 0.000409 -0.999999
vn 0.003091 0.000375 -0.999995
vn 0.007966 0.000192 -0.999968
vn 0.008201 0.000161 -0.999966
vn 0.003472 0.000235 -0.999994
vn 0.012672 0.000156 -0.999920
vn 0.017279 0.000165 -0.999851
vn 0.017465 0.000101 -0.999847
vn 0.012848 0.000130 -0.999918
vn 0.021914 0.000153 -0.999760
vn 0.024254 0.000143 -0.999706
vn 0.024484 0.000035 -0.999700
vn 0.022128 0.000062 -0.999755
vn -0.004830 0.000777 -0.999988
vn -0.005362 0.001041 -0.999985
vn -0.003209 0.000181 -0.999995
vn -0.002434 0.000123 -0.999997
vn -0.004119 0.000880 -0.999991
vn -0.004877 0.001275 -0.999987
vn -0.003986 -0.000527 -0.999992
vn -0.006755 -0.001267 -0.999976
vn -0.006034 -0.001477 -0.999981
vn -0.003298 -0.000656 -0.999994
vn -0.009196 -0.002052 -0.999956
vn -0.011702 -0.002584 -0.999928
vn -0.011556 -0.002752 -0.999930
vn -0.008479 -0.002259 -0.999961
vn -0.010727 -0.002405 -0.999940
vn -0.006839 -0.001778 -0.999975
vn -0.007489 -0.001754 -0.999970
vn -0.011230 -0.002526 -0.999934
vn -0.003086 -0.001016 -0.999995
vn 0.000267 -0.000160 -1.000000
vn -0.000449 0.000112 -1.000000
vn -0.003939 -0.000795 -0.999992
vn 0.002895 0.000659 -0.999996
vn 0.003595 0.000936 -0.999993
vn 0.003631 0.001249 -0.999993
vn 0.002214 0.000835 -0.999997
vn 0.001870 0.000539 -0.999998
vn 0.000953 0.000262 -1.000000
vn 0.000996 0.000756 -0.999999
vn 0.002298 0.001055 -0.999997
vn 0.003722 0.000256 -0.999993
vn 0.008404 0.000226 -0.999965
vn 0.008547 0.000718 -0.999963
vn 0.003904 0.000709 -0.999992
vn 0.013031 0.000211 -0.999915
vn 0.017660 0.000201 -0.999844
vn 0.017956 0.000627 -0.999839
vn 0.013175 0.000746 -0.999913
vn 0.022461 0.000064 -0.999748
vn 0.024917 -0.000059 -0.999690
vn 0.025540 0.000084 -0.999674
vn 0.022975 0.000295 -0.999736
vn -0.003140 0.001517 -0.999994
vn -0.004031 0.002050 -0.999990
vn -0.001577 0.000542 -0.999999
vn -0.000670 0.001482 -0.999999
vn -0.001895 0.002605 -0.999995
vn -0.002686 0.003278 -0.999991
vn -0.002541 -0.000353 -0.999997
vn -0.005243 -0.001261 -0.999985
vn -0.004211 -0.000806 -0.999991
vn -0.001612 0.000443 -0.999999
vn -0.007853 -0.002063 -0.999967
vn -0.011582 -0.002416 -0.999930
vn -0.012063 -0.001520 -0.999926
vn -0.007466 -0.001634 -0.999971
vn -0.011936 -0.001953 -0.999927
vn -0.008395 -0.000931 -0.999964
vn -0.009339 0.000343 -0.999956
vn -0.012901 -0.000672 -0.999917
vn -0.004836 0.000076 -0.999988
vn -0.001109 0.000898 -0.999999
vn -0.001980 0.002077 -0.999996
vn -0.005559 0.001152 -0.999984
vn 0.001562 0.001602 -0.999998
vn 0.003498 0.002025 -0.999992
vn 0.003613 0.002876 -0.999989
vn 0.001065 0.002839 -0.999995
vn 0.002534 0.001976 -0.999995
vn 0.001080 0.001792 -0.999998
vn 0.000920 0.003096 -0.999995
vn 0.002404 0.002804 -0.999993
vn 0.004024 0.001775 -0.999990
vn 0.008638 0.001818 -0.999961
vn 0.008861 0.003229 -0.999956
vn 0.004088 0.003325 -0.999986
vn 0.013430 0.001721 -0.999908
vn 0.018453 0.001395 -0.999829
vn 0.019074 0.002439 -0.999815
vn 0.013901 0.002903 -0.999899
vn 0.023603 0.000940 -0.999721
vn 0.026198 0.000697 -0.999657
vn 0.026932 0.001601 -0.999636
vn 0.024301 0.001894 -0.999703
vn -0.000226 0.003862 -0.999993
vn -0.000861 0.004828 -0.999988
vn 0.000718 0.001983 -0.999998
vn 0.001657 0.001909 -0.999997
vn 0.000750 0.004596 -0.999989
vn 0.000107 0.005727 -0.999984
vn -0.000177 0.000166 -1.000000
vn -0.003254 -0.001120 -0.999994
vn -0.002914 -0.001596 -0.999995
vn 0.000726 -0.000677 -1.000000
vn -0.007735 -0.001240 -0.999969
vn -0.013016 -0.000541 -0.999915
vn -0.013566 -0.000158 -0.999908
vn -0.008097 -0.001112 -0.999967
vn -0.013842 0.000353 -0.999904
vn -0.010048 0.001159 -0.999949
vn -0.010341 0.001369 -0.999946
vn -0.014251 0.000684 -0.999898
vn -0.006414 0.002092 -0.999977
vn -0.002930 0.003125 -0.999991
vn -0.003333 0.003456 -0.999989
vn -0.006961 0.002523 -0.999973
vn 0.001255 0.003313 -0.999994
vn 0.004061 0.002821 -0.999988
vn 0.004321 0.002490 -0.999988
vn 0.001609 0.003201 -0.999994
vn 0.001676 0.003037 -0.999994
vn 0.000371 0.003871 -0.999992
vn 0.000028 0.003982 -0.999992
vn 0.001127 0.002943 -0.999995
vn 0.004332 0.004142 -0.999982
vn 0.009361 0.003807 -0.999949
vn 0.009679 0.003682 -0.999946
vn 0.004538 0.004125 -0.999981
vn 0.014547 0.003334 -0.999889
vn 0.019804 0.002788 -0.999800
vn 0.020202 0.002590 -0.999793
vn 0.014904 0.003172 -0.999884
vn 0.025200 0.002088 -0.999680
vn 0.027955 0.001682 -0.999608
vn 0.028563 0.001316 -0.999591
vn 0.025722 0.001790 -0.999668
vn 0.010011 0.512389 0.858695
vn 0.014997 0.868239 0.495919
vn 0.014987 0.872113 0.489075
vn 0.009965 0.509366 0.860492
vn 0.014277 0.865997 0.499845
vn 0.009732 0.502453 0.864550
vn 0.015495 0.990417 0.137240
vn 0.014676 0.991183 0.131687
vn 0.015626 0.988905 0.147727
vn 0.012636 0.860588 0.509144
vn 0.009112 0.493620 0.869630
vn 0.010469 0.856160 0.516605
vn 0.007947 0.483723 0.875185
vn 0.012798 0.991846 0.126798
vn 0.010481 0.992340 0.123095
vn 0.007938 0.852765 0.522235
vn 0.005985 0.476305 0.879260
vn 0.005400 0.850212 0.526412
vn 0.003703 0.473328 0.880879
vn 0.008170 0.992617 0.121018
vn 0.005953 0.992684 0.120592
vn 0.003196 0.848264 0.529563
vn 0.001677 0.473956 0.880547
vn 0.001464 0.846957 0.531660
vn 0.000234 0.477157 0.878818
vn 0.003976 0.992612 0.121264
vn 0.002342 0.992449 0.122637
vn 0.000286 0.845896 0.533347
vn -0.000749 0.482145 0.876091
vn -0.000547 0.845129 0.534563
vn -0.001634 0.488288 0.872681
vn 0.001303 0.992175 0.124849
vn 0.000669 0.991795 0.127837
vn -0.000974 0.844531 0.535506
vn -0.001664 0.493795 0.869577
vn -0.001044 0.844237 0.535970
vn -0.001079 0.496879 0.867819
vn 0.000040 0.991341 0.131316
vn -0.000452 0.990874 0.134789
vn -0.000856 0.844158 0.536094
vn -0.000676 0.497772 0.867308
vn -0.000786 0.844000 0.536342
vn -0.000679 0.497141 0.867670
vn -0.000399 0.990406 0.138185
vn -0.000219 0.989890 0.141835
vn -0.001028 0.843629 0.536925
vn -0.001115 0.495866 0.868398
vn -0.001055 0.843451 0.537204
vn -0.000888 0.493932 0.869500
vn -0.000315 0.989315 0.145795
vn -0.000537 0.988719 0.149784
vn -0.000825 0.843209 0.537586
vn -0.000227 0.490622 0.871373
vn -0.000632 0.843238 0.537540
vn -0.000298 0.487961 0.872865
vn -0.000637 0.988158 0.153441
vn -0.000393 0.987696 0.156384
vn 0.000032 0.842867 0.538122
vn -0.000478 0.487281 0.873245
vn 0.000699 0.847601 0.530634
vn -0.000480 0.487248 0.873264
vn 0.000743 0.987272 0.159039
vn 0.001785 0.988172 0.153342
vn 0.008467 0.735191 -0.677807
vn 0.007670 0.720086 -0.693843
vn 0.006983 0.712048 -0.702097
vn 0.001979 0.270398 -0.962747
vn 0.001867 0.266604 -0.963804
vn 0.002301 0.278768 -0.960356
vn 0.006400 0.705507 -0.708674
vn 0.005557 0.701258 -0.712886
vn 0.001847 0.262660 -0.964887
vn 0.001751 0.260011 -0.965604
vn 0.004806 0.698784 -0.715317
vn 0.003880 0.697543 -0.716532
vn 0.001614 0.258392 -0.966039
vn 0.001349 0.257055 -0.966396
vn 0.003087 0.697277 -0.716796
vn 0.002399 0.697985 -0.716109
vn 0.001075 0.258927 -0.965896
vn 0.000990 0.262338 -0.964976
vn 0.002030 0.699259 -0.714865
vn 0.001807 0.701008 -0.713152
vn 0.000938 0.263190 -0.964744
vn 0.000869 0.263479 -0.964665
vn 0.001555 0.703087 -0.711102
vn 0.001106 0.705547 -0.708662
vn 0.000854 0.263302 -0.964713
vn 0.000591 0.265606 -0.964081
vn 0.001107 0.707822 -0.706390
vn 0.001413 0.710396 -0.703801
vn 0.000690 0.267509 -0.963555
vn 0.000910 0.265997 -0.963974
vn 0.001290 0.712923 -0.701241
vn 0.001195 0.715467 -0.698646
vn 0.000734 0.263895 -0.964551
vn 0.000681 0.265206 -0.964191
vn 0.000883 0.718060 -0.695980
vn 0.000651 0.719978 -0.693997
vn 0.000610 0.266776 -0.963758
vn 0.000387 0.266676 -0.963786
vn 0.001441 0.720973 -0.692962
vn 0.002192 0.713565 -0.700585
vn 0.000632 0.266770 -0.963760
vn 0.000884 0.262425 -0.964952
vn -0.024481 -0.788443 -0.614621
vn -0.010864 -0.790505 -0.612359
vn 0.001400 -0.800204 -0.599726
vn -0.020380 -0.992377 -0.121540
vn -0.003340 -0.993989 -0.109432
vn -0.032724 -0.991190 -0.128342
vn 0.000578 -0.798792 -0.601607
vn 0.000439 -0.797448 -0.603387
vn 0.002459 -0.994366 -0.105969
vn 0.003390 -0.993850 -0.110686
vn -0.000082 -0.794823 -0.606841
vn -0.001104 -0.793658 -0.608363
vn 0.003414 -0.993100 -0.117220
vn 0.002878 -0.992122 -0.125243
vn -0.010195 -0.794392 -0.607320
vn -0.004206 -0.785361 -0.619023
vn -0.003434 -0.990250 -0.139257
vn -0.000682 -0.988171 -0.153357
vn -0.001936 -0.793920 -0.608019
vn -0.001368 -0.783149 -0.621833
vn -0.000639 -0.987126 -0.159943
vn -0.000585 -0.986697 -0.162572
vn -0.000919 -0.789971 -0.613144
vn -0.007190 -0.782191 -0.622998
vn -0.000275 -0.986388 -0.164432
vn -0.003684 -0.985259 -0.171030
vn -0.000806 -0.782991 -0.622032
vn 0.005116 -0.779611 -0.626243
vn 0.000024 -0.984152 -0.177327
vn 0.003727 -0.984504 -0.175324
vn -0.000735 -0.784614 -0.619984
vn -0.004643 -0.775797 -0.630966
vn 0.000194 -0.984780 -0.173804
vn -0.000879 -0.983625 -0.180223
vn 0.000551 -0.777142 -0.629325
vn -0.002605 -0.776215 -0.630463
vn 0.003042 -0.982276 -0.187415
vn 0.000521 -0.981057 -0.193719
vn -0.002263 -0.776488 -0.630127
vn -0.001240 -0.782019 -0.623254
vn -0.000970 -0.979891 -0.199530
vn -0.002195 -0.979714 -0.200387
vn -0.026499 -0.999640 0.004312
vn -0.019372 -0.999809 -0.002686
vn -0.002494 -0.999891 -0.014580
vn 0.002763 -0.954924 -0.296839
vn 0.008317 -0.949675 -0.313128
vn 0.001768 -0.958778 -0.284150
vn 0.009671 -0.999659 -0.024277
vn 0.012239 -0.999347 -0.034011
vn 0.016983 -0.947629 -0.318922
vn 0.020619 -0.946429 -0.322253
vn 0.012585 -0.998954 -0.043974
vn 0.011179 -0.998571 -0.052251
vn 0.017941 -0.946182 -0.323139
vn 0.012483 -0.947662 -0.319031
vn 0.008165 -0.998316 -0.057438
vn 0.005138 -0.998169 -0.060269
vn 0.008308 -0.949874 -0.312524
vn 0.006004 -0.951654 -0.307113
vn 0.001158 -0.998138 -0.060986
vn -0.000641 -0.998198 -0.060010
vn 0.001753 -0.952413 -0.304804
vn 0.000115 -0.952842 -0.303468
vn 0.000950 -0.998241 -0.059273
vn 0.002340 -0.998216 -0.059657
vn 0.002581 -0.952897 -0.303283
vn 0.004560 -0.953189 -0.302342
vn 0.002224 -0.998122 -0.061217
vn 0.002626 -0.997948 -0.063983
vn 0.005930 -0.952976 -0.302988
vn 0.007488 -0.952600 -0.304135
vn 0.003691 -0.997695 -0.067762
vn 0.006072 -0.997409 -0.071679
vn 0.008500 -0.951950 -0.306134
vn 0.009792 -0.951846 -0.306422
vn 0.008543 -0.997021 -0.076662
vn 0.008972 -0.996379 -0.084548
vn 0.012590 -0.951973 -0.305924
vn 0.013975 -0.952701 -0.303586
vn 0.004581 -0.995624 -0.093334
vn 0.000063 -0.995236 -0.097498
vn 0.010911 -0.952708 -0.303690
vn 0.007999 -0.952449 -0.304594
vn 0.023387 -0.818592 -0.573900
vn 0.016977 -0.820078 -0.571999
vn 0.010603 -0.823462 -0.567272
vn 0.008164 -0.887850 -0.460060
vn 0.003931 -0.891020 -0.453946
vn 0.011823 -0.885294 -0.464882
vn 0.013149 -0.828308 -0.560119
vn 0.015558 -0.834875 -0.550220
vn 0.003590 -0.893516 -0.449017
vn 0.004346 -0.898967 -0.437995
vn 0.012170 -0.841224 -0.540550
vn 0.006782 -0.845509 -0.533918
vn 0.003821 -0.903141 -0.429328
vn 0.002160 -0.902679 -0.430309
vn 0.004367 -0.848135 -0.529762
vn 0.004314 -0.849955 -0.526837
vn 0.001467 -0.902943 -0.429757
vn 0.001869 -0.902661 -0.430348
vn 0.002359 -0.850853 -0.525398
vn 0.001926 -0.851080 -0.525033
vn 0.001403 -0.902576 -0.430527
vn 0.001384 -0.902154 -0.431411
vn 0.003684 -0.851383 -0.524531
vn 0.004868 -0.852490 -0.522721
vn 0.001914 -0.901937 -0.431864
vn 0.002382 -0.901755 -0.432241
vn 0.006385 -0.854161 -0.519970
vn 0.007534 -0.856566 -0.515983
vn 0.002972 -0.902126 -0.431463
vn 0.003122 -0.902524 -0.430628
vn 0.007683 -0.859438 -0.511183
vn 0.007862 -0.862648 -0.505743
vn 0.003094 -0.903200 -0.429210
vn 0.003000 -0.903662 -0.428235
vn 0.008931 -0.866233 -0.499561
vn 0.009238 -0.870441 -0.492186
vn 0.003137 -0.904483 -0.426498
vn 0.003263 -0.905035 -0.425325
vn 0.009050 -0.874302 -0.485298
vn 0.008839 -0.875998 -0.482234
vn 0.004496 -0.905637 -0.424030
vn 0.005407 -0.905685 -0.423916
vn 0.001272 -0.970106 -0.242677
vn 0.004239 -0.969161 -0.246391
vn 0.006101 -0.966301 -0.257344
vn 0.014757 -0.986343 -0.164042
vn 0.021609 -0.983356 -0.180402
vn 0.005990 -0.987593 -0.156923
vn 0.001006 -0.963960 -0.266047
vn -0.002700 -0.964266 -0.264921
vn 0.007104 -0.981078 -0.193484
vn -0.006326 -0.980499 -0.196423
vn -0.000867 -0.965310 -0.261104
vn 0.000393 -0.965435 -0.260644
vn -0.003638 -0.980992 -0.194013
vn -0.000673 -0.981497 -0.191476
vn 0.000334 -0.965176 -0.261603
vn 0.000051 -0.965094 -0.261903
vn -0.001507 -0.982064 -0.188544
vn -0.001558 -0.982525 -0.186124
vn 0.000283 -0.965092 -0.261911
vn 0.000516 -0.964889 -0.262657
vn -0.000730 -0.982781 -0.184771
vn -0.001095 -0.983112 -0.183005
vn 0.000386 -0.964646 -0.263551
vn -0.000283 -0.964730 -0.263242
vn -0.002418 -0.983808 -0.179209
vn -0.005390 -0.984769 -0.173784
vn -0.000757 -0.965387 -0.260820
vn -0.000619 -0.966124 -0.258079
vn -0.007530 -0.986005 -0.166546
vn -0.006967 -0.987266 -0.158923
vn -0.000696 -0.966884 -0.255214
vn -0.000299 -0.967496 -0.252888
vn -0.007926 -0.988544 -0.150727
vn -0.007431 -0.989898 -0.141588
vn -0.000196 -0.967926 -0.251237
vn -0.000355 -0.968451 -0.249202
vn -0.006386 -0.991138 -0.132685
vn -0.008206 -0.992262 -0.123895
vn -0.001496 -0.969938 -0.243347
vn -0.002558 -0.970991 -0.239101
vn -0.015018 -0.993570 -0.112221
vn -0.020453 -0.994229 -0.105306
vn 0.029472 -0.966585 -0.254648
vn 0.037077 -0.962358 -0.269244
vn 0.037229 -0.956063 -0.290788
vn 0.043449 -0.906499 -0.419966
vn 0.034718 -0.912254 -0.408151
vn 0.041900 -0.904099 -0.425263
vn 0.013856 -0.953471 -0.301167
vn -0.004675 -0.951941 -0.306246
vn 0.013112 -0.916869 -0.398973
vn -0.001370 -0.917843 -0.396941
vn -0.004572 -0.951277 -0.308303
vn -0.003867 -0.951996 -0.306086
vn -0.003118 -0.917109 -0.398623
vn -0.004601 -0.916220 -0.400650
vn -0.004433 -0.953265 -0.302104
vn -0.000974 -0.953787 -0.300482
vn -0.004173 -0.915280 -0.402797
vn 0.000984 -0.914480 -0.404630
vn -0.000948 -0.953626 -0.300994
vn -0.004308 -0.954678 -0.297610
vn -0.000430 -0.914165 -0.405342
vn -0.004878 -0.913453 -0.406915
vn -0.006098 -0.956106 -0.292956
vn -0.010180 -0.957570 -0.288020
vn -0.005244 -0.912255 -0.409589
vn -0.008876 -0.910372 -0.413696
vn -0.012280 -0.959057 -0.282947
vn -0.012151 -0.960627 -0.277576
vn -0.009821 -0.908108 -0.418621
vn -0.010337 -0.905671 -0.423855
vn -0.017484 -0.963098 -0.268584
vn -0.013270 -0.965679 -0.259398
vn -0.018263 -0.902823 -0.429623
vn -0.009748 -0.899702 -0.436395
vn -0.009367 -0.966516 -0.256436
vn -0.015539 -0.967635 -0.251875
vn -0.004981 -0.896774 -0.442460
vn -0.013139 -0.893713 -0.448447
vn -0.020162 -0.968758 -0.247188
vn -0.022777 -0.968710 -0.247147
vn -0.009370 -0.888588 -0.458611
vn -0.005221 -0.885319 -0.464954
vn 0.018641 -0.917814 -0.396574
vn 0.018608 -0.924143 -0.381593
vn 0.013555 -0.935005 -0.354376
vn 0.000552 -0.979544 -0.201230
vn 0.000362 -0.980007 -0.198963
vn 0.000404 -0.979063 -0.203557
vn 0.005459 -0.940477 -0.339814
vn 0.000030 -0.942140 -0.335219
vn 0.000316 -0.980353 -0.197251
vn 0.000288 -0.980650 -0.195770
vn -0.001219 -0.941680 -0.336508
vn -0.002175 -0.940778 -0.339017
vn -0.000139 -0.980747 -0.195281
vn -0.000320 -0.980531 -0.196364
vn -0.001855 -0.939679 -0.342054
vn 0.000575 -0.939326 -0.343025
vn -0.000356 -0.980202 -0.198000
vn -0.000139 -0.979955 -0.199221
vn -0.000467 -0.939587 -0.342311
vn -0.002386 -0.938642 -0.344886
vn -0.000311 -0.979743 -0.200257
vn -0.000435 -0.979393 -0.201965
vn -0.001889 -0.937482 -0.348029
vn -0.003522 -0.936020 -0.351929
vn -0.000158 -0.979107 -0.203346
vn -0.000379 -0.978869 -0.204489
vn -0.003917 -0.933524 -0.358494
vn -0.003924 -0.931106 -0.364727
vn -0.000511 -0.978457 -0.206451
vn -0.000264 -0.978091 -0.208178
vn -0.007337 -0.927921 -0.372705
vn -0.003141 -0.922804 -0.385256
vn -0.000771 -0.977651 -0.210231
vn -0.000435 -0.977076 -0.212892
vn -0.001131 -0.922675 -0.385578
vn -0.004146 -0.920133 -0.391583
vn -0.000077 -0.976823 -0.214048
vn 0.000006 -0.976762 -0.214327
vn 0.001799 -0.916675 -0.399630
vn 0.006750 -0.914467 -0.404604
vn 0.003103 -0.976984 -0.213290
vn 0.005539 -0.977534 -0.210705
vn -0.000012 -0.994736 -0.102467
vn -0.000050 -0.994871 -0.101154
vn -0.000090 -0.994865 -0.101210
vn -0.000044 -0.953695 -0.300775
vn -0.000627 -0.953782 -0.300498
vn 0.000555 -0.953972 -0.299896
vn -0.000058 -0.994873 -0.101128
vn -0.000024 -0.994879 -0.101077
vn -0.000415 -0.954010 -0.299774
vn -0.000168 -0.954136 -0.299374
vn -0.000033 -0.994881 -0.101051
vn -0.000021 -0.994885 -0.101018
vn -0.000043 -0.954165 -0.299280
vn 0.000184 -0.954092 -0.299513
vn 0.000011 -0.994886 -0.101003
vn 0.000023 -0.994882 -0.101043
vn 0.000438 -0.953898 -0.300132
vn 0.000648 -0.953589 -0.301111
vn 0.000028 -0.994876 -0.101102
vn 0.000030 -0.994871 -0.101156
vn 0.000756 -0.953193 -0.302362
vn 0.000726 -0.952773 -0.303684
vn 0.000014 -0.994865 -0.101209
vn 0.000031 -0.994861 -0.101253
vn 0.000530 -0.952406 -0.304832
vn 0.000402 -0.952126 -0.305705
vn 0.000044 -0.994856 -0.101296
vn 0.000019 -0.994849 -0.101366
vn 0.000272 -0.951934 -0.306305
vn 0.000114 -0.951818 -0.306664
vn 0.000033 -0.994847 -0.101388
vn 0.000056 -0.994848 -0.101375
vn -0.000228 -0.951846 -0.306577
vn -0.000566 -0.952078 -0.305855
vn 0.000073 -0.994843 -0.101423
vn 0.000085 -0.994824 -0.101610
vn -0.000339 -0.952312 -0.305125
vn 0.000292 -0.952380 -0.304915
vn 0.000114 -0.994809 -0.101758
vn 0.000158 -0.994424 -0.105457
vn 0.001043 -0.952026 -0.306015
vn 0.001283 -0.950861 -0.309616
vn 0.001261 -0.897973 -0.440050
vn -0.000066 -0.897432 -0.441154
vn -0.000699 -0.897291 -0.441439
vn 0.000583 -0.925290 -0.379259
vn 0.000924 -0.924554 -0.381051
vn 0.000736 -0.925312 -0.379206
vn 0.000072 -0.896893 -0.442247
vn 0.000416 -0.896353 -0.443340
vn 0.001528 -0.923736 -0.383028
vn 0.001581 -0.923197 -0.384324
vn 0.000598 -0.895855 -0.444346
vn 0.001220 -0.895289 -0.445485
vn 0.001595 -0.922813 -0.385245
vn 0.002312 -0.922482 -0.386034
vn 0.001885 -0.894544 -0.446975
vn 0.002546 -0.893571 -0.448915
vn 0.003251 -0.922217 -0.386658
vn 0.004167 -0.921921 -0.387356
vn 0.002790 -0.892461 -0.451116
vn 0.002672 -0.891329 -0.453349
vn 0.004433 -0.921698 -0.387882
vn 0.004222 -0.921437 -0.388504
vn 0.002209 -0.890282 -0.455405
vn 0.001754 -0.889338 -0.457247
vn 0.003696 -0.921227 -0.389007
vn 0.003088 -0.920882 -0.389830
vn 0.001353 -0.888541 -0.458795
vn 0.000888 -0.887878 -0.460077
vn 0.002602 -0.920557 -0.390601
vn 0.002069 -0.920051 -0.391793
vn -0.000027 -0.887422 -0.460959
vn -0.001146 -0.887274 -0.461241
vn 0.000976 -0.919525 -0.393031
vn -0.000642 -0.918872 -0.394556
vn -0.000762 -0.887306 -0.461181
vn 0.001088 -0.887015 -0.461740
vn -0.000338 -0.918308 -0.395866
vn 0.002243 -0.917737 -0.397182
vn 0.003695 -0.885861 -0.463937
vn 0.004741 -0.885420 -0.464768
vn 0.005840 -0.917357 -0.398023
vn 0.007752 -0.917767 -0.397044
vn 0.000414 -0.983599 0.180367
vn 0.001538 -0.980857 0.194725
vn 0.002657 -0.981624 0.190807
vn 0.003964 -0.267743 0.963482
vn 0.005190 -0.275907 0.961170
vn 0.004382 -0.268669 0.963223
vn 0.002464 -0.981787 0.189971
vn 0.001801 -0.981927 0.189253
vn 0.007073 -0.285933 0.958224
vn 0.007524 -0.298997 0.954224
vn 0.001622 -0.982023 0.188752
vn 0.002089 -0.982069 0.188509
vn 0.007558 -0.313419 0.949585
vn 0.006037 -0.327072 0.944980
vn 0.002813 -0.982054 0.188580
vn 0.003505 -0.981896 0.189391
vn 0.004228 -0.338341 0.941014
vn 0.002589 -0.347121 0.937817
vn 0.003633 -0.981706 0.190368
vn 0.003400 -0.981479 0.191541
vn 0.001584 -0.353860 0.935297
vn 0.001210 -0.359755 0.933046
vn 0.003004 -0.981371 0.192097
vn 0.002537 -0.981304 0.192448
vn 0.001309 -0.365596 0.930773
vn 0.001296 -0.371816 0.928306
vn 0.002166 -0.981377 0.192078
vn 0.001505 -0.981497 0.191473
vn 0.001101 -0.378051 0.925784
vn 0.000896 -0.384961 0.922933
vn 0.000754 -0.981688 0.190495
vn -0.000269 -0.982112 0.188300
vn 0.002385 -0.394240 0.919004
vn 0.003579 -0.405677 0.914009
vn 0.000122 -0.982673 0.185347
vn 0.001776 -0.983114 0.182983
vn 0.002078 -0.415768 0.909468
vn -0.002308 -0.419469 0.907767
vn 0.003862 -0.982881 0.184199
vn 0.005514 -0.980669 0.195594
vn -0.012845 -0.408973 0.912456
vn -0.020299 -0.391777 0.919836
vn 0.006150 -0.073513 0.997275
vn 0.005118 -0.074846 0.997182
vn 0.006913 -0.078462 0.996893
vn 0.005234 -0.001199 0.999986
vn 0.007138 -0.001523 0.999973
vn 0.006277 -0.000942 0.999980
vn 0.011004 -0.082571 0.996524
vn 0.013405 -0.089737 0.995875
vn 0.012027 -0.001178 0.999927
vn 0.015536 -0.000286 0.999879
vn 0.013342 -0.097640 0.995132
vn 0.009935 -0.105319 0.994389
vn 0.015117 0.000566 0.999886
vn 0.010642 0.000951 0.999943
vn 0.005795 -0.110365 0.993874
vn 0.002104 -0.114035 0.993475
vn 0.005379 0.000625 0.999985
vn 0.000810 -0.000423 1.000000
vn -0.000370 -0.115008 0.993365
vn -0.001382 -0.115596 0.993295
vn -0.002694 -0.001623 0.999995
vn -0.004395 -0.002395 0.999987
vn -0.001102 -0.114814 0.993386
vn -0.001037 -0.115069 0.993357
vn -0.004082 -0.002722 0.999988
vn -0.003796 -0.003061 0.999988
vn -0.001190 -0.114489 0.993424
vn 0.000015 -0.115659 0.993289
vn -0.003818 -0.003511 0.999987
vn -0.001679 -0.003911 0.999991
vn 0.004047 -0.118294 0.992970
vn 0.005212 -0.122471 0.992458
vn 0.003043 -0.003838 0.999988
vn 0.003400 -0.003137 0.999989
vn 0.000009 -0.123646 0.992326
vn -0.012087 -0.119467 0.992765
vn -0.003509 -0.002284 0.999991
vn -0.019542 -0.001112 0.999808
vn -0.038160 -0.103237 0.993925
vn -0.055489 -0.092046 0.994208
vn -0.046177 -0.003777 0.998926
vn -0.061523 -0.007274 0.998079
vn 0.006275 0.000574 0.999980
vn 0.005815 0.000173 0.999983
vn 0.007406 -0.000286 0.999973
vn 0.006335 -0.000339 0.999980
vn 0.007605 -0.000451 0.999971
vn 0.006350 -0.000228 0.999980
vn 0.011357 0.000025 0.999936
vn 0.014606 0.000865 0.999893
vn 0.010753 -0.000100 0.999942
vn 0.013809 0.000661 0.999904
vn 0.014320 0.001589 0.999896
vn 0.010418 0.001803 0.999944
vn 0.013800 0.001227 0.999904
vn 0.010470 0.001245 0.999945
vn 0.005874 0.001433 0.999982
vn 0.001761 0.000680 0.999998
vn 0.006340 0.000840 0.999980
vn 0.002404 0.000267 0.999997
vn -0.001927 -0.000142 0.999998
vn -0.004119 -0.000643 0.999991
vn -0.001342 -0.000347 0.999999
vn -0.003983 -0.000707 0.999992
vn -0.003976 -0.000785 0.999992
vn -0.003376 -0.001059 0.999994
vn -0.004015 -0.000658 0.999992
vn -0.002869 -0.000792 0.999996
vn -0.003500 -0.001454 0.999993
vn -0.001607 -0.001434 0.999998
vn -0.003194 -0.001218 0.999994
vn -0.001872 -0.001185 0.999998
vn 0.002601 -0.000983 0.999996
vn 0.002376 -0.000434 0.999997
vn 0.002186 -0.000704 0.999997
vn 0.001464 -0.000017 0.999999
vn -0.005079 0.000567 0.999987
vn -0.020913 0.000980 0.999781
vn -0.006737 0.000923 0.999977
vn -0.020717 0.000889 0.999785
vn -0.040188 -0.002583 0.999189
vn -0.048796 -0.005837 0.998792
vn -0.035033 -0.001986 0.999384
vn -0.040801 -0.004316 0.999158
vn 0.006140 -0.000456 0.999981
vn 0.006521 -0.000508 0.999979
vn 0.007611 -0.000485 0.999971
vn 0.006600 -0.000582 0.999978
vn 0.007477 -0.000481 0.999972
vn 0.005959 -0.000593 0.999982
vn 0.010184 -0.000074 0.999948
vn 0.013091 0.000638 0.999914
vn 0.009623 -0.000049 0.999954
vn 0.012402 0.000654 0.999923
vn 0.013434 0.001141 0.999909
vn 0.010716 0.001021 0.999942
vn 0.013153 0.001133 0.999913
vn 0.011063 0.001022 0.999938
vn 0.006713 0.000534 0.999977
vn 0.002856 0.000032 0.999996
vn 0.007080 0.000535 0.999975
vn 0.003233 0.000044 0.999995
vn -0.000884 -0.000508 1.000000
vn -0.003990 -0.000793 0.999992
vn -0.000466 -0.000451 1.000000
vn -0.004035 -0.000764 0.999992
vn -0.004252 -0.000615 0.999991
vn -0.002370 -0.000630 0.999997
vn -0.004604 -0.000585 0.999989
vn -0.001999 -0.000440 0.999998
vn -0.002850 -0.001061 0.999995
vn -0.002039 -0.001193 0.999997
vn -0.002452 -0.000804 0.999997
vn -0.002011 -0.001057 0.999997
vn 0.001688 -0.000737 0.999998
vn 0.000193 0.000207 1.000000
vn 0.001064 -0.000696 0.999999
vn -0.001286 0.000271 0.999999
vn -0.008064 0.001170 0.999967
vn -0.020118 0.000937 0.999797
vn -0.009145 0.001227 0.999957
vn -0.019380 0.000988 0.999812
vn -0.031203 -0.001483 0.999512
vn -0.035473 -0.003295 0.999365
vn -0.028201 -0.000995 0.999602
vn -0.031587 -0.002421 0.999498
vn 0.005783 -0.000854 0.999983
vn 0.006564 -0.000772 0.999978
vn 0.007228 -0.000529 0.999974
vn 0.006431 -0.000814 0.999979
vn 0.006872 -0.000541 0.999976
vn 0.005658 -0.000914 0.999984
vn 0.009067 -0.000029 0.999959
vn 0.011707 0.000681 0.999931
vn 0.008508 -0.000028 0.999964
vn 0.010988 0.000685 0.999939
vn 0.012885 0.001205 0.999916
vn 0.011400 0.001112 0.999934
vn 0.012602 0.001233 0.999920
vn 0.011728 0.001197 0.999931
vn 0.007435 0.000627 0.999972
vn 0.003593 0.000132 0.999994
vn 0.007788 0.000740 0.999969
vn 0.003995 0.000227 0.999992
vn -0.000124 -0.000338 1.000000
vn -0.004025 -0.000654 0.999992
vn 0.000157 -0.000238 1.000000
vn -0.003929 -0.000574 0.999992
vn -0.004891 -0.000619 0.999988
vn -0.001826 -0.000440 0.999998
vn -0.005005 -0.000661 0.999987
vn -0.001833 -0.000499 0.999998
vn -0.002090 -0.000628 0.999998
vn -0.001810 -0.000908 0.999998
vn -0.001831 -0.000566 0.999998
vn -0.001527 -0.000800 0.999999
vn 0.000437 -0.000660 1.000000
vn -0.002813 0.000258 0.999996
vn -0.000164 -0.000612 1.000000
vn -0.004206 0.000159 0.999991
vn -0.010069 0.001125 0.999949
vn -0.018784 0.000975 0.999823
vn -0.010844 0.000920 0.999941
vn -0.018334 0.000811 0.999832
vn -0.025849 -0.000539 0.999666
vn -0.028401 -0.001658 0.999595
vn -0.023979 -0.000411 0.999712
vn -0.025838 -0.001292 0.999665
vn 0.005575 -0.000938 0.999984
vn 0.006282 -0.000838 0.999980
vn 0.006477 -0.000555 0.999979
vn 0.006130 -0.000870 0.999981
vn 0.006055 -0.000585 0.999982
vn 0.005547 -0.000963 0.999984
vn 0.007943 -0.000022 0.999968
vn 0.010261 0.000695 0.999947
vn 0.007338 -0.000020 0.999973
vn 0.009603 0.000655 0.999954
vn 0.012302 0.001278 0.999924
vn 0.011996 0.001297 0.999927
vn 0.011923 0.001237 0.999928
vn 0.012184 0.001400 0.999925
vn 0.008157 0.000843 0.999966
vn 0.004387 0.000329 0.999990
vn 0.008597 0.000978 0.999963
vn 0.004755 0.000432 0.999989
vn 0.000399 -0.000118 1.000000
vn -0.003736 -0.000516 0.999993
vn 0.000680 -0.000038 1.000000
vn -0.003423 -0.000510 0.999994
vn -0.004972 -0.000736 0.999987
vn -0.001897 -0.000629 0.999998
vn -0.004838 -0.000816 0.999988
vn -0.001974 -0.000762 0.999998
vn -0.001680 -0.000634 0.999998
vn -0.001272 -0.000769 0.999999
vn -0.001571 -0.000759 0.999999
vn -0.001147 -0.000816 0.999999
vn -0.000719 -0.000595 1.000000
vn -0.005400 0.000018 0.999985
vn -0.001264 -0.000563 0.999999
vn -0.006356 -0.000056 0.999980
vn -0.011529 0.000627 0.999933
vn -0.017877 0.000459 0.999840
vn -0.012014 0.000333 0.999928
vn -0.017457 0.000158 0.999848
vn -0.022669 -0.000430 0.999743
vn -0.024429 -0.000968 0.999701
vn -0.021968 -0.000382 0.999759
vn -0.023999 -0.000672 0.999712
vn 0.005561 -0.000973 0.999984
vn 0.005992 -0.000894 0.999982
vn 0.005597 -0.000611 0.999984
vn 0.005843 -0.000922 0.999983
vn 0.005100 -0.000609 0.999987
vn 0.005583 -0.001013 0.999984
vn 0.006683 -0.000005 0.999978
vn 0.009049 0.000665 0.999959
vn 0.005992 0.000015 0.999982
vn 0.008520 0.000703 0.999963
vn 0.011493 0.001216 0.999933
vn 0.012238 0.001455 0.999924
vn 0.011042 0.001276 0.999938
vn 0.012199 0.001574 0.999924
vn 0.009066 0.001117 0.999958
vn 0.005097 0.000578 0.999987
vn 0.009484 0.001329 0.999954
vn 0.005468 0.000805 0.999985
vn 0.001029 0.000070 0.999999
vn -0.003001 -0.000510 0.999995
vn 0.001455 0.000241 0.999999
vn -0.002420 -0.000449 0.999997
vn -0.004636 -0.000921 0.999989
vn -0.002110 -0.000834 0.999997
vn -0.004401 -0.000964 0.999990
vn -0.002403 -0.000832 0.999997
vn -0.001445 -0.000785 0.999999
vn -0.001108 -0.000859 0.999999
vn -0.001278 -0.000698 0.999999
vn -0.001095 -0.000786 0.999999
vn -0.001889 -0.000571 0.999998
vn -0.007088 -0.000132 0.999975
vn -0.002535 -0.000536 0.999997
vn -0.007609 -0.000197 0.999971
vn -0.012316 0.000094 0.999924
vn -0.017227 -0.000033 0.999852
vn -0.012510 -0.000077 0.999922
vn -0.017174 -0.000146 0.999853
vn -0.021717 -0.000296 0.999764
vn -0.023931 -0.000414 0.999714
vn -0.021746 -0.000234 0.999763
vn -0.024063 -0.000255 0.999711
vn 0.005602 -0.001033 0.999984
vn 0.005631 -0.000908 0.999984
vn 0.004539 -0.000531 0.999990
vn 0.005311 -0.000838 0.999986
vn 0.003917 -0.000378 0.999992
vn 0.005550 -0.001018 0.999984
vn 0.005318 0.000107 0.999986
vn 0.007973 0.000789 0.999968
vn 0.004647 0.000295 0.999989
vn 0.007396 0.001006 0.999972
vn 0.010530 0.001424 0.999944
vn 0.012081 0.001824 0.999925
vn 0.009909 0.001701 0.999950
vn 0.011896 0.002190 0.999927
vn 0.009865 0.001618 0.999950
vn 0.005891 0.001051 0.999982
vn 0.010286 0.002008 0.999945
vn 0.006348 0.001416 0.999979
vn 0.001909 0.000456 0.999998
vn -0.001712 -0.000275 0.999999
vn 0.002429 0.000758 0.999997
vn -0.000989 0.000004 1.000000
vn -0.004083 -0.000928 0.999991
vn -0.002850 -0.000817 0.999996
vn -0.003570 -0.000745 0.999993
vn -0.003306 -0.000864 0.999994
vn -0.001211 -0.000488 0.999999
vn -0.001066 -0.000499 0.999999
vn -0.001431 -0.000409 0.999999
vn -0.000995 -0.000242 0.999999
vn -0.003091 -0.000374 0.999995
vn -0.007966 -0.000192 0.999968
vn -0.003473 -0.000235 0.999994
vn -0.008201 -0.000161 0.999966
vn -0.012671 -0.000156 0.999920
vn -0.017279 -0.000165 0.999851
vn -0.012848 -0.000130 0.999917
vn -0.017464 -0.000101 0.999848
vn -0.021914 -0.000153 0.999760
vn -0.024254 -0.000144 0.999706
vn -0.022127 -0.000062 0.999755
vn -0.024483 -0.000035 0.999700
vn 0.005364 -0.001041 0.999985
vn 0.004830 -0.000777 0.999988
vn 0.003208 -0.000182 0.999995
vn 0.004118 -0.000880 0.999991
vn 0.002434 -0.000123 0.999997
vn 0.004877 -0.001275 0.999987
vn 0.003985 0.000527 0.999992
vn 0.006756 0.001267 0.999976
vn 0.003298 0.000656 0.999994
vn 0.006034 0.001477 0.999981
vn 0.009196 0.002052 0.999956
vn 0.011702 0.002584 0.999928
vn 0.008479 0.002259 0.999961
vn 0.011556 0.002752 0.999929
vn 0.010727 0.002405 0.999940
vn 0.006839 0.001778 0.999975
vn 0.011230 0.002526 0.999934
vn 0.007489 0.001755 0.999970
vn 0.003086 0.001016 0.999995
vn -0.000267 0.000160 1.000000
vn 0.003939 0.000795 0.999992
vn 0.000449 -0.000112 1.000000
vn -0.002894 -0.000659 0.999996
vn -0.003595 -0.000936 0.999993
vn -0.002214 -0.000835 0.999997
vn -0.003630 -0.001249 0.999993
vn -0.001870 -0.000539 0.999998
vn -0.000953 -0.000262 1.000000
vn -0.002298 -0.001055 0.999997
vn -0.000995 -0.000756 0.999999
vn -0.003722 -0.000256 0.999993
vn -0.008405 -0.000226 0.999965
vn -0.003904 -0.000709 0.999992
vn -0.008548 -0.000718 0.999963
vn -0.013031 -0.000212 0.999915
vn -0.017660 -0.000201 0.999844
vn -0.013175 -0.000746 0.999913
vn -0.017956 -0.000627 0.999839
vn -0.022460 -0.000064 0.999748
vn -0.024917 0.000059 0.999690
vn -0.022975 -0.000295 0.999736
vn -0.025541 -0.000084 0.999674
vn 0.004030 -0.002050 0.999990
vn 0.003139 -0.001517 0.999994
vn 0.001577 -0.000542 0.999999
vn 0.001894 -0.002604 0.999995
vn 0.000670 -0.001482 0.999999
vn 0.002685 -0.003278 0.999991
vn 0.002541 0.000353 0.999997
vn 0.005242 0.001261 0.999986
vn 0.001612 -0.000443 0.999999
vn 0.004211 0.000806 0.999991
vn 0.007853 0.002063 0.999967
vn 0.011582 0.002416 0.999930
vn 0.007465 0.001634 0.999971
vn 0.012064 0.001520 0.999926
vn 0.011936 0.001953 0.999927
vn 0.008395 0.000931 0.999964
vn 0.012900 0.000672 0.999917
vn 0.009339 -0.000343 0.999956
vn 0.004836 -0.000076 0.999988
vn 0.001109 -0.000898 0.999999
vn 0.005559 -0.001152 0.999984
vn 0.001981 -0.002077 0.999996
vn -0.001562 -0.001602 0.999998
vn -0.003498 -0.002025 0.999992
vn -0.001065 -0.002839 0.999995
vn -0.003613 -0.002876 0.999989
vn -0.002534 -0.001976 0.999995
vn -0.001080 -0.001792 0.999998
vn -0.002405 -0.002804 0.999993
vn -0.000920 -0.003096 0.999995
vn -0.004024 -0.001776 0.999990
vn -0.008638 -0.001818 0.999961
vn -0.004089 -0.003325 0.999986
vn -0.008860 -0.003229 0.999956
vn -0.013429 -0.001721 0.999908
vn -0.018453 -0.001395 0.999829
vn -0.013900 -0.002903 0.999899
vn -0.019074 -0.002439 0.999815
vn -0.023603 -0.000940 0.999721
vn -0.026198 -0.000697 0.999657
vn -0.024301 -0.001894 0.999703
vn -0.026932 -0.001601 0.999636
vn 0.000862 -0.004827 0.999988
vn 0.000225 -0.003862 0.999993
vn -0.000718 -0.001983 0.999998
vn -0.000750 -0.004596 0.999989
vn -0.001657 -0.001909 0.999997
vn -0.000105 -0.005727 0.999984
vn 0.000177 -0.000166 1.000000
vn 0.003253 0.001120 0.999994
vn -0.000727 0.000677 1.000000
vn 0.002914 0.001597 0.999995
vn 0.007735 0.001240 0.999969
vn 0.013016 0.000541 0.999915
vn 0.008097 0.001112 0.999967
vn 0.013566 0.000158 0.999908
vn 0.013842 -0.000353 0.999904
vn 0.010048 -0.001159 0.999949
vn 0.014251 -0.000684 0.999898
vn 0.010341 -0.001368 0.999946
vn 0.006415 -0.002092 0.999977
vn 0.002930 -0.003125 0.999991
vn 0.006961 -0.002523 0.999973
vn 0.003333 -0.003456 0.999988
vn -0.001255 -0.003313 0.999994
vn -0.004061 -0.002821 0.999988
vn -0.001609 -0.003201 0.999994
vn -0.004321 -0.002490 0.999988
vn -0.001675 -0.003037 0.999994
vn -0.000372 -0.003871 0.999992
vn -0.001126 -0.002944 0.999995
vn -0.000028 -0.003982 0.999992
vn -0.004333 -0.004142 0.999982
vn -0.009360 -0.003807 0.999949
vn -0.004540 -0.004125 0.999981
vn -0.009679 -0.003682 0.999946
vn -0.014547 -0.003334 0.999889
vn -0.019805 -0.002787 0.999800
vn -0.014905 -0.003172 0.999884
vn -0.020204 -0.002590 0.999793
vn -0.025199 -0.002088 0.999680
vn -0.027953 -0.001682 0.999608
vn -0.025722 -0.001790 0.999668
vn -0.028560 -0.001317 0.999591
vn 0.005323 -0.859679 0.510807
vn 0.005104 -0.861166 0.508298
vn 0.005104 -0.861168 0.508295
vn 0.005323 -0.859679 0.510807
vn 0.998351 0.021203 -0.053342
vn 0.993955 0.074401 -0.080739
vn 0.993955 0.074401 -0.080739
vn 0.998345 0.021332 -0.053409
vn 0.004583 -0.864956 0.501828
vn 0.004583 -0.864959 0.501822
vn 0.998425 -0.012290 -0.054733
vn 0.998449 -0.011965 -0.054379
vn 0.003801 -0.869917 0.493183
vn 0.003800 -0.869923 0.493174
vn 0.003099 -0.874955 0.484194
vn 0.003098 -0.874960 0.484185
vn 0.002550 -0.878723 0.477325
vn 0.002550 -0.878725 0.477323
vn 0.001854 -0.880409 0.474212
vn 0.001854 -0.880409 0.474212
vn 0.001195 -0.880176 0.474647
vn 0.001196 -0.880176 0.474646
vn 0.000724 -0.878525 0.477696
vn 0.000724 -0.878526 0.477694
vn 0.000409 -0.875867 0.482552
vn 0.000409 -0.875869 0.482548
vn 0.000015 -0.872703 0.488251
vn 0.000015 -0.872706 0.488247
vn -0.000292 -0.869874 0.493274
vn -0.000292 -0.869875 0.493272
vn -0.000346 -0.868117 0.496360
vn -0.000346 -0.868117 0.496360
vn -0.000380 -0.867532 0.497382
vn -0.000380 -0.867532 0.497382
vn -0.000574 -0.867779 0.496950
vn -0.000574 -0.867779 0.496950
vn -0.000839 -0.868513 0.495666
vn -0.000839 -0.868513 0.495665
vn -0.000895 -0.869723 0.493540
vn -0.000895 -0.869723 0.493539
vn -0.000655 -0.871311 0.490732
vn -0.000655 -0.871311 0.490730
vn -0.000366 -0.872602 0.488432
vn -0.000366 -0.872602 0.488431
vn -0.000289 -0.873156 0.487441
vn -0.000289 -0.873156 0.487441
vn -0.000302 -0.873257 0.487261
vn -0.000302 -0.873257 0.487261
vn -0.997915 -0.050084 0.040710
vn -0.999190 -0.023330 0.032776
vn -0.999186 -0.023479 0.032820
vn -0.997915 -0.050084 0.040710
vn -0.999214 -0.000284 0.039635
vn -0.999221 -0.000440 0.039462
vn 0.998297 -0.042629 -0.039813
vn 0.998221 -0.042380 -0.041936
vn 0.998355 -0.056359 -0.010577
vn 0.998382 -0.055782 -0.011062
vn -0.999183 0.026140 0.030829
vn -0.999143 0.025953 0.032261
vn -0.999569 0.028622 0.006488
vn -0.999567 0.028600 0.006923
vn 0.998590 -0.052685 -0.006478
vn 0.998601 -0.052462 -0.006579
vn 0.999143 -0.041379 -0.000513
vn 0.999138 -0.041465 -0.001869
vn -0.999799 0.017444 -0.009839
vn -0.999801 0.017321 -0.009896
vn -0.999905 0.004736 -0.012957
vn -0.999899 0.005886 -0.012966
vn 0.999629 -0.026191 0.007534
vn 0.999637 -0.025855 0.007553
vn 0.999942 -0.003948 0.010024
vn 0.999943 -0.003606 0.010080
vn -0.999940 -0.001192 -0.010929
vn -0.999937 -0.000942 -0.011146
vn -0.999950 -0.004413 -0.008982
vn -0.999950 -0.004396 -0.008987
vn 0.999866 0.011390 0.011743
vn 0.999867 0.011339 0.011751
vn 0.999918 0.009127 0.008989
vn 0.999917 0.009164 0.009008
vn -0.999962 -0.005483 -0.006768
vn -0.999962 -0.005486 -0.006824
vn -0.999989 -0.002869 -0.003799
vn -0.999989 -0.002898 -0.003813
vn 0.999956 0.002958 0.008929
vn 0.999955 0.002853 0.009102
vn 0.999878 0.007695 0.013572
vn 0.999875 0.007966 0.013638
vn -0.999990 0.004374 0.000366
vn -0.999988 0.004796 0.000627
vn -0.999863 0.016179 0.003532
vn -0.999859 0.016447 0.003497
vn 0.999564 0.022052 0.019625
vn 0.999559 0.022212 0.019716
vn 0.999448 0.029706 0.014857
vn 0.999449 0.029709 0.014826
vn -0.999842 0.017453 0.003245
vn -0.999842 0.017473 0.003244
vn -0.999981 0.006158 0.000974
vn -0.999981 0.006131 0.000965
vn 0.999779 0.020971 0.001389
vn 0.999786 0.020661 0.001230
vn 0.999945 0.005236 0.009118
vn 0.999930 0.004305 0.010980
vn -0.999974 -0.005418 0.004861
vn -0.999970 -0.005697 0.005186
vn -0.999964 -0.004858 -0.006923
vn -0.999945 -0.003999 -0.009729
vn 0.999185 0.008368 -0.039483
vn 0.999062 0.008954 -0.042379
vn 0.999823 -0.011734 0.014690
vn 0.999872 -0.010887 0.011706
vn -0.995487 0.017599 -0.093253
vn -0.995284 0.018068 -0.095311
vn -0.999749 -0.004385 -0.021978
vn -0.999676 -0.003481 -0.025225
vn 0.998131 -0.020110 0.057709
vn 0.997979 -0.020927 0.060001
vn 0.999904 -0.002180 0.013703
vn 0.999905 -0.002225 0.013612
vn -0.999500 -0.015165 0.027756
vn -0.999422 -0.015949 0.030016
vn -0.999843 -0.002431 -0.017558
vn -0.999845 -0.002366 -0.017459
vn 0.999625 0.013486 0.023852
vn 0.999585 0.015045 0.024580
vn 0.999365 0.033675 0.011663
vn 0.999384 0.033434 0.010721
vn -0.999530 -0.011932 -0.028241
vn -0.999500 -0.012682 -0.028977
vn -0.998412 -0.033049 -0.045612
vn -0.998369 -0.033775 -0.046037
vn 0.999417 0.034133 -0.001131
vn 0.999416 0.034144 -0.001142
vn 0.999248 0.038362 -0.005625
vn 0.999248 0.038362 -0.005625
vn -0.997891 -0.034173 -0.055193
vn -0.997888 -0.034040 -0.055320
vn -0.997817 -0.033005 -0.057195
vn -0.997817 -0.032978 -0.057213
vn 0.999276 0.037512 -0.006295
vn 0.999276 0.037512 -0.006295
vn 0.999307 0.036702 -0.006274
vn 0.999307 0.036702 -0.006274
vn -0.998118 -0.035311 -0.050132
vn -0.998116 -0.035314 -0.050164
vn -0.998478 -0.036221 -0.041589
vn -0.998478 -0.036216 -0.041603
vn 0.999329 0.036100 -0.006128
vn 0.999329 0.036100 -0.006128
vn 0.999353 0.035473 -0.005934
vn 0.999353 0.035473 -0.005934
vn -0.998678 -0.036773 -0.035929
vn -0.998677 -0.036775 -0.035935
vn -0.998808 -0.037004 -0.031829
vn -0.998808 -0.037002 -0.031833
vn 0.999368 0.035074 -0.005762
vn 0.999368 0.035074 -0.005762
vn 0.999384 0.034651 -0.005627
vn 0.999384 0.034651 -0.005628
vn -0.998901 -0.037130 -0.028598
vn -0.998901 -0.037131 -0.028601
vn -0.998970 -0.037078 -0.026151
vn -0.998970 -0.037077 -0.026152
vn 0.999392 0.034421 -0.005546
vn 0.999392 0.034421 -0.005546
vn 0.999402 0.034146 -0.005516
vn 0.999402 0.034146 -0.005516
vn -0.999009 -0.037022 -0.024690
vn -0.999009 -0.037022 -0.024690
vn -0.999030 -0.036858 -0.024098
vn -0.999030 -0.036858 -0.024098
vn 0.999406 0.034030 -0.005521
vn 0.999406 0.034030 -0.005521
vn 0.999412 0.033853 -0.005542
vn 0.999412 0.033853 -0.005542
vn -0.999035 -0.036794 -0.023985
vn -0.999035 -0.036794 -0.023985
vn -0.999040 -0.036609 -0.024077
vn -0.999040 -0.036609 -0.024077
vn 0.999412 0.033822 -0.005545
vn 0.999413 0.033822 -0.005545
vn 0.999416 0.033718 -0.005473
vn 0.999416 0.033718 -0.005473
vn -0.999037 -0.036571 -0.024257
vn -0.999037 -0.036570 -0.024257
vn -0.999037 -0.036381 -0.024521
vn -0.999037 -0.036381 -0.024521
vn 0.999416 0.033767 -0.005241
vn 0.999416 0.033768 -0.005241
vn 0.999420 0.033734 -0.004736
vn 0.999420 0.033734 -0.004736
vn -0.999027 -0.036364 -0.024946
vn -0.999027 -0.036364 -0.024946
vn -0.999019 -0.036169 -0.025534
vn -0.999020 -0.036170 -0.025534
vn 0.999418 0.033887 -0.003838
vn 0.999418 0.033887 -0.003838
vn 0.999422 0.033900 -0.002459
vn 0.999422 0.033900 -0.002460
vn -0.999002 -0.036160 -0.026221
vn -0.999002 -0.036160 -0.026221
vn -0.998989 -0.035928 -0.027033
vn -0.998989 -0.035928 -0.027034
vn 0.999414 0.034205 -0.000925
vn 0.999414 0.034204 -0.000926
vn -0.034869 0.999390 0.001893
vn -0.034624 0.999392 0.004178
vn -0.034625 0.999392 0.004176
vn -0.034868 0.999390 0.001891
vn -0.034029 0.999408 0.005145
vn -0.034029 0.999408 0.005145
vn 0.999410 0.034355 -0.000206
vn 0.999410 0.034355 -0.000206
vn -0.034874 0.999391 -0.001130
vn -0.034877 0.999392 -0.000260
vn -0.034877 0.999392 -0.000261
vn -0.034874 0.999391 -0.001130
vn -0.034907 0.999390 0.000246
vn -0.034857 0.999392 -0.000708
vn -0.034857 0.999392 -0.000708
vn -0.034908 0.999391 0.000246
vn -0.034998 0.999386 0.001853
vn -0.034938 0.999389 0.001103
vn -0.034938 0.999389 0.001102
vn -0.034998 0.999386 0.001853
vn -0.035142 0.999377 0.003264
vn -0.035039 0.999382 0.002708
vn -0.035038 0.999382 0.002708
vn -0.035142 0.999377 0.003264
vn -0.035304 0.999373 0.002680
vn -0.035240 0.999374 0.003048
vn -0.035240 0.999374 0.003048
vn -0.035304 0.999373 0.002680
vn -0.035466 0.999364 0.003704
vn -0.035357 0.999370 0.003030
vn -0.035357 0.999370 0.003030
vn -0.035466 0.999364 0.003704
vn -0.035757 0.999355 0.003316
vn -0.035612 0.999358 0.003806
vn -0.035613 0.999358 0.003806
vn -0.035757 0.999355 0.003316
vn -0.035893 0.999354 0.001808
vn -0.035785 0.999356 0.002619
vn -0.035785 0.999356 0.002618
vn -0.035893 0.999354 0.001808
vn -0.998967 -0.035867 -0.027888
vn -0.998967 -0.035867 -0.027889
vn -0.998963 -0.035686 -0.028294
vn -0.998962 -0.035686 -0.028294
vn -0.035914 0.999355 0.000579
vn -0.035852 0.999357 0.000973
vn -0.035852 0.999357 0.000973
vn -0.035914 0.999355 0.000579
s 1
g pPlane1
usemtl initialShadingGroup
f 1532/1115/1517 1533/3044/1518 1534/1117/1519 1535/1118/1520
f 1533/3044/1518 1536/3042/1521 1537/1120/1522 1534/1117/1519
f 1534/1117/1519 1537/1120/1522 1538/1121/1523 1539/1122/1524
f 1535/1118/1520 1534/1117/1519 1539/1122/1524 1540/1123/1525
f 1536/3042/1521 1541/3041/1526 1542/1125/1527 1537/1120/1522
f 1541/3041/1526 1543/3040/1528 1544/1127/1529 1542/1125/1527
f 1542/1125/1527 1544/1127/1529 1545/1128/1530 1546/1129/1531
f 1537/1120/1522 1542/1125/1527 1546/1129/1531 1538/1121/1523
f 1543/3040/1528 1547/3039/1532 1548/1131/1533 1544/1127/1529
f 1547/3039/1532 1549/3038/1534 1550/1133/1535 1548/1131/1533
f 1548/1131/1533 1550/1133/1535 1551/1134/1536 1552/1135/1537
f 1544/1127/1529 1548/1131/1533 1552/1135/1537 1545/1128/1530
f 1549/3038/1534 1553/3037/1538 1554/1137/1539 1550/1133/1535
f 1553/3037/1538 1555/3036/1540 1556/1139/1541 1554/1137/1539
f 1554/1137/1539 1556/1139/1541 1557/1140/1542 1558/1141/1543
f 1550/1133/1535 1554/1137/1539 1558/1141/1543 1551/1134/1536
f 1555/3036/1540 1559/3035/1544 1560/1143/1545 1556/1139/1541
f 1559/3035/1544 1561/3034/1546 1562/1145/1547 1560/1143/1545
f 1560/1143/1545 1562/1145/1547 1563/1146/1548 1564/1147/1549
f 1556/1139/1541 1560/1143/1545 1564/1147/1549 1557/1140/1542
f 1561/3034/1546 1565/3033/1550 1566/1149/1551 1562/1145/1547
f 1565/3033/1550 1567/3032/1552 1568/1151/1553 1566/1149/1551
f 1566/1149/1551 1568/1151/1553 1569/1152/1554 1570/1153/1555
f 1562/1145/1547 1566/1149/1551 1570/1153/1555 1563/1146/1548
f 1567/3032/1552 1571/3031/1556 1572/1155/1557 1568/1151/1553
f 1571/3031/1556 1573/3030/1558 1574/1157/1559 1572/1155/1557
f 1572/1155/1557 1574/1157/1559 1575/1158/1560 1576/1159/1561
f 1568/1151/1553 1572/1155/1557 1576/1159/1561 1569/1152/1554
f 1573/3030/1558 1577/3029/1562 1578/1161/1563 1574/1157/1559
f 1577/3029/1562 1579/3028/1564 1580/1163/1565 1578/1161/1563
f 1578/1161/1563 1580/1163/1565 1581/1164/1566 1582/1165/1567
f 1574/1157/1559 1578/1161/1563 1582/1165/1567 1575/1158/1560
f 1579/3028/1564 1583/3027/1568 1584/1167/1569 1580/1163/1565
f 1583/3027/1568 1585/3026/1570 1586/1169/1571 1584/1167/1569
f 1584/1167/1569 1586/1169/1571 1587/1170/1572 1588/1171/1573
f 1580/1163/1565 1584/1167/1569 1588/1171/1573 1581/1164/1566
f 1585/3026/1570 1589/3025/1574 1590/1173/1575 1586/1169/1571
f 1589/3025/1574 1591/3024/1576 1592/2961/1577 1590/1173/1575
f 1590/1173/1575 1592/2961/1577 1593/2960/1578 1594/1177/1579
f 1586/1169/1571 1590/1173/1575 1594/1177/1579 1587/1170/1572
f 1540/1123/1525 1539/1122/1524 1595/1178/1580 1596/1179/1581
f 1539/1122/1524 1538/1121/1523 1597/1180/1582 1595/1178/1580
f 1595/1178/1580 1597/1180/1582 1598/1181/1583 1599/1182/1584
f 1596/1179/1581 1595/1178/1580 1599/1182/1584 1600/1183/1585
f 1538/1121/1523 1546/1129/1531 1601/1184/1586 1597/1180/1582
f 1546/1129/1531 1545/1128/1530 1602/1185/1587 1601/1184/1586
f 1601/1184/1586 1602/1185/1587 1603/1186/1588 1604/1187/1589
f 1597/1180/1582 1601/1184/1586 1604/1187/1589 1598/1181/1583
f 1545/1128/1530 1552/1135/1537 1605/1188/1590 1602/1185/1587
f 1552/1135/1537 1551/1134/1536 1606/1189/1591 1605/1188/1590
f 1605/1188/1590 1606/1189/1591 1607/1190/1592 1608/1191/1593
f 1602/1185/1587 1605/1188/1590 1608/1191/1593 1603/1186/1588
f 1551/1134/1536 1558/1141/1543 1609/1192/1594 1606/1189/1591
f 1558/1141/1543 1557/1140/1542 1610/1193/1595 1609/1192/1594
f 1609/1192/1594 1610/1193/1595 1611/1194/1596 1612/1195/1597
f 1606/1189/1591 1609/1192/1594 1612/1195/1597 1607/1190/1592
f 1557/1140/1542 1564/1147/1549 1613/1196/1598 1610/1193/1595
f 1564/1147/1549 1563/1146/1548 1614/1197/1599 1613/1196/1598
f 1613/1196/1598 1614/1197/1599 1615/1198/1600 1616/1199/1601
f 1610/1193/1595 1613/1196/1598 1616/1199/1601 1611/1194/1596
f 1563/1146/1548 1570/1153/1555 1617/1200/1602 1614/1197/1599
f 1570/1153/1555 1569/1152/1554 1618/1201/1603 1617/1200/1602
f 1617/1200/1602 1618/1201/1603 1619/1202/1604 1620/1203/1605
f 1614/1197/1599 1617/1200/1602 1620/1203/1605 1615/1198/1600
f 1569/1152/1554 1576/1159/1561 1621/1204/1606 1618/1201/1603
f 1576/1159/1561 1575/1158/1560 1622/1205/1607 1621/1204/1606
f 1621/1204/1606 1622/1205/1607 1623/1206/1608 1624/1207/1609
f 1618/1201/1603 1621/1204/1606 1624/1207/1609 1619/1202/1604
f 1575/1158/1560 1582/1165/1567 1625/1208/1610 1622/1205/1607
f 1582/1165/1567 1581/1164/1566 1626/1209/1611 1625/1208/1610
f 1625/1208/1610 1626/1209/1611 1627/1210/1612 1628/1211/1613
f 1622/1205/1607 1625/1208/1610 1628/1211/1613 1623/1206/1608
f 1581/1164/1566 1588/1171/1573 1629/1212/1614 1626/1209/1611
f 1588/1171/1573 1587/1170/1572 1630/1213/1615 1629/1212/1614
f 1629/1212/1614 1630/1213/1615 1631/1214/1616 1632/1215/1617
f 1626/1209/1611 1629/1212/1614 1632/1215/1617 1627/1210/1612
f 1587/1170/1572 1594/1177/1579 1633/1216/1618 1630/1213/1615
f 1594/1177/1579 1593/2960/1578 1634/2959/1619 1633/1216/1618
f 1633/1216/1618 1634/2959/1619 1635/2958/1620 1636/1219/1621
f 1630/1213/1615 1633/1216/1618 1636/1219/1621 1631/1214/1616
f 1600/1183/1585 1599/1182/1584 1637/1220/1622 1638/1221/1623
f 1599/1182/1584 1598/1181/1583 1639/1222/1624 1637/1220/1622
f 1637/1220/1622 1639/1222/1624 1640/1223/1625 1641/1224/1626
f 1638/1221/1623 1637/1220/1622 1641/1224/1626 1642/1225/1627
f 1598/1181/1583 1604/1187/1589 1643/1226/1628 1639/1222/1624
f 1604/1187/1589 1603/1186/1588 1644/1227/1629 1643/1226/1628
f 1643/1226/1628 1644/1227/1629 1645/1228/1630 1646/1229/1631
f 1639/1222/1624 1643/1226/1628 1646/1229/1631 1640/1223/1625
f 1603/1186/1588 1608/1191/1593 1647/1230/1632 1644/1227/1629
f 1608/1191/1593 1607/1190/1592 1648/1231/1633 1647/1230/1632
f 1647/1230/1632 1648/1231/1633 1649/1232/1634 1650/1233/1635
f 1644/1227/1629 1647/1230/1632 1650/1233/1635 1645/1228/1630
f 1607/1190/1592 1612/1195/1597 1651/1234/1636 1648/1231/1633
f 1612/1195/1597 1611/1194/1596 1652/1235/1637 1651/1234/1636
f 1651/1234/1636 1652/1235/1637 1653/1236/1638 1654/1237/1639
f 1648/1231/1633 1651/1234/1636 1654/1237/1639 1649/1232/1634
f 1611/1194/1596 1616/1199/1601 1655/1238/1640 1652/1235/1637
f 1616/1199/1601 1615/1198/1600 1656/1239/1641 1655/1238/1640
f 1655/1238/1640 1656/1239/1641 1657/1240/1642 1658/1241/1643
f 1652/1235/1637 1655/1238/1640 1658/1241/1643 1653/1236/1638
f 1615/1198/1600 1620/1203/1605 1659/1242/1644 1656/1239/1641
f 1620/1203/1605 1619/1202/1604 1660/1243/1645 1659/1242/1644
f 1659/1242/1644 1660/1243/1645 1661/1244/1646 1662/1245/1647
f 1656/1239/1641 1659/1242/1644 1662/1245/1647 1657/1240/1642
f 1619/1202/1604 1624/1207/1609 1663/1246/1648 1660/1243/1645
f 1624/1207/1609 1623/1206/1608 1664/1247/1649 1663/1246/1648
f 1663/1246/1648 1664/1247/1649 1665/1248/1650 1666/1249/1651
f 1660/1243/1645 1663/1246/1648 1666/1249/1651 1661/1244/1646
f 1623/1206/1608 1628/1211/1613 1667/1250/1652 1664/1247/1649
f 1628/1211/1613 1627/1210/1612 1668/1251/1653 1667/1250/1652
f 1667/1250/1652 1668/1251/1653 1669/1252/1654 1670/1253/1655
f 1664/1247/1649 1667/1250/1652 1670/1253/1655 1665/1248/1650
f 1627/1210/1612 1632/1215/1617 1671/1254/1656 1668/1251/1653
f 1632/1215/1617 1631/1214/1616 1672/1255/1657 1671/1254/1656
f 1671/1254/1656 1672/1255/1657 1673/1256/1658 1674/1257/1659
f 1668/1251/1653 1671/1254/1656 1674/1257/1659 1669/1252/1654
f 1631/1214/1616 1636/1219/1621 1675/1258/1660 1672/1255/1657
f 1636/1219/1621 1635/2958/1620 1676/2957/1661 1675/1258/1660
f 1675/1258/1660 1676/2957/1661 1677/2956/1662 1678/1261/1663
f 1672/1255/1657 1675/1258/1660 1678/1261/1663 1673/1256/1658
f 1642/1225/1627 1641/1224/1626 1679/1262/1664 1680/1263/1665
f 1641/1224/1626 1640/1223/1625 1681/1264/1666 1679/1262/1664
f 1679/1262/1664 1681/1264/1666 1682/1265/1667 1683/1266/1668
f 1680/1263/1665 1679/1262/1664 1683/1266/1668 1684/1267/1669
f 1640/1223/1625 1646/1229/1631 1685/1268/1670 1681/1264/1666
f 1646/1229/1631 1645/1228/1630 1686/1269/1671 1685/1268/1670
f 1685/1268/1670 1686/1269/1671 1687/1270/1672 1688/1271/1673
f 1681/1264/1666 1685/1268/1670 1688/1271/1673 1682/1265/1667
f 1645/1228/1630 1650/1233/1635 1689/1272/1674 1686/1269/1671
f 1650/1233/1635 1649/1232/1634 1690/1273/1675 1689/1272/1674
f 1689/1272/1674 1690/1273/1675 1691/1274/1676 1692/1275/1677
f 1686/1269/1671 1689/1272/1674 1692/1275/1677 1687/1270/1672
f 1649/1232/1634 1654/1237/1639 1693/1276/1678 1690/1273/1675
f 1654/1237/1639 1653/1236/1638 1694/1277/1679 1693/1276/1678
f 1693/1276/1678 1694/1277/1679 1695/1278/1680 1696/1279/1681
f 1690/1273/1675 1693/1276/1678 1696/1279/1681 1691/1274/1676
f 1653/1236/1638 1658/1241/1643 1697/1280/1682 1694/1277/1679
f 1658/1241/1643 1657/1240/1642 1698/1281/1683 1697/1280/1682
f 1697/1280/1682 1698/1281/1683 1699/1282/1684 1700/1283/1685
f 1694/1277/1679 1697/1280/1682 1700/1283/1685 1695/1278/1680
f 1657/1240/1642 1662/1245/1647 1701/1284/1686 1698/1281/1683
f 1662/1245/1647 1661/1244/1646 1702/1285/1687 1701/1284/1686
f 1701/1284/1686 1702/1285/1687 1703/1286/1688 1704/1287/1689
f 1698/1281/1683 1701/1284/1686 1704/1287/1689 1699/1282/1684
f 1661/1244/1646 1666/1249/1651 1705/1288/1690 1702/1285/1687
f 1666/1249/1651 1665/1248/1650 1706/1289/1691 1705/1288/1690
f 1705/1288/1690 1706/1289/1691 1707/1290/1692 1708/1291/1693
f 1702/1285/1687 1705/1288/1690 1708/1291/1693 1703/1286/1688
f 1665/1248/1650 1670/1253/1655 1709/1292/1694 1706/1289/1691
f 1670/1253/1655 1669/1252/1654 1710/1293/1695 1709/1292/1694
f 1709/1292/1694 1710/1293/1695 1711/1294/1696 1712/1295/1697
f 1706/1289/1691 1709/1292/1694 1712/1295/1697 1707/1290/1692
f 1669/1252/1654 1674/1257/1659 1713/1296/1698 1710/1293/1695
f 1674/1257/1659 1673/1256/1658 1714/1297/1699 1713/1296/1698
f 1713/1296/1698 1714/1297/1699 1715/1298/1700 1716/1299/1701
f 1710/1293/1695 1713/1296/1698 1716/1299/1701 1711/1294/1696
f 1673/1256/1658 1678/1261/1663 1717/1300/1702 1714/1297/1699
f 1678/1261/1663 1677/2956/1662 1718/2955/1703 1717/1300/1702
f 1717/1300/1702 1718/2955/1703 1719/2954/1704 1720/1303/1705
f 1714/1297/1699 1717/1300/1702 1720/1303/1705 1715/1298/1700
f 1684/1267/1669 1683/1266/1668 1721/1304/1706 1722/1305/1707
f 1683/1266/1668 1682/1265/1667 1723/1306/1708 1721/1304/1706
f 1721/1304/1706 1723/1306/1708 1724/1307/1709 1725/1308/1710
f 1722/1305/1707 1721/1304/1706 1725/1308/1710 1726/1309/1711
f 1682/1265/1667 1688/1271/1673 1727/1310/1712 1723/1306/1708
f 1688/1271/1673 1687/1270/1672 1728/1311/1713 1727/1310/1712
f 1727/1310/1712 1728/1311/1713 1729/1312/1714 1730/1313/1715
f 1723/1306/1708 1727/1310/1712 1730/1313/1715 1724/1307/1709
f 1687/1270/1672 1692/1275/1677 1731/1314/1716 1728/1311/1713
f 1692/1275/1677 1691/1274/1676 1732/1315/1717 1731/1314/1716
f 1731/1314/1716 1732/1315/1717 1733/1316/1718 1734/1317/1719
f 1728/1311/1713 1731/1314/1716 1734/1317/1719 1729/1312/1714
f 1691/1274/1676 1696/1279/1681 1735/1318/1720 1732/1315/1717
f 1696/1279/1681 1695/1278/1680 1736/1319/1721 1735/1318/1720
f 1735/1318/1720 1736/1319/1721 1737/1320/1722 1738/1321/1723
f 1732/1315/1717 1735/1318/1720 1738/1321/1723 1733/1316/1718
f 1695/1278/1680 1700/1283/1685 1739/1322/1724 1736/1319/1721
f 1700/1283/1685 1699/1282/1684 1740/1323/1725 1739/1322/1724
f 1739/1322/1724 1740/1323/1725 1741/1324/1726 1742/1325/1727
f 1736/1319/1721 1739/1322/1724 1742/1325/1727 1737/1320/1722
f 1699/1282/1684 1704/1287/1689 1743/1326/1728 1740/1323/1725
f 1704/1287/1689 1703/1286/1688 1744/1327/1729 1743/1326/1728
f 1743/1326/1728 1744/1327/1729 1745/1328/1730 1746/1329/1731
f 1740/1323/1725 1743/1326/1728 1746/1329/1731 1741/1324/1726
f 1703/1286/1688 1708/1291/1693 1747/1330/1732 1744/1327/1729
f 1708/1291/1693 1707/1290/1692 1748/1331/1733 1747/1330/1732
f 1747/1330/1732 1748/1331/1733 1749/1332/1734 1750/1333/1735
f 1744/1327/1729 1747/1330/1732 1750/1333/1735 1745/1328/1730
f 1707/1290/1692 1712/1295/1697 1751/1334/1736 1748/1331/1733
f 1712/1295/1697 1711/1294/1696 1752/1335/1737 1751/1334/1736
f 1751/1334/1736 1752/1335/1737 1753/1336/1738 1754/1337/1739
f 1748/1331/1733 1751/1334/1736 1754/1337/1739 1749/1332/1734
f 1711/1294/1696 1716/1299/1701 1755/1338/1740 1752/1335/1737
f 1716/1299/1701 1715/1298/1700 1756/1339/1741 1755/1338/1740
f 1755/1338/1740 1756/1339/1741 1757/1340/1742 1758/1341/1743
f 1752/1335/1737 1755/1338/1740 1758/1341/1743 1753/1336/1738
f 1715/1298/1700 1720/1303/1705 1759/1342/1744 1756/1339/1741
f 1720/1303/1705 1719/2954/1704 1760/2953/1745 1759/1342/1744
f 1759/1342/1744 1760/2953/1745 1761/2952/1746 1762/1345/1747
f 1756/1339/1741 1759/1342/1744 1762/1345/1747 1757/1340/1742
f 1726/1309/1711 1725/1308/1710 1763/1346/1748 1764/1347/1749
f 1725/1308/1710 1724/1307/1709 1765/1348/1750 1763/1346/1748
f 1763/1346/1748 1765/1348/1750 1766/1349/1751 1767/1350/1752
f 1764/1347/1749 1763/1346/1748 1767/1350/1752 1768/1351/1753
f 1724/1307/1709 1730/1313/1715 1769/1352/1754 1765/1348/1750
f 1730/1313/1715 1729/1312/1714 1770/1353/1755 1769/1352/1754
f 1769/1352/1754 1770/1353/1755 1771/1354/1756 1772/1355/1757
f 1765/1348/1750 1769/1352/1754 1772/1355/1757 1766/1349/1751
f 1729/1312/1714 1734/1317/1719 1773/1356/1758 1770/1353/1755
f 1734/1317/1719 1733/1316/1718 1774/1357/1759 1773/1356/1758
f 1773/1356/1758 1774/1357/1759 1775/1358/1760 1776/1359/1761
f 1770/1353/1755 1773/1356/1758 1776/1359/1761 1771/1354/1756
f 1733/1316/1718 1738/1321/1723 1777/1360/1762 1774/1357/1759
f 1738/1321/1723 1737/1320/1722 1778/1361/1763 1777/1360/1762
f 1777/1360/1762 1778/1361/1763 1779/1362/1764 1780/1363/1765
f 1774/1357/1759 1777/1360/1762 1780/1363/1765 1775/1358/1760
f 1737/1320/1722 1742/1325/1727 1781/1364/1766 1778/1361/1763
f 1742/1325/1727 1741/1324/1726 1782/1365/1767 1781/1364/1766
f 1781/1364/1766 1782/1365/1767 1783/1366/1768 1784/1367/1769
f 1778/1361/1763 1781/1364/1766 1784/1367/1769 1779/1362/1764
f 1741/1324/1726 1746/1329/1731 1785/1368/1770 1782/1365/1767
f 1746/1329/1731 1745/1328/1730 1786/1369/1771 1785/1368/1770
f 1785/1368/1770 1786/1369/1771 1787/1370/1772 1788/1371/1773
f 1782/1365/1767 1785/1368/1770 1788/1371/1773 1783/1366/1768
f 1745/1328/1730 1750/1333/1735 1789/1372/1774 1786/1369/1771
f 1750/1333/1735 1749/1332/1734 1790/1373/1775 1789/1372/1774
f 1789/1372/1774 1790/1373/1775 1791/1374/1776 1792/1375/1777
f 1786/1369/1771 1789/1372/1774 1792/1375/1777 1787/1370/1772
f 1749/1332/1734 1754/1337/1739 1793/1376/1778 1790/1373/1775
f 1754/1337/1739 1753/1336/1738 1794/1377/1779 1793/1376/1778
f 1793/1376/1778 1794/1377/1779 1795/1378/1780 1796/1379/1781
f 1790/1373/1775 1793/1376/1778 1796/1379/1781 1791/1374/1776
f 1753/1336/1738 1758/1341/1743 1797/1380/1782 1794/1377/1779
f 1758/1341/1743 1757/1340/1742 1798/1381/1783 1797/1380/1782
f 1797/1380/1782 1798/1381/1783 1799/1382/1784 1800/1383/1785
f 1794/1377/1779 1797/1380/1782 1800/1383/1785 1795/1378/1780
f 1757/1340/1742 1762/1345/1747 1801/1384/1786 1798/1381/1783
f 1762/1345/1747 1761/2952/1746 1802/2951/1787 1801/1384/1786
f 1801/1384/1786 1802/2951/1787 1803/2950/1788 1804/1387/1789
f 1798/1381/1783 1801/1384/1786 1804/1387/1789 1799/1382/1784
f 1768/1351/1753 1767/1350/1752 1805/1388/1790 1806/1389/1791
f 1767/1350/1752 1766/1349/1751 1807/1390/1792 1805/1388/1790
f 1805/1388/1790 1807/1390/1792 1808/1391/1793 1809/1392/1794
f 1806/1389/1791 1805/1388/1790 1809/1392/1794 1810/1393/1795
f 1766/1349/1751 1772/1355/1757 1811/1394/1796 1807/1390/1792
f 1772/1355/1757 1771/1354/1756 1812/1395/1797 1811/1394/1796
f 1811/1394/1796 1812/1395/1797 1813/1396/1798 1814/1397/1799
f 1807/1390/1792 1811/1394/1796 1814/1397/1799 1808/1391/1793
f 1771/1354/1756 1776/1359/1761 1815/1398/1800 1812/1395/1797
f 1776/1359/1761 1775/1358/1760 1816/1399/1801 1815/1398/1800
f 1815/1398/1800 1816/1399/1801 1817/1400/1802 1818/1401/1803
f 1812/1395/1797 1815/1398/1800 1818/1401/1803 1813/1396/1798
f 1775/1358/1760 1780/1363/1765 1819/1402/1804 1816/1399/1801
f 1780/1363/1765 1779/1362/1764 1820/1403/1805 1819/1402/1804
f 1819/1402/1804 1820/1403/1805 1821/1404/1806 1822/1405/1807
f 1816/1399/1801 1819/1402/1804 1822/1405/1807 1817/1400/1802
f 1779/1362/1764 1784/1367/1769 1823/1406/1808 1820/1403/1805
f 1784/1367/1769 1783/1366/1768 1824/1407/1809 1823/1406/1808
f 1823/1406/1808 1824/1407/1809 1825/1408/1810 1826/1409/1811
f 1820/1403/1805 1823/1406/1808 1826/1409/1811 1821/1404/1806
f 1783/1366/1768 1788/1371/1773 1827/1410/1812 1824/1407/1809
f 1788/1371/1773 1787/1370/1772 1828/1411/1813 1827/1410/1812
f 1827/1410/1812 1828/1411/1813 1829/1412/1814 1830/1413/1815
f 1824/1407/1809 1827/1410/1812 1830/1413/1815 1825/1408/1810
f 1787/1370/1772 1792/1375/1777 1831/1414/1816 1828/1411/1813
f 1792/1375/1777 1791/1374/1776 1832/1415/1817 1831/1414/1816
f 1831/1414/1816 1832/1415/1817 1833/1416/1818 1834/1417/1819
f 1828/1411/1813 1831/1414/1816 1834/1417/1819 1829/1412/1814
f 1791/1374/1776 1796/1379/1781 1835/1418/1820 1832/1415/1817
f 1796/1379/1781 1795/1378/1780 1836/1419/1821 1835/1418/1820
f 1835/1418/1820 1836/1419/1821 1837/1420/1822 1838/1421/1823
f 1832/1415/1817 1835/1418/1820 1838/1421/1823 1833/1416/1818
f 1795/1378/1780 1800/1383/1785 1839/1422/1824 1836/1419/1821
f 1800/1383/1785 1799/1382/1784 1840/1423/1825 1839/1422/1824
f 1839/1422/1824 1840/1423/1825 1841/1424/1826 1842/1425/1827
f 1836/1419/1821 1839/1422/1824 1842/1425/1827 1837/1420/1822
f 1799/1382/1784 1804/1387/1789 1843/1426/1828 1840/1423/1825
f 1804/1387/1789 1803/2950/1788 1844/2949/1829 1843/1426/1828
f 1843/1426/1828 1844/2949/1829 1845/2948/1830 1846/1429/1831
f 1840/1423/1825 1843/1426/1828 1846/1429/1831 1841/1424/1826
f 1810/1393/1795 1809/1392/1794 1847/1430/1832 1848/1431/1833
f 1809/1392/1794 1808/1391/1793 1849/1432/1834 1847/1430/1832
f 1847/1430/1832 1849/1432/1834 1850/1433/1835 1851/1434/1836
f 1848/1431/1833 1847/1430/1832 1851/1434/1836 1852/1435/1837
f 1808/1391/1793 1814/1397/1799 1853/1436/1838 1849/1432/1834
f 1814/1397/1799 1813/1396/1798 1854/1437/1839 1853/1436/1838
f 1853/1436/1838 1854/1437/1839 1855/1438/1840 1856/1439/1841
f 1849/1432/1834 1853/1436/1838 1856/1439/1841 1850/1433/1835
f 1813/1396/1798 1818/1401/1803 1857/1440/1842 1854/1437/1839
f 1818/1401/1803 1817/1400/1802 1858/1441/1843 1857/1440/1842
f 1857/1440/1842 1858/1441/1843 1859/1442/1844 1860/1443/1845
f 1854/1437/1839 1857/1440/1842 1860/1443/1845 1855/1438/1840
f 1817/1400/1802 1822/1405/1807 1861/1444/1846 1858/1441/1843
f 1822/1405/1807 1821/1404/1806 1862/1445/1847 1861/1444/1846
f 1861/1444/1846 1862/1445/1847 1863/1446/1848 1864/1447/1849
f 1858/1441/1843 1861/1444/1846 1864/1447/1849 1859/1442/1844
f 1821/1404/1806 1826/1409/1811 1865/1448/1850 1862/1445/1847
f 1826/1409/1811 1825/1408/1810 1866/1449/1851 1865/1448/1850
f 1865/1448/1850 1866/1449/1851 1867/1450/1852 1868/1451/1853
f 1862/1445/1847 1865/1448/1850 1868/1451/1853 1863/1446/1848
f 1825/1408/1810 1830/1413/1815 1869/1452/1854 1866/1449/1851
f 1830/1413/1815 1829/1412/1814 1870/1453/1855 1869/1452/1854
f 1869/1452/1854 1870/1453/1855 1871/1454/1856 1872/1455/1857
f 1866/1449/1851 1869/1452/1854 1872/1455/1857 1867/1450/1852
f 1829/1412/1814 1834/1417/1819 1873/1456/1858 1870/1453/1855
f 1834/1417/1819 1833/1416/1818 1874/1457/1859 1873/1456/1858
f 1873/1456/1858 1874/1457/1859 1875/1458/1860 1876/1459/1861
f 1870/1453/1855 1873/1456/1858 1876/1459/1861 1871/1454/1856
f 1833/1416/1818 1838/1421/1823 1877/1460/1862 1874/1457/1859
f 1838/1421/1823 1837/1420/1822 1878/1461/1863 1877/1460/1862
f 1877/1460/1862 1878/1461/1863 1879/1462/1864 1880/1463/1865
f 1874/1457/1859 1877/1460/1862 1880/1463/1865 1875/1458/1860
f 1837/1420/1822 1842/1425/1827 1881/1464/1866 1878/1461/1863
f 1842/1425/1827 1841/1424/1826 1882/1465/1867 1881/1464/1866
f 1881/1464/1866 1882/1465/1867 1883/1466/1868 1884/1467/1869
f 1878/1461/1863 1881/1464/1866 1884/1467/1869 1879/1462/1864
f 1841/1424/1826 1846/1429/1831 1885/1468/1870 1882/1465/1867
f 1846/1429/1831 1845/2948/1830 1886/2947/1871 1885/1468/1870
f 1885/1468/1870 1886/2947/1871 1887/2946/1872 1888/1471/1873
f 1882/1465/1867 1885/1468/1870 1888/1471/1873 1883/1466/1868
f 1852/1435/1837 1851/1434/1836 1889/1472/1874 1890/1473/1875
f 1851/1434/1836 1850/1433/1835 1891/1474/1876 1889/1472/1874
f 1889/1472/1874 1891/1474/1876 1892/1475/1877 1893/1476/1878
f 1890/1473/1875 1889/1472/1874 1893/1476/1878 1894/1477/1879
f 1850/1433/1835 1856/1439/1841 1895/1478/1880 1891/1474/1876
f 1856/1439/1841 1855/1438/1840 1896/1479/1881 1895/1478/1880
f 1895/1478/1880 1896/1479/1881 1897/1480/1882 1898/1481/1883
f 1891/1474/1876 1895/1478/1880 1898/1481/1883 1892/1475/1877
f 1855/1438/1840 1860/1443/1845 1899/1482/1884 1896/1479/1881
f 1860/1443/1845 1859/1442/1844 1900/1483/1885 1899/1482/1884
f 1899/1482/1884 1900/1483/1885 1901/1484/1886 1902/1485/1887
f 1896/1479/1881 1899/1482/1884 1902/1485/1887 1897/1480/1882
f 1859/1442/1844 1864/1447/1849 1903/1486/1888 1900/1483/1885
f 1864/1447/1849 1863/1446/1848 1904/1487/1889 1903/1486/1888
f 1903/1486/1888 1904/1487/1889 1905/1488/1890 1906/1489/1891
f 1900/1483/1885 1903/1486/1888 1906/1489/1891 1901/1484/1886
f 1863/1446/1848 1868/1451/1853 1907/1490/1892 1904/1487/1889
f 1868/1451/1853 1867/1450/1852 1908/1491/1893 1907/1490/1892
f 1907/1490/1892 1908/1491/1893 1909/1492/1894 1910/1493/1895
f 1904/1487/1889 1907/1490/1892 1910/1493/1895 1905/1488/1890
f 1867/1450/1852 1872/1455/1857 1911/1494/1896 1908/1491/1893
f 1872/1455/1857 1871/1454/1856 1912/1495/1897 1911/1494/1896
f 1911/1494/1896 1912/1495/1897 1913/1496/1898 1914/1497/1899
f 1908/1491/1893 1911/1494/1896 1914/1497/1899 1909/1492/1894
f 1871/1454/1856 1876/1459/1861 1915/1498/1900 1912/1495/1897
f 1876/1459/1861 1875/1458/1860 1916/1499/1901 1915/1498/1900
f 1915/1498/1900 1916/1499/1901 1917/1500/1902 1918/1501/1903
f 1912/1495/1897 1915/1498/1900 1918/1501/1903 1913/1496/1898
f 1875/1458/1860 1880/1463/1865 1919/1502/1904 1916/1499/1901
f 1880/1463/1865 1879/1462/1864 1920/1503/1905 1919/1502/1904
f 1919/1502/1904 1920/1503/1905 1921/1504/1906 1922/1505/1907
f 1916/1499/1901 1919/1502/1904 1922/1505/1907 1917/1500/1902
f 1879/1462/1864 1884/1467/1869 1923/1506/1908 1920/1503/1905
f 1884/1467/1869 1883/1466/1868 1924/1507/1909 1923/1506/1908
f 1923/1506/1908 1924/1507/1909 1925/1508/1910 1926/1509/1911
f 1920/1503/1905 1923/1506/1908 1926/1509/1911 1921/1504/1906
f 1883/1466/1868 1888/1471/1873 1927/1510/1912 1924/1507/1909
f 1888/1471/1873 1887/2946/1872 1928/2945/1913 1927/1510/1912
f 1927/1510/1912 1928/2945/1913 1929/2944/1914 1930/1513/1915
f 1924/1507/1909 1927/1510/1912 1930/1513/1915 1925/1508/1910
f 1894/1477/1879 1893/1476/1878 1931/1514/1916 1932/1515/1917
f 1893/1476/1878 1892/1475/1877 1933/1516/1918 1931/1514/1916
f 1931/1514/1916 1933/1516/1918 1934/1517/1919 1935/1518/1920
f 1932/1515/1917 1931/1514/1916 1935/1518/1920 1936/1519/1921
f 1892/1475/1877 1898/1481/1883 1937/1520/1922 1933/1516/1918
f 1898/1481/1883 1897/1480/1882 1938/1521/1923 1937/1520/1922
f 1937/1520/1922 1938/1521/1923 1939/1522/1924 1940/1523/1925
f 1933/1516/1918 1937/1520/1922 1940/1523/1925 1934/1517/1919
f 1897/1480/1882 1902/1485/1887 1941/1524/1926 1938/1521/1923
f 1902/1485/1887 1901/1484/1886 1942/1525/1927 1941/1524/1926
f 1941/1524/1926 1942/1525/1927 1943/1526/1928 1944/1527/1929
f 1938/1521/1923 1941/1524/1926 1944/1527/1929 1939/1522/1924
f 1901/1484/1886 1906/1489/1891 1945/1528/1930 1942/1525/1927
f 1906/1489/1891 1905/1488/1890 1946/1529/1931 1945/1528/1930
f 1945/1528/1930 1946/1529/1931 1947/1530/1932 1948/1531/1933
f 1942/1525/1927 1945/1528/1930 1948/1531/1933 1943/1526/1928
f 1905/1488/1890 1910/1493/1895 1949/1532/1934 1946/1529/1931
f 1910/1493/1895 1909/1492/1894 1950/1533/1935 1949/1532/1934
f 1949/1532/1934 1950/1533/1935 1951/1534/1936 1952/1535/1937
f 1946/1529/1931 1949/1532/1934 1952/1535/1937 1947/1530/1932
f 1909/1492/1894 1914/1497/1899 1953/1536/1938 1950/1533/1935
f 1914/1497/1899 1913/1496/1898 1954/1537/1939 1953/1536/1938
f 1953/1536/1938 1954/1537/1939 1955/1538/1940 1956/1539/1941
f 1950/1533/1935 1953/1536/1938 1956/1539/1941 1951/1534/1936
f 1913/1496/1898 1918/1501/1903 1957/1540/1942 1954/1537/1939
f 1918/1501/1903 1917/1500/1902 1958/1541/1943 1957/1540/1942
f 1957/1540/1942 1958/1541/1943 1959/1542/1944 1960/1543/1945
f 1954/1537/1939 1957/1540/1942 1960/1543/1945 1955/1538/1940
f 1917/1500/1902 1922/1505/1907 1961/1544/1946 1958/1541/1943
f 1922/1505/1907 1921/1504/1906 1962/1545/1947 1961/1544/1946
f 1961/1544/1946 1962/1545/1947 1963/1546/1948 1964/1547/1949
f 1958/1541/1943 1961/1544/1946 1964/1547/1949 1959/1542/1944
f 1921/1504/1906 1926/1509/1911 1965/1548/1950 1962/1545/1947
f 1926/1509/1911 1925/1508/1910 1966/1549/1951 1965/1548/1950
f 1965/1548/1950 1966/1549/1951 1967/1550/1952 1968/1551/1953
f 1962/1545/1947 1965/1548/1950 1968/1551/1953 1963/1546/1948
f 1925/1508/1910 1930/1513/1915 1969/1552/1954 1966/1549/1951
f 1930/1513/1915 1929/2944/1914 1970/2943/1955 1969/1552/1954
f 1969/1552/1954 1970/2943/1955 1971/2942/1956 1972/1555/1957
f 1966/1549/1951 1969/1552/1954 1972/1555/1957 1967/1550/1952
f 1936/1519/1921 1935/1518/1920 1973/1556/1958 1974/1557/1959
f 1935/1518/1920 1934/1517/1919 1975/1558/1960 1973/1556/1958
f 1973/1556/1958 1975/1558/1960 1976/1559/1961 1977/1560/1962
f 1974/1557/1959 1973/1556/1958 1977/1560/1962 1978/1561/1963
f 1934/1517/1919 1940/1523/1925 1979/1562/1964 1975/1558/1960
f 1940/1523/1925 1939/1522/1924 1980/1563/1965 1979/1562/1964
f 1979/1562/1964 1980/1563/1965 1981/1564/1966 1982/1565/1967
f 1975/1558/1960 1979/1562/1964 1982/1565/1967 1976/1559/1961
f 1939/1522/1924 1944/1527/1929 1983/1566/1968 1980/1563/1965
f 1944/1527/1929 1943/1526/1928 1984/1567/1969 1983/1566/1968
f 1983/1566/1968 1984/1567/1969 1985/1568/1970 1986/1569/1971
f 1980/1563/1965 1983/1566/1968 1986/1569/1971 1981/1564/1966
f 1943/1526/1928 1948/1531/1933 1987/1570/1972 1984/1567/1969
f 1948/1531/1933 1947/1530/1932 1988/1571/1973 1987/1570/1972
f 1987/1570/1972 1988/1571/1973 1989/1572/1974 1990/1573/1975
f 1984/1567/1969 1987/1570/1972 1990/1573/1975 1985/1568/1970
f 1947/1530/1932 1952/1535/1937 1991/1574/1976 1988/1571/1973
f 1952/1535/1937 1951/1534/1936 1992/1575/1977 1991/1574/1976
f 1991/1574/1976 1992/1575/1977 1993/1576/1978 1994/1577/1979
f 1988/1571/1973 1991/1574/1976 1994/1577/1979 1989/1572/1974
f 1951/1534/1936 1956/1539/1941 1995/1578/1980 1992/1575/1977
f 1956/1539/1941 1955/1538/1940 1996/1579/1981 1995/1578/1980
f 1995/1578/1980 1996/1579/1981 1997/1580/1982 1998/1581/1983
f 1992/1575/1977 1995/1578/1980 1998/1581/1983 1993/1576/1978
f 1955/1538/1940 1960/1543/1945 1999/1582/1984 1996/1579/1981
f 1960/1543/1945 1959/1542/1944 2000/1583/1985 1999/1582/1984
f 1999/1582/1984 2000/1583/1985 2001/1584/1986 2002/1585/1987
f 1996/1579/1981 1999/1582/1984 2002/1585/1987 1997/1580/1982
f 1959/1542/1944 1964/1547/1949 2003/1586/1988 2000/1583/1985
f 1964/1547/1949 1963/1546/1948 2004/1587/1989 2003/1586/1988
f 2003/1586/1988 2004/1587/1989 2005/1588/1990 2006/1589/1991
f 2000/1583/1985 2003/1586/1988 2006/1589/1991 2001/1584/1986
f 1963/1546/1948 1968/1551/1953 2007/1590/1992 2004/1587/1989
f 1968/1551/1953 1967/1550/1952 2008/1591/1993 2007/1590/1992
f 2007/1590/1992 2008/1591/1993 2009/1592/1994 2010/1593/1995
f 2004/1587/1989 2007/1590/1992 2010/1593/1995 2005/1588/1990
f 1967/1550/1952 1972/1555/1957 2011/1594/1996 2008/1591/1993
f 1972/1555/1957 1971/2942/1956 2012/2941/1997 2011/1594/1996
f 2011/1594/1996 2012/2941/1997 2013/2940/1998 2014/1597/1999
f 2008/1591/1993 2011/1594/1996 2014/1597/1999 2009/1592/1994
f 1978/1561/1963 1977/1560/1962 2015/1598/2000 2016/1599/2001
f 1977/1560/1962 1976/1559/1961 2017/1600/2002 2015/1598/2000
f 2015/1598/2000 2017/1600/2002 2018/1601/2003 2019/1602/2004
f 2016/1599/2001 2015/1598/2000 2019/1602/2004 2020/1603/2005
f 1976/1559/1961 1982/1565/1967 2021/1604/2006 2017/1600/2002
f 1982/1565/1967 1981/1564/1966 2022/1605/2007 2021/1604/2006
f 2021/1604/2006 2022/1605/2007 2023/1606/2008 2024/1607/2009
f 2017/1600/2002 2021/1604/2006 2024/1607/2009 2018/1601/2003
f 1981/1564/1966 1986/1569/1971 2025/1608/2010 2022/1605/2007
f 1986/1569/1971 1985/1568/1970 2026/1609/2011 2025/1608/2010
f 2025/1608/2010 2026/1609/2011 2027/1610/2012 2028/1611/2013
f 2022/1605/2007 2025/1608/2010 2028/1611/2013 2023/1606/2008
f 1985/1568/1970 1990/1573/1975 2029/1612/2014 2026/1609/2011
f 1990/1573/1975 1989/1572/1974 2030/1613/2015 2029/1612/2014
f 2029/1612/2014 2030/1613/2015 2031/1614/2016 2032/1615/2017
f 2026/1609/2011 2029/1612/2014 2032/1615/2017 2027/1610/2012
f 1989/1572/1974 1994/1577/1979 2033/1616/2018 2030/1613/2015
f 1994/1577/1979 1993/1576/1978 2034/1617/2019 2033/1616/2018
f 2033/1616/2018 2034/1617/2019 2035/1618/2020 2036/1619/2021
f 2030/1613/2015 2033/1616/2018 2036/1619/2021 2031/1614/2016
f 1993/1576/1978 1998/1581/1983 2037/1620/2022 2034/1617/2019
f 1998/1581/1983 1997/1580/1982 2038/1621/2023 2037/1620/2022
f 2037/1620/2022 2038/1621/2023 2039/1622/2024 2040/1623/2025
f 2034/1617/2019 2037/1620/2022 2040/1623/2025 2035/1618/2020
f 1997/1580/1982 2002/1585/1987 2041/1624/2026 2038/1621/2023
f 2002/1585/1987 2001/1584/1986 2042/1625/2027 2041/1624/2026
f 2041/1624/2026 2042/1625/2027 2043/1626/2028 2044/1627/2029
f 2038/1621/2023 2041/1624/2026 2044/1627/2029 2039/1622/2024
f 2001/1584/1986 2006/1589/1991 2045/1628/2030 2042/1625/2027
f 2006/1589/1991 2005/1588/1990 2046/1629/2031 2045/1628/2030
f 2045/1628/2030 2046/1629/2031 2047/1630/2032 2048/1631/2033
f 2042/1625/2027 2045/1628/2030 2048/1631/2033 2043/1626/2028
f 2005/1588/1990 2010/1593/1995 2049/1632/2034 2046/1629/2031
f 2010/1593/1995 2009/1592/1994 2050/1633/2035 2049/1632/2034
f 2049/1632/2034 2050/1633/2035 2051/1634/2036 2052/1635/2037
f 2046/1629/2031 2049/1632/2034 2052/1635/2037 2047/1630/2032
f 2009/1592/1994 2014/1597/1999 2053/1636/2038 2050/1633/2035
f 2014/1597/1999 2013/2940/1998 2054/2939/2039 2053/1636/2038
f 2053/1636/2038 2054/2939/2039 2055/2938/2040 2056/1639/2041
f 2050/1633/2035 2053/1636/2038 2056/1639/2041 2051/1634/2036
f 2020/1603/2005 2019/1602/2004 2057/1640/2042 2058/1641/2043
f 2019/1602/2004 2018/1601/2003 2059/1642/2044 2057/1640/2042
f 2057/1640/2042 2059/1642/2044 2060/1643/2045 2061/1644/2046
f 2058/1641/2043 2057/1640/2042 2061/1644/2046 2062/1645/2047
f 2018/1601/2003 2024/1607/2009 2063/1646/2048 2059/1642/2044
f 2024/1607/2009 2023/1606/2008 2064/1647/2049 2063/1646/2048
f 2063/1646/2048 2064/1647/2049 2065/1648/2050 2066/1649/2051
f 2059/1642/2044 2063/1646/2048 2066/1649/2051 2060/1643/2045
f 2023/1606/2008 2028/1611/2013 2067/1650/2052 2064/1647/2049
f 2028/1611/2013 2027/1610/2012 2068/1651/2053 2067/1650/2052
f 2067/1650/2052 2068/1651/2053 2069/1652/2054 2070/1653/2055
f 2064/1647/2049 2067/1650/2052 2070/1653/2055 2065/1648/2050
f 2027/1610/2012 2032/1615/2017 2071/1654/2056 2068/1651/2053
f 2032/1615/2017 2031/1614/2016 2072/1655/2057 2071/1654/2056
f 2071/1654/2056 2072/1655/2057 2073/1656/2058 2074/1657/2059
f 2068/1651/2053 2071/1654/2056 2074/1657/2059 2069/1652/2054
f 2031/1614/2016 2036/1619/2021 2075/1658/2060 2072/1655/2057
f 2036/1619/2021 2035/1618/2020 2076/1659/2061 2075/1658/2060
f 2075/1658/2060 2076/1659/2061 2077/1660/2062 2078/1661/2063
f 2072/1655/2057 2075/1658/2060 2078/1661/2063 2073/1656/2058
f 2035/1618/2020 2040/1623/2025 2079/1662/2064 2076/1659/2061
f 2040/1623/2025 2039/1622/2024 2080/1663/2065 2079/1662/2064
f 2079/1662/2064 2080/1663/2065 2081/1664/2066 2082/1665/2067
f 2076/1659/2061 2079/1662/2064 2082/1665/2067 2077/1660/2062
f 2039/1622/2024 2044/1627/2029 2083/1666/2068 2080/1663/2065
f 2044/1627/2029 2043/1626/2028 2084/1667/2069 2083/1666/2068
f 2083/1666/2068 2084/1667/2069 2085/1668/2070 2086/1669/2071
f 2080/1663/2065 2083/1666/2068 2086/1669/2071 2081/1664/2066
f 2043/1626/2028 2048/1631/2033 2087/1670/2072 2084/1667/2069
f 2048/1631/2033 2047/1630/2032 2088/1671/2073 2087/1670/2072
f 2087/1670/2072 2088/1671/2073 2089/1672/2074 2090/1673/2075
f 2084/1667/2069 2087/1670/2072 2090/1673/2075 2085/1668/2070
f 2047/1630/2032 2052/1635/2037 2091/1674/2076 2088/1671/2073
f 2052/1635/2037 2051/1634/2036 2092/1675/2077 2091/1674/2076
f 2091/1674/2076 2092/1675/2077 2093/1676/2078 2094/1677/2079
f 2088/1671/2073 2091/1674/2076 2094/1677/2079 2089/1672/2074
f 2051/1634/2036 2056/1639/2041 2095/1678/2080 2092/1675/2077
f 2056/1639/2041 2055/2938/2040 2096/2937/2081 2095/1678/2080
f 2095/1678/2080 2096/2937/2081 2097/2936/2082 2098/1681/2083
f 2092/1675/2077 2095/1678/2080 2098/1681/2083 2093/1676/2078
f 2062/1645/2047 2061/1644/2046 2099/1682/2084 2100/1683/2085
f 2061/1644/2046 2060/1643/2045 2101/1684/2086 2099/1682/2084
f 2099/1682/2084 2101/1684/2086 2102/1685/2087 2103/1686/2088
f 2100/1683/2085 2099/1682/2084 2103/1686/2088 2104/1687/2089
f 2060/1643/2045 2066/1649/2051 2105/1688/2090 2101/1684/2086
f 2066/1649/2051 2065/1648/2050 2106/1689/2091 2105/1688/2090
f 2105/1688/2090 2106/1689/2091 2107/1690/2092 2108/1691/2093
f 2101/1684/2086 2105/1688/2090 2108/1691/2093 2102/1685/2087
f 2065/1648/2050 2070/1653/2055 2109/1692/2094 2106/1689/2091
f 2070/1653/2055 2069/1652/2054 2110/1693/2095 2109/1692/2094
f 2109/1692/2094 2110/1693/2095 2111/1694/2096 2112/1695/2097
f 2106/1689/2091 2109/1692/2094 2112/1695/2097 2107/1690/2092
f 2069/1652/2054 2074/1657/2059 2113/1696/2098 2110/1693/2095
f 2074/1657/2059 2073/1656/2058 2114/1697/2099 2113/1696/2098
f 2113/1696/2098 2114/1697/2099 2115/1698/2100 2116/1699/2101
f 2110/1693/2095 2113/1696/2098 2116/1699/2101 2111/1694/2096
f 2073/1656/2058 2078/1661/2063 2117/1700/2102 2114/1697/2099
f 2078/1661/2063 2077/1660/2062 2118/1701/2103 2117/1700/2102
f 2117/1700/2102 2118/1701/2103 2119/1702/2104 2120/1703/2105
f 2114/1697/2099 2117/1700/2102 2120/1703/2105 2115/1698/2100
f 2077/1660/2062 2082/1665/2067 2121/1704/2106 2118/1701/2103
f 2082/1665/2067 2081/1664/2066 2122/1705/2107 2121/1704/2106
f 2121/1704/2106 2122/1705/2107 2123/1706/2108 2124/1707/2109
f 2118/1701/2103 2121/1704/2106 2124/1707/2109 2119/1702/2104
f 2081/1664/2066 2086/1669/2071 2125/1708/2110 2122/1705/2107
f 2086/1669/2071 2085/1668/2070 2126/1709/2111 2125/1708/2110
f 2125/1708/2110 2126/1709/2111 2127/1710/2112 2128/1711/2113
f 2122/1705/2107 2125/1708/2110 2128/1711/2113 2123/1706/2108
f 2085/1668/2070 2090/1673/2075 2129/1712/2114 2126/1709/2111
f 2090/1673/2075 2089/1672/2074 2130/1713/2115 2129/1712/2114
f 2129/1712/2114 2130/1713/2115 2131/1714/2116 2132/1715/2117
f 2126/1709/2111 2129/1712/2114 2132/1715/2117 2127/1710/2112
f 2089/1672/2074 2094/1677/2079 2133/1716/2118 2130/1713/2115
f 2094/1677/2079 2093/1676/2078 2134/1717/2119 2133/1716/2118
f 2133/1716/2118 2134/1717/2119 2135/1718/2120 2136/1719/2121
f 2130/1713/2115 2133/1716/2118 2136/1719/2121 2131/1714/2116
f 2093/1676/2078 2098/1681/2083 2137/1720/2122 2134/1717/2119
f 2098/1681/2083 2097/2936/2082 2138/2935/2123 2137/1720/2122
f 2137/1720/2122 2138/2935/2123 2139/2934/2124 2140/1723/2125
f 2134/1717/2119 2137/1720/2122 2140/1723/2125 2135/1718/2120
f 2104/1687/2089 2103/1686/2088 2141/1724/2126 2142/1725/2127
f 2103/1686/2088 2102/1685/2087 2143/1726/2128 2141/1724/2126
f 2141/1724/2126 2143/1726/2128 2144/1727/2129 2145/1728/2130
f 2142/1725/2127 2141/1724/2126 2145/1728/2130 2146/1729/2131
f 2102/1685/2087 2108/1691/2093 2147/1730/2132 2143/1726/2128
f 2108/1691/2093 2107/1690/2092 2148/1731/2133 2147/1730/2132
f 2147/1730/2132 2148/1731/2133 2149/1732/2134 2150/1733/2135
f 2143/1726/2128 2147/1730/2132 2150/1733/2135 2144/1727/2129
f 2107/1690/2092 2112/1695/2097 2151/1734/2136 2148/1731/2133
f 2112/1695/2097 2111/1694/2096 2152/1735/2137 2151/1734/2136
f 2151/1734/2136 2152/1735/2137 2153/1736/2138 2154/1737/2139
f 2148/1731/2133 2151/1734/2136 2154/1737/2139 2149/1732/2134
f 2111/1694/2096 2116/1699/2101 2155/1738/2140 2152/1735/2137
f 2116/1699/2101 2115/1698/2100 2156/1739/2141 2155/1738/2140
f 2155/1738/2140 2156/1739/2141 2157/1740/2142 2158/1741/2143
f 2152/1735/2137 2155/1738/2140 2158/1741/2143 2153/1736/2138
f 2115/1698/2100 2120/1703/2105 2159/1742/2144 2156/1739/2141
f 2120/1703/2105 2119/1702/2104 2160/1743/2145 2159/1742/2144
f 2159/1742/2144 2160/1743/2145 2161/1744/2146 2162/1745/2147
f 2156/1739/2141 2159/1742/2144 2162/1745/2147 2157/1740/2142
f 2119/1702/2104 2124/1707/2109 2163/1746/2148 2160/1743/2145
f 2124/1707/2109 2123/1706/2108 2164/1747/2149 2163/1746/2148
f 2163/1746/2148 2164/1747/2149 2165/1748/2150 2166/1749/2151
f 2160/1743/2145 2163/1746/2148 2166/1749/2151 2161/1744/2146
f 2123/1706/2108 2128/1711/2113 2167/1750/2152 2164/1747/2149
f 2128/1711/2113 2127/1710/2112 2168/1751/2153 2167/1750/2152
f 2167/1750/2152 2168/1751/2153 2169/1752/2154 2170/1753/2155
f 2164/1747/2149 2167/1750/2152 2170/1753/2155 2165/1748/2150
f 2127/1710/2112 2132/1715/2117 2171/1754/2156 2168/1751/2153
f 2132/1715/2117 2131/1714/2116 2172/1755/2157 2171/1754/2156
f 2171/1754/2156 2172/1755/2157 2173/1756/2158 2174/1757/2159
f 2168/1751/2153 2171/1754/2156 2174/1757/2159 2169/1752/2154
f 2131/1714/2116 2136/1719/2121 2175/1758/2160 2172/1755/2157
f 2136/1719/2121 2135/1718/2120 2176/1759/2161 2175/1758/2160
f 2175/1758/2160 2176/1759/2161 2177/1760/2162 2178/1761/2163
f 2172/1755/2157 2175/1758/2160 2178/1761/2163 2173/1756/2158
f 2135/1718/2120 2140/1723/2125 2179/1762/2164 2176/1759/2161
f 2140/1723/2125 2139/2934/2124 2180/2933/2165 2179/1762/2164
f 2179/1762/2164 2180/2933/2165 2181/2932/2166 2182/1765/2167
f 2176/1759/2161 2179/1762/2164 2182/1765/2167 2177/1760/2162
f 2146/1729/2131 2145/1728/2130 2183/1766/2168 2184/1767/2169
f 2145/1728/2130 2144/1727/2129 2185/1768/2170 2183/1766/2168
f 2183/1766/2168 2185/1768/2170 2186/1769/2171 2187/1770/2172
f 2184/1767/2169 2183/1766/2168 2187/1770/2172 2188/1771/2173
f 2144/1727/2129 2150/1733/2135 2189/1772/2174 2185/1768/2170
f 2150/1733/2135 2149/1732/2134 2190/1773/2175 2189/1772/2174
f 2189/1772/2174 2190/1773/2175 2191/1774/2176 2192/1775/2177
f 2185/1768/2170 2189/1772/2174 2192/1775/2177 2186/1769/2171
f 2149/1732/2134 2154/1737/2139 2193/1776/2178 2190/1773/2175
f 2154/1737/2139 2153/1736/2138 2194/1777/2179 2193/1776/2178
f 2193/1776/2178 2194/1777/2179 2195/1778/2180 2196/1779/2181
f 2190/1773/2175 2193/1776/2178 2196/1779/2181 2191/1774/2176
f 2153/1736/2138 2158/1741/2143 2197/1780/2182 2194/1777/2179
f 2158/1741/2143 2157/1740/2142 2198/1781/2183 2197/1780/2182
f 2197/1780/2182 2198/1781/2183 2199/1782/2184 2200/1783/2185
f 2194/1777/2179 2197/1780/2182 2200/1783/2185 2195/1778/2180
f 2157/1740/2142 2162/1745/2147 2201/1784/2186 2198/1781/2183
f 2162/1745/2147 2161/1744/2146 2202/1785/2187 2201/1784/2186
f 2201/1784/2186 2202/1785/2187 2203/1786/2188 2204/1787/2189
f 2198/1781/2183 2201/1784/2186 2204/1787/2189 2199/1782/2184
f 2161/1744/2146 2166/1749/2151 2205/1788/2190 2202/1785/2187
f 2166/1749/2151 2165/1748/2150 2206/1789/2191 2205/1788/2190
f 2205/1788/2190 2206/1789/2191 2207/1790/2192 2208/1791/2193
f 2202/1785/2187 2205/1788/2190 2208/1791/2193 2203/1786/2188
f 2165/1748/2150 2170/1753/2155 2209/1792/2194 2206/1789/2191
f 2170/1753/2155 2169/1752/2154 2210/1793/2195 2209/1792/2194
f 2209/1792/2194 2210/1793/2195 2211/1794/2196 2212/1795/2197
f 2206/1789/2191 2209/1792/2194 2212/1795/2197 2207/1790/2192
f 2169/1752/2154 2174/1757/2159 2213/1796/2198 2210/1793/2195
f 2174/1757/2159 2173/1756/2158 2214/1797/2199 2213/1796/2198
f 2213/1796/2198 2214/1797/2199 2215/1798/2200 2216/1799/2201
f 2210/1793/2195 2213/1796/2198 2216/1799/2201 2211/1794/2196
f 2173/1756/2158 2178/1761/2163 2217/1800/2202 2214/1797/2199
f 2178/1761/2163 2177/1760/2162 2218/1801/2203 2217/1800/2202
f 2217/1800/2202 2218/1801/2203 2219/1802/2204 2220/1803/2205
f 2214/1797/2199 2217/1800/2202 2220/1803/2205 2215/1798/2200
f 2177/1760/2162 2182/1765/2167 2221/1804/2206 2218/1801/2203
f 2182/1765/2167 2181/2932/2166 2222/2931/2207 2221/1804/2206
f 2221/1804/2206 2222/2931/2207 2223/2930/2208 2224/1807/2209
f 2218/1801/2203 2221/1804/2206 2224/1807/2209 2219/1802/2204
f 2188/1771/2173 2187/1770/2172 2225/1808/2210 2226/1809/2211
f 2187/1770/2172 2186/1769/2171 2227/1810/2212 2225/1808/2210
f 2225/1808/2210 2227/1810/2212 2228/1811/2213 2229/1812/2214
f 2226/1809/2211 2225/1808/2210 2229/1812/2214 2230/1813/2215
f 2186/1769/2171 2192/1775/2177 2231/1814/2216 2227/1810/2212
f 2192/1775/2177 2191/1774/2176 2232/1815/2217 2231/1814/2216
f 2231/1814/2216 2232/1815/2217 2233/1816/2218 2234/1817/2219
f 2227/1810/2212 2231/1814/2216 2234/1817/2219 2228/1811/2213
f 2191/1774/2176 2196/1779/2181 2235/1818/2220 2232/1815/2217
f 2196/1779/2181 2195/1778/2180 2236/1819/2221 2235/1818/2220
f 2235/1818/2220 2236/1819/2221 2237/1820/2222 2238/1821/2223
f 2232/1815/2217 2235/1818/2220 2238/1821/2223 2233/1816/2218
f 2195/1778/2180 2200/1783/2185 2239/1822/2224 2236/1819/2221
f 2200/1783/2185 2199/1782/2184 2240/1823/2225 2239/1822/2224
f 2239/1822/2224 2240/1823/2225 2241/1824/2226 2242/1825/2227
f 2236/1819/2221 2239/1822/2224 2242/1825/2227 2237/1820/2222
f 2199/1782/2184 2204/1787/2189 2243/1826/2228 2240/1823/2225
f 2204/1787/2189 2203/1786/2188 2244/1827/2229 2243/1826/2228
f 2243/1826/2228 2244/1827/2229 2245/1828/2230 2246/1829/2231
f 2240/1823/2225 2243/1826/2228 2246/1829/2231 2241/1824/2226
f 2203/1786/2188 2208/1791/2193 2247/1830/2232 2244/1827/2229
f 2208/1791/2193 2207/1790/2192 2248/1831/2233 2247/1830/2232
f 2247/1830/2232 2248/1831/2233 2249/1832/2234 2250/1833/2235
f 2244/1827/2229 2247/1830/2232 2250/1833/2235 2245/1828/2230
f 2207/1790/2192 2212/1795/2197 2251/1834/2236 2248/1831/2233
f 2212/1795/2197 2211/1794/2196 2252/1835/2237 2251/1834/2236
f 2251/1834/2236 2252/1835/2237 2253/1836/2238 2254/1837/2239
f 2248/1831/2233 2251/1834/2236 2254/1837/2239 2249/1832/2234
f 2211/1794/2196 2216/1799/2201 2255/1838/2240 2252/1835/2237
f 2216/1799/2201 2215/1798/2200 2256/1839/2241 2255/1838/2240
f 2255/1838/2240 2256/1839/2241 2257/1840/2242 2258/1841/2243
f 2252/1835/2237 2255/1838/2240 2258/1841/2243 2253/1836/2238
f 2215/1798/2200 2220/1803/2205 2259/1842/2244 2256/1839/2241
f 2220/1803/2205 2219/1802/2204 2260/1843/2245 2259/1842/2244
f 2259/1842/2244 2260/1843/2245 2261/1844/2246 2262/1845/2247
f 2256/1839/2241 2259/1842/2244 2262/1845/2247 2257/1840/2242
f 2219/1802/2204 2224/1807/2209 2263/1846/2248 2260/1843/2245
f 2224/1807/2209 2223/2930/2208 2264/2929/2249 2263/1846/2248
f 2263/1846/2248 2264/2929/2249 2265/2928/2250 2266/1849/2251
f 2260/1843/2245 2263/1846/2248 2266/1849/2251 2261/1844/2246
f 2230/1813/2215 2229/1812/2214 2267/1850/2252 2268/1851/2253
f 2229/1812/2214 2228/1811/2213 2269/1852/2254 2267/1850/2252
f 2267/1850/2252 2269/1852/2254 2270/1853/2255 2271/1854/2256
f 2268/1851/2253 2267/1850/2252 2271/1854/2256 2272/1855/2257
f 2228/1811/2213 2234/1817/2219 2273/1856/2258 2269/1852/2254
f 2234/1817/2219 2233/1816/2218 2274/1857/2259 2273/1856/2258
f 2273/1856/2258 2274/1857/2259 2275/1858/2260 2276/1859/2261
f 2269/1852/2254 2273/1856/2258 2276/1859/2261 2270/1853/2255
f 2233/1816/2218 2238/1821/2223 2277/1860/2262 2274/1857/2259
f 2238/1821/2223 2237/1820/2222 2278/1861/2263 2277/1860/2262
f 2277/1860/2262 2278/1861/2263 2279/1862/2264 2280/1863/2265
f 2274/1857/2259 2277/1860/2262 2280/1863/2265 2275/1858/2260
f 2237/1820/2222 2242/1825/2227 2281/1864/2266 2278/1861/2263
f 2242/1825/2227 2241/1824/2226 2282/1865/2267 2281/1864/2266
f 2281/1864/2266 2282/1865/2267 2283/1866/2268 2284/1867/2269
f 2278/1861/2263 2281/1864/2266 2284/1867/2269 2279/1862/2264
f 2241/1824/2226 2246/1829/2231 2285/1868/2270 2282/1865/2267
f 2246/1829/2231 2245/1828/2230 2286/1869/2271 2285/1868/2270
f 2285/1868/2270 2286/1869/2271 2287/1870/2272 2288/1871/2273
f 2282/1865/2267 2285/1868/2270 2288/1871/2273 2283/1866/2268
f 2245/1828/2230 2250/1833/2235 2289/1872/2274 2286/1869/2271
f 2250/1833/2235 2249/1832/2234 2290/1873/2275 2289/1872/2274
f 2289/1872/2274 2290/1873/2275 2291/1874/2276 2292/1875/2277
f 2286/1869/2271 2289/1872/2274 2292/1875/2277 2287/1870/2272
f 2249/1832/2234 2254/1837/2239 2293/1876/2278 2290/1873/2275
f 2254/1837/2239 2253/1836/2238 2294/1877/2279 2293/1876/2278
f 2293/1876/2278 2294/1877/2279 2295/1878/2280 2296/1879/2281
f 2290/1873/2275 2293/1876/2278 2296/1879/2281 2291/1874/2276
f 2253/1836/2238 2258/1841/2243 2297/1880/2282 2294/1877/2279
f 2258/1841/2243 2257/1840/2242 2298/1881/2283 2297/1880/2282
f 2297/1880/2282 2298/1881/2283 2299/1882/2284 2300/1883/2285
f 2294/1877/2279 2297/1880/2282 2300/1883/2285 2295/1878/2280
f 2257/1840/2242 2262/1845/2247 2301/1884/2286 2298/1881/2283
f 2262/1845/2247 2261/1844/2246 2302/1885/2287 2301/1884/2286
f 2301/1884/2286 2302/1885/2287 2303/1886/2288 2304/1887/2289
f 2298/1881/2283 2301/1884/2286 2304/1887/2289 2299/1882/2284
f 2261/1844/2246 2266/1849/2251 2305/1888/2290 2302/1885/2287
f 2266/1849/2251 2265/2928/2250 2306/2927/2291 2305/1888/2290
f 2305/1888/2290 2306/2927/2291 2307/2926/2292 2308/1891/2293
f 2302/1885/2287 2305/1888/2290 2308/1891/2293 2303/1886/2288
f 2272/1855/2257 2271/1854/2256 2309/1892/2294 2310/1893/2295
f 2271/1854/2256 2270/1853/2255 2311/1894/2296 2309/1892/2294
f 2309/1892/2294 2311/1894/2296 2312/1895/2297 2313/1896/2298
f 2310/1893/2295 2309/1892/2294 2313/1896/2298 2314/1897/2299
f 2270/1853/2255 2276/1859/2261 2315/1898/2300 2311/1894/2296
f 2276/1859/2261 2275/1858/2260 2316/1899/2301 2315/1898/2300
f 2315/1898/2300 2316/1899/2301 2317/1900/2302 2318/1901/2303
f 2311/1894/2296 2315/1898/2300 2318/1901/2303 2312/1895/2297
f 2275/1858/2260 2280/1863/2265 2319/1902/2304 2316/1899/2301
f 2280/1863/2265 2279/1862/2264 2320/1903/2305 2319/1902/2304
f 2319/1902/2304 2320/1903/2305 2321/1904/2306 2322/1905/2307
f 2316/1899/2301 2319/1902/2304 2322/1905/2307 2317/1900/2302
f 2279/1862/2264 2284/1867/2269 2323/1906/2308 2320/1903/2305
f 2284/1867/2269 2283/1866/2268 2324/1907/2309 2323/1906/2308
f 2323/1906/2308 2324/1907/2309 2325/1908/2310 2326/1909/2311
f 2320/1903/2305 2323/1906/2308 2326/1909/2311 2321/1904/2306
f 2283/1866/2268 2288/1871/2273 2327/1910/2312 2324/1907/2309
f 2288/1871/2273 2287/1870/2272 2328/1911/2313 2327/1910/2312
f 2327/1910/2312 2328/1911/2313 2329/1912/2314 2330/1913/2315
f 2324/1907/2309 2327/1910/2312 2330/1913/2315 2325/1908/2310
f 2287/1870/2272 2292/1875/2277 2331/1914/2316 2328/1911/2313
f 2292/1875/2277 2291/1874/2276 2332/1915/2317 2331/1914/2316
f 2331/1914/2316 2332/1915/2317 2333/1916/2318 2334/1917/2319
f 2328/1911/2313 2331/1914/2316 2334/1917/2319 2329/1912/2314
f 2291/1874/2276 2296/1879/2281 2335/1918/2320 2332/1915/2317
f 2296/1879/2281 2295/1878/2280 2336/1919/2321 2335/1918/2320
f 2335/1918/2320 2336/1919/2321 2337/1920/2322 2338/1921/2323
f 2332/1915/2317 2335/1918/2320 2338/1921/2323 2333/1916/2318
f 2295/1878/2280 2300/1883/2285 2339/1922/2324 2336/1919/2321
f 2300/1883/2285 2299/1882/2284 2340/1923/2325 2339/1922/2324
f 2339/1922/2324 2340/1923/2325 2341/1924/2326 2342/1925/2327
f 2336/1919/2321 2339/1922/2324 2342/1925/2327 2337/1920/2322
f 2299/1882/2284 2304/1887/2289 2343/1926/2328 2340/1923/2325
f 2304/1887/2289 2303/1886/2288 2344/1927/2329 2343/1926/2328
f 2343/1926/2328 2344/1927/2329 2345/1928/2330 2346/1929/2331
f 2340/1923/2325 2343/1926/2328 2346/1929/2331 2341/1924/2326
f 2303/1886/2288 2308/1891/2293 2347/1930/2332 2344/1927/2329
f 2308/1891/2293 2307/2926/2292 2348/2925/2333 2347/1930/2332
f 2347/1930/2332 2348/2925/2333 2349/2924/2334 2350/1933/2335
f 2344/1927/2329 2347/1930/2332 2350/1933/2335 2345/1928/2330
f 2314/1897/2299 2313/1896/2298 2351/1934/2336 2352/1935/2337
f 2313/1896/2298 2312/1895/2297 2353/1936/2338 2351/1934/2336
f 2351/1934/2336 2353/1936/2338 2354/1937/2339 2355/1938/2340
f 2352/1935/2337 2351/1934/2336 2355/1938/2340 2356/1939/2341
f 2312/1895/2297 2318/1901/2303 2357/1940/2342 2353/1936/2338
f 2318/1901/2303 2317/1900/2302 2358/1941/2343 2357/1940/2342
f 2357/1940/2342 2358/1941/2343 2359/1942/2344 2360/1943/2345
f 2353/1936/2338 2357/1940/2342 2360/1943/2345 2354/1937/2339
f 2317/1900/2302 2322/1905/2307 2361/1944/2346 2358/1941/2343
f 2322/1905/2307 2321/1904/2306 2362/1945/2347 2361/1944/2346
f 2361/1944/2346 2362/1945/2347 2363/1946/2348 2364/1947/2349
f 2358/1941/2343 2361/1944/2346 2364/1947/2349 2359/1942/2344
f 2321/1904/2306 2326/1909/2311 2365/1948/2350 2362/1945/2347
f 2326/1909/2311 2325/1908/2310 2366/1949/2351 2365/1948/2350
f 2365/1948/2350 2366/1949/2351 2367/1950/2352 2368/1951/2353
f 2362/1945/2347 2365/1948/2350 2368/1951/2353 2363/1946/2348
f 2325/1908/2310 2330/1913/2315 2369/1952/2354 2366/1949/2351
f 2330/1913/2315 2329/1912/2314 2370/1953/2355 2369/1952/2354
f 2369/1952/2354 2370/1953/2355 2371/1954/2356 2372/1955/2357
f 2366/1949/2351 2369/1952/2354 2372/1955/2357 2367/1950/2352
f 2329/1912/2314 2334/1917/2319 2373/1956/2358 2370/1953/2355
f 2334/1917/2319 2333/1916/2318 2374/1957/2359 2373/1956/2358
f 2373/1956/2358 2374/1957/2359 2375/1958/2360 2376/1959/2361
f 2370/1953/2355 2373/1956/2358 2376/1959/2361 2371/1954/2356
f 2333/1916/2318 2338/1921/2323 2377/1960/2362 2374/1957/2359
f 2338/1921/2323 2337/1920/2322 2378/1961/2363 2377/1960/2362
f 2377/1960/2362 2378/1961/2363 2379/1962/2364 2380/1963/2365
f 2374/1957/2359 2377/1960/2362 2380/1963/2365 2375/1958/2360
f 2337/1920/2322 2342/1925/2327 2381/1964/2366 2378/1961/2363
f 2342/1925/2327 2341/1924/2326 2382/1965/2367 2381/1964/2366
f 2381/1964/2366 2382/1965/2367 2383/1966/2368 2384/1967/2369
f 2378/1961/2363 2381/1964/2366 2384/1967/2369 2379/1962/2364
f 2341/1924/2326 2346/1929/2331 2385/1968/2370 2382/1965/2367
f 2346/1929/2331 2345/1928/2330 2386/1969/2371 2385/1968/2370
f 2385/1968/2370 2386/1969/2371 2387/1970/2372 2388/1971/2373
f 2382/1965/2367 2385/1968/2370 2388/1971/2373 2383/1966/2368
f 2345/1928/2330 2350/1933/2335 2389/1972/2374 2386/1969/2371
f 2350/1933/2335 2349/2924/2334 2390/2923/2375 2389/1972/2374
f 2389/1972/2374 2390/2923/2375 2391/2922/2376 2392/1975/2377
f 2386/1969/2371 2389/1972/2374 2392/1975/2377 2387/1970/2372
f 2356/1939/2341 2355/1938/2340 2393/1976/2378 2394/1977/2379
f 2355/1938/2340 2354/1937/2339 2395/1978/2380 2393/1976/2378
f 2393/1976/2378 2395/1978/2380 2396/1979/2381 2397/2984/2382
f 2394/1977/2379 2393/1976/2378 2397/2984/2382 2398/2983/2383
f 2354/1937/2339 2360/1943/2345 2399/1982/2384 2395/1978/2380
f 2360/1943/2345 2359/1942/2344 2400/1983/2385 2399/1982/2384
f 2399/1982/2384 2400/1983/2385 2401/1984/2386 2402/2981/2387
f 2395/1978/2380 2399/1982/2384 2402/2981/2387 2396/1979/2381
f 2359/1942/2344 2364/1947/2349 2403/1986/2388 2400/1983/2385
f 2364/1947/2349 2363/1946/2348 2404/1987/2389 2403/1986/2388
f 2403/1986/2388 2404/1987/2389 2405/1988/2390 2406/2979/2391
f 2400/1983/2385 2403/1986/2388 2406/2979/2391 2401/1984/2386
f 2363/1946/2348 2368/1951/2353 2407/1990/2392 2404/1987/2389
f 2368/1951/2353 2367/1950/2352 2408/1991/2393 2407/1990/2392
f 2407/1990/2392 2408/1991/2393 2409/1992/2394 2410/2977/2395
f 2404/1987/2389 2407/1990/2392 2410/2977/2395 2405/1988/2390
f 2367/1950/2352 2372/1955/2357 2411/1994/2396 2408/1991/2393
f 2372/1955/2357 2371/1954/2356 2412/1995/2397 2411/1994/2396
f 2411/1994/2396 2412/1995/2397 2413/1996/2398 2414/2975/2399
f 2408/1991/2393 2411/1994/2396 2414/2975/2399 2409/1992/2394
f 2371/1954/2356 2376/1959/2361 2415/1998/2400 2412/1995/2397
f 2376/1959/2361 2375/1958/2360 2416/1999/2401 2415/1998/2400
f 2415/1998/2400 2416/1999/2401 2417/2000/2402 2418/2973/2403
f 2412/1995/2397 2415/1998/2400 2418/2973/2403 2413/1996/2398
f 2375/1958/2360 2380/1963/2365 2419/2002/2404 2416/1999/2401
f 2380/1963/2365 2379/1962/2364 2420/2003/2405 2419/2002/2404
f 2419/2002/2404 2420/2003/2405 2421/2004/2406 2422/2971/2407
f 2416/1999/2401 2419/2002/2404 2422/2971/2407 2417/2000/2402
f 2379/1962/2364 2384/1967/2369 2423/2006/2408 2420/2003/2405
f 2384/1967/2369 2383/1966/2368 2424/2007/2409 2423/2006/2408
f 2423/2006/2408 2424/2007/2409 2425/2008/2410 2426/2969/2411
f 2420/2003/2405 2423/2006/2408 2426/2969/2411 2421/2004/2406
f 2383/1966/2368 2388/1971/2373 2427/2010/2412 2424/2007/2409
f 2388/1971/2373 2387/1970/2372 2428/2011/2413 2427/2010/2412
f 2427/2010/2412 2428/2011/2413 2429/2012/2414 2430/2967/2415
f 2424/2007/2409 2427/2010/2412 2430/2967/2415 2425/2008/2410
f 2387/1970/2372 2392/1975/2377 2431/2014/2416 2428/2011/2413
f 2392/1975/2377 2391/2922/2376 2432/2921/2417 2431/2014/2416
f 2431/2014/2416 2432/2921/2417 2433/2965/2418 2434/2964/2419
f 2428/2011/2413 2431/2014/2416 2434/2964/2419 2429/2012/2414
s 2
f 629/2018/2420 1084/2019/2421 1322/2020/2422 1081/2021/2423
f 1081/2021/2423 1322/2020/2422 1082/2022/2424 630/2023/2425
f 1322/2020/2422 1083/2024/2426 641/2025/2427 1082/2022/2424
f 1084/2019/2421 640/2026/2428 1083/2024/2426 1322/2020/2422
f 630/2023/2425 1082/2022/2424 1323/2027/2429 1085/2028/2430
f 1085/2028/2430 1323/2027/2429 1086/2029/2431 631/2030/2432
f 1323/2027/2429 1087/2031/2433 642/2032/2434 1086/2029/2431
f 1082/2022/2424 641/2025/2427 1087/2031/2433 1323/2027/2429
f 631/2030/2432 1086/2029/2431 1324/2033/2435 1088/2034/2436
f 1088/2034/2436 1324/2033/2435 1089/2035/2437 632/2036/2438
f 1324/2033/2435 1090/2037/2439 643/2038/2440 1089/2035/2437
f 1086/2029/2431 642/2032/2434 1090/2037/2439 1324/2033/2435
f 632/2036/2438 1089/2035/2437 1325/2039/2441 1091/2040/2442
f 1091/2040/2442 1325/2039/2441 1092/2041/2443 633/2042/2444
f 1325/2039/2441 1093/2043/2445 644/2044/2446 1092/2041/2443
f 1089/2035/2437 643/2038/2440 1093/2043/2445 1325/2039/2441
f 633/2042/2444 1092/2041/2443 1326/2045/2447 1094/2046/2448
f 1094/2046/2448 1326/2045/2447 1095/2047/2449 634/2048/2450
f 1326/2045/2447 1096/2049/2451 645/2050/2452 1095/2047/2449
f 1092/2041/2443 644/2044/2446 1096/2049/2451 1326/2045/2447
f 634/2048/2450 1095/2047/2449 1327/2051/2453 1097/2052/2454
f 1097/2052/2454 1327/2051/2453 1098/2053/2455 635/2054/2456
f 1327/2051/2453 1099/2055/2457 646/2056/2458 1098/2053/2455
f 1095/2047/2449 645/2050/2452 1099/2055/2457 1327/2051/2453
f 635/2054/2456 1098/2053/2455 1328/2057/2459 1100/2058/2460
f 1100/2058/2460 1328/2057/2459 1101/2059/2461 636/2060/2462
f 1328/2057/2459 1102/2061/2463 647/2062/2464 1101/2059/2461
f 1098/2053/2455 646/2056/2458 1102/2061/2463 1328/2057/2459
f 636/2060/2462 1101/2059/2461 1329/2063/2465 1103/2064/2466
f 1103/2064/2466 1329/2063/2465 1104/2065/2467 637/2066/2468
f 1329/2063/2465 1105/2067/2469 648/2068/2470 1104/2065/2467
f 1101/2059/2461 647/2062/2464 1105/2067/2469 1329/2063/2465
f 637/2066/2468 1104/2065/2467 1330/2069/2471 1106/2070/2472
f 1106/2070/2472 1330/2069/2471 1107/2071/2473 638/2072/2474
f 1330/2069/2471 1108/2073/2475 649/2074/2476 1107/2071/2473
f 1104/2065/2467 648/2068/2470 1108/2073/2475 1330/2069/2471
f 638/2072/2474 1107/2071/2473 1331/2075/2477 1109/2076/2478
f 1109/2076/2478 1331/2075/2477 1110/2077/2479 639/2078/2480
f 1331/2075/2477 1111/2079/2481 650/2080/2482 1110/2077/2479
f 1107/2071/2473 649/2074/2476 1111/2079/2481 1331/2075/2477
f 640/2026/2428 1114/2081/2483 1332/2082/2484 1083/2024/2426
f 1083/2024/2426 1332/2082/2484 1112/2083/2485 641/2025/2427
f 1332/2082/2484 1113/2084/2486 652/2085/2487 1112/2083/2485
f 1114/2081/2483 651/2086/2488 1113/2084/2486 1332/2082/2484
f 641/2025/2427 1112/2083/2485 1333/2087/2489 1087/2031/2433
f 1087/2031/2433 1333/2087/2489 1115/2088/2490 642/2032/2434
f 1333/2087/2489 1116/2089/2491 653/2090/2492 1115/2088/2490
f 1112/2083/2485 652/2085/2487 1116/2089/2491 1333/2087/2489
f 642/2032/2434 1115/2088/2490 1334/2091/2493 1090/2037/2439
f 1090/2037/2439 1334/2091/2493 1117/2092/2494 643/2038/2440
f 1334/2091/2493 1118/2093/2495 654/2094/2496 1117/2092/2494
f 1115/2088/2490 653/2090/2492 1118/2093/2495 1334/2091/2493
f 643/2038/2440 1117/2092/2494 1335/2095/2497 1093/2043/2445
f 1093/2043/2445 1335/2095/2497 1119/2096/2498 644/2044/2446
f 1335/2095/2497 1120/2097/2499 655/2098/2500 1119/2096/2498
f 1117/2092/2494 654/2094/2496 1120/2097/2499 1335/2095/2497
f 644/2044/2446 1119/2096/2498 1336/2099/2501 1096/2049/2451
f 1096/2049/2451 1336/2099/2501 1121/2100/2502 645/2050/2452
f 1336/2099/2501 1122/2101/2503 656/2102/2504 1121/2100/2502
f 1119/2096/2498 655/2098/2500 1122/2101/2503 1336/2099/2501
f 645/2050/2452 1121/2100/2502 1337/2103/2505 1099/2055/2457
f 1099/2055/2457 1337/2103/2505 1123/2104/2506 646/2056/2458
f 1337/2103/2505 1124/2105/2507 657/2106/2508 1123/2104/2506
f 1121/2100/2502 656/2102/2504 1124/2105/2507 1337/2103/2505
f 646/2056/2458 1123/2104/2506 1338/2107/2509 1102/2061/2463
f 1102/2061/2463 1338/2107/2509 1125/2108/2510 647/2062/2464
f 1338/2107/2509 1126/2109/2511 658/2110/2512 1125/2108/2510
f 1123/2104/2506 657/2106/2508 1126/2109/2511 1338/2107/2509
f 647/2062/2464 1125/2108/2510 1339/2111/2513 1105/2067/2469
f 1105/2067/2469 1339/2111/2513 1127/2112/2514 648/2068/2470
f 1339/2111/2513 1128/2113/2515 659/2114/2516 1127/2112/2514
f 1125/2108/2510 658/2110/2512 1128/2113/2515 1339/2111/2513
f 648/2068/2470 1127/2112/2514 1340/2115/2517 1108/2073/2475
f 1108/2073/2475 1340/2115/2517 1129/2116/2518 649/2074/2476
f 1340/2115/2517 1130/2117/2519 660/2118/2520 1129/2116/2518
f 1127/2112/2514 659/2114/2516 1130/2117/2519 1340/2115/2517
f 649/2074/2476 1129/2116/2518 1341/2119/2521 1111/2079/2481
f 1111/2079/2481 1341/2119/2521 1131/2120/2522 650/2080/2482
f 1341/2119/2521 1132/2121/2523 661/2122/2524 1131/2120/2522
f 1129/2116/2518 660/2118/2520 1132/2121/2523 1341/2119/2521
f 651/2086/2488 1135/2123/2525 1342/2124/2526 1113/2084/2486
f 1113/2084/2486 1342/2124/2526 1133/2125/2527 652/2085/2487
f 1342/2124/2526 1134/2126/2528 663/2127/2529 1133/2125/2527
f 1135/2123/2525 662/2128/2530 1134/2126/2528 1342/2124/2526
f 652/2085/2487 1133/2125/2527 1343/2129/2531 1116/2089/2491
f 1116/2089/2491 1343/2129/2531 1136/2130/2532 653/2090/2492
f 1343/2129/2531 1137/2131/2533 664/2132/2534 1136/2130/2532
f 1133/2125/2527 663/2127/2529 1137/2131/2533 1343/2129/2531
f 653/2090/2492 1136/2130/2532 1344/2133/2535 1118/2093/2495
f 1118/2093/2495 1344/2133/2535 1138/2134/2536 654/2094/2496
f 1344/2133/2535 1139/2135/2537 665/2136/2538 1138/2134/2536
f 1136/2130/2532 664/2132/2534 1139/2135/2537 1344/2133/2535
f 654/2094/2496 1138/2134/2536 1345/2137/2539 1120/2097/2499
f 1120/2097/2499 1345/2137/2539 1140/2138/2540 655/2098/2500
f 1345/2137/2539 1141/2139/2541 666/2140/2542 1140/2138/2540
f 1138/2134/2536 665/2136/2538 1141/2139/2541 1345/2137/2539
f 655/2098/2500 1140/2138/2540 1346/2141/2543 1122/2101/2503
f 1122/2101/2503 1346/2141/2543 1142/2142/2544 656/2102/2504
f 1346/2141/2543 1143/2143/2545 667/2144/2546 1142/2142/2544
f 1140/2138/2540 666/2140/2542 1143/2143/2545 1346/2141/2543
f 656/2102/2504 1142/2142/2544 1347/2145/2547 1124/2105/2507
f 1124/2105/2507 1347/2145/2547 1144/2146/2548 657/2106/2508
f 1347/2145/2547 1145/2147/2549 668/2148/2550 1144/2146/2548
f 1142/2142/2544 667/2144/2546 1145/2147/2549 1347/2145/2547
f 657/2106/2508 1144/2146/2548 1348/2149/2551 1126/2109/2511
f 1126/2109/2511 1348/2149/2551 1146/2150/2552 658/2110/2512
f 1348/2149/2551 1147/2151/2553 669/2152/2554 1146/2150/2552
f 1144/2146/2548 668/2148/2550 1147/2151/2553 1348/2149/2551
f 658/2110/2512 1146/2150/2552 1349/2153/2555 1128/2113/2515
f 1128/2113/2515 1349/2153/2555 1148/2154/2556 659/2114/2516
f 1349/2153/2555 1149/2155/2557 670/2156/2558 1148/2154/2556
f 1146/2150/2552 669/2152/2554 1149/2155/2557 1349/2153/2555
f 659/2114/2516 1148/2154/2556 1350/2157/2559 1130/2117/2519
f 1130/2117/2519 1350/2157/2559 1150/2158/2560 660/2118/2520
f 1350/2157/2559 1151/2159/2561 671/2160/2562 1150/2158/2560
f 1148/2154/2556 670/2156/2558 1151/2159/2561 1350/2157/2559
f 660/2118/2520 1150/2158/2560 1351/2161/2563 1132/2121/2523
f 1132/2121/2523 1351/2161/2563 1152/2162/2564 661/2122/2524
f 1351/2161/2563 1153/2163/2565 672/2164/2566 1152/2162/2564
f 1150/2158/2560 671/2160/2562 1153/2163/2565 1351/2161/2563
f 662/2128/2530 1156/2165/2567 1352/2166/2568 1134/2126/2528
f 1134/2126/2528 1352/2166/2568 1154/2167/2569 663/2127/2529
f 1352/2166/2568 1155/2168/2570 674/2169/2571 1154/2167/2569
f 1156/2165/2567 673/2170/2572 1155/2168/2570 1352/2166/2568
f 663/2127/2529 1154/2167/2569 1353/2171/2573 1137/2131/2533
f 1137/2131/2533 1353/2171/2573 1157/2172/2574 664/2132/2534
f 1353/2171/2573 1158/2173/2575 675/2174/2576 1157/2172/2574
f 1154/2167/2569 674/2169/2571 1158/2173/2575 1353/2171/2573
f 664/2132/2534 1157/2172/2574 1354/2175/2577 1139/2135/2537
f 1139/2135/2537 1354/2175/2577 1159/2176/2578 665/2136/2538
f 1354/2175/2577 1160/2177/2579 676/2178/2580 1159/2176/2578
f 1157/2172/2574 675/2174/2576 1160/2177/2579 1354/2175/2577
f 665/2136/2538 1159/2176/2578 1355/2179/2581 1141/2139/2541
f 1141/2139/2541 1355/2179/2581 1161/2180/2582 666/2140/2542
f 1355/2179/2581 1162/2181/2583 677/2182/2584 1161/2180/2582
f 1159/2176/2578 676/2178/2580 1162/2181/2583 1355/2179/2581
f 666/2140/2542 1161/2180/2582 1356/2183/2585 1143/2143/2545
f 1143/2143/2545 1356/2183/2585 1163/2184/2586 667/2144/2546
f 1356/2183/2585 1164/2185/2587 678/2186/2588 1163/2184/2586
f 1161/2180/2582 677/2182/2584 1164/2185/2587 1356/2183/2585
f 667/2144/2546 1163/2184/2586 1357/2187/2589 1145/2147/2549
f 1145/2147/2549 1357/2187/2589 1165/2188/2590 668/2148/2550
f 1357/2187/2589 1166/2189/2591 679/2190/2592 1165/2188/2590
f 1163/2184/2586 678/2186/2588 1166/2189/2591 1357/2187/2589
f 668/2148/2550 1165/2188/2590 1358/2191/2593 1147/2151/2553
f 1147/2151/2553 1358/2191/2593 1167/2192/2594 669/2152/2554
f 1358/2191/2593 1168/2193/2595 680/2194/2596 1167/2192/2594
f 1165/2188/2590 679/2190/2592 1168/2193/2595 1358/2191/2593
f 669/2152/2554 1167/2192/2594 1359/2195/2597 1149/2155/2557
f 1149/2155/2557 1359/2195/2597 1169/2196/2598 670/2156/2558
f 1359/2195/2597 1170/2197/2599 681/2198/2600 1169/2196/2598
f 1167/2192/2594 680/2194/2596 1170/2197/2599 1359/2195/2597
f 670/2156/2558 1169/2196/2598 1360/2199/2601 1151/2159/2561
f 1151/2159/2561 1360/2199/2601 1171/2200/2602 671/2160/2562
f 1360/2199/2601 1172/2201/2603 682/2202/2604 1171/2200/2602
f 1169/2196/2598 681/2198/2600 1172/2201/2603 1360/2199/2601
f 671/2160/2562 1171/2200/2602 1361/2203/2605 1153/2163/2565
f 1153/2163/2565 1361/2203/2605 1173/2204/2606 672/2164/2566
f 1361/2203/2605 1174/2205/2607 683/2206/2608 1173/2204/2606
f 1171/2200/2602 682/2202/2604 1174/2205/2607 1361/2203/2605
f 673/2170/2572 1177/2207/2609 1362/2208/2610 1155/2168/2570
f 1155/2168/2570 1362/2208/2610 1175/2209/2611 674/2169/2571
f 1362/2208/2610 1176/2210/2612 685/2211/2613 1175/2209/2611
f 1177/2207/2609 684/2212/2614 1176/2210/2612 1362/2208/2610
f 674/2169/2571 1175/2209/2611 1363/2213/2615 1158/2173/2575
f 1158/2173/2575 1363/2213/2615 1178/2214/2616 675/2174/2576
f 1363/2213/2615 1179/2215/2617 686/2216/2618 1178/2214/2616
f 1175/2209/2611 685/2211/2613 1179/2215/2617 1363/2213/2615
f 675/2174/2576 1178/2214/2616 1364/2217/2619 1160/2177/2579
f 1160/2177/2579 1364/2217/2619 1180/2218/2620 676/2178/2580
f 1364/2217/2619 1181/2219/2621 687/2220/2622 1180/2218/2620
f 1178/2214/2616 686/2216/2618 1181/2219/2621 1364/2217/2619
f 676/2178/2580 1180/2218/2620 1365/2221/2623 1162/2181/2583
f 1162/2181/2583 1365/2221/2623 1182/2222/2624 677/2182/2584
f 1365/2221/2623 1183/2223/2625 688/2224/2626 1182/2222/2624
f 1180/2218/2620 687/2220/2622 1183/2223/2625 1365/2221/2623
f 677/2182/2584 1182/2222/2624 1366/2225/2627 1164/2185/2587
f 1164/2185/2587 1366/2225/2627 1184/2226/2628 678/2186/2588
f 1366/2225/2627 1185/2227/2629 689/2228/2630 1184/2226/2628
f 1182/2222/2624 688/2224/2626 1185/2227/2629 1366/2225/2627
f 678/2186/2588 1184/2226/2628 1367/2229/2631 1166/2189/2591
f 1166/2189/2591 1367/2229/2631 1186/2230/2632 679/2190/2592
f 1367/2229/2631 1187/2231/2633 690/2232/2634 1186/2230/2632
f 1184/2226/2628 689/2228/2630 1187/2231/2633 1367/2229/2631
f 679/2190/2592 1186/2230/2632 1368/2233/2635 1168/2193/2595
f 1168/2193/2595 1368/2233/2635 1188/2234/2636 680/2194/2596
f 1368/2233/2635 1189/2235/2637 691/2236/2638 1188/2234/2636
f 1186/2230/2632 690/2232/2634 1189/2235/2637 1368/2233/2635
f 680/2194/2596 1188/2234/2636 1369/2237/2639 1170/2197/2599
f 1170/2197/2599 1369/2237/2639 1190/2238/2640 681/2198/2600
f 1369/2237/2639 1191/2239/2641 692/2240/2642 1190/2238/2640
f 1188/2234/2636 691/2236/2638 1191/2239/2641 1369/2237/2639
f 681/2198/2600 1190/2238/2640 1370/2241/2643 1172/2201/2603
f 1172/2201/2603 1370/2241/2643 1192/2242/2644 682/2202/2604
f 1370/2241/2643 1193/2243/2645 693/2244/2646 1192/2242/2644
f 1190/2238/2640 692/2240/2642 1193/2243/2645 1370/2241/2643
f 682/2202/2604 1192/2242/2644 1371/2245/2647 1174/2205/2607
f 1174/2205/2607 1371/2245/2647 1194/2246/2648 683/2206/2608
f 1371/2245/2647 1195/2247/2649 694/2248/2650 1194/2246/2648
f 1192/2242/2644 693/2244/2646 1195/2247/2649 1371/2245/2647
f 684/2212/2614 1198/2249/2651 1372/2250/2652 1176/2210/2612
f 1176/2210/2612 1372/2250/2652 1196/2251/2653 685/2211/2613
f 1372/2250/2652 1197/2252/2654 696/2253/2655 1196/2251/2653
f 1198/2249/2651 695/2254/2656 1197/2252/2654 1372/2250/2652
f 685/2211/2613 1196/2251/2653 1373/2255/2657 1179/2215/2617
f 1179/2215/2617 1373/2255/2657 1199/2256/2658 686/2216/2618
f 1373/2255/2657 1200/2257/2659 697/2258/2660 1199/2256/2658
f 1196/2251/2653 696/2253/2655 1200/2257/2659 1373/2255/2657
f 686/2216/2618 1199/2256/2658 1374/2259/2661 1181/2219/2621
f 1181/2219/2621 1374/2259/2661 1201/2260/2662 687/2220/2622
f 1374/2259/2661 1202/2261/2663 698/2262/2664 1201/2260/2662
f 1199/2256/2658 697/2258/2660 1202/2261/2663 1374/2259/2661
f 687/2220/2622 1201/2260/2662 1375/2263/2665 1183/2223/2625
f 1183/2223/2625 1375/2263/2665 1203/2264/2666 688/2224/2626
f 1375/2263/2665 1204/2265/2667 699/2266/2668 1203/2264/2666
f 1201/2260/2662 698/2262/2664 1204/2265/2667 1375/2263/2665
f 688/2224/2626 1203/2264/2666 1376/2267/2669 1185/2227/2629
f 1185/2227/2629 1376/2267/2669 1205/2268/2670 689/2228/2630
f 1376/2267/2669 1206/2269/2671 700/2270/2672 1205/2268/2670
f 1203/2264/2666 699/2266/2668 1206/2269/2671 1376/2267/2669
f 689/2228/2630 1205/2268/2670 1377/2271/2673 1187/2231/2633
f 1187/2231/2633 1377/2271/2673 1207/2272/2674 690/2232/2634
f 1377/2271/2673 1208/2273/2675 701/2274/2676 1207/2272/2674
f 1205/2268/2670 700/2270/2672 1208/2273/2675 1377/2271/2673
f 690/2232/2634 1207/2272/2674 1378/2275/2677 1189/2235/2637
f 1189/2235/2637 1378/2275/2677 1209/2276/2678 691/2236/2638
f 1378/2275/2677 1210/2277/2679 702/2278/2680 1209/2276/2678
f 1207/2272/2674 701/2274/2676 1210/2277/2679 1378/2275/2677
f 691/2236/2638 1209/2276/2678 1379/2279/2681 1191/2239/2641
f 1191/2239/2641 1379/2279/2681 1211/2280/2682 692/2240/2642
f 1379/2279/2681 1212/2281/2683 703/2282/2684 1211/2280/2682
f 1209/2276/2678 702/2278/2680 1212/2281/2683 1379/2279/2681
f 692/2240/2642 1211/2280/2682 1380/2283/2685 1193/2243/2645
f 1193/2243/2645 1380/2283/2685 1213/2284/2686 693/2244/2646
f 1380/2283/2685 1214/2285/2687 704/2286/2688 1213/2284/2686
f 1211/2280/2682 703/2282/2684 1214/2285/2687 1380/2283/2685
f 693/2244/2646 1213/2284/2686 1381/2287/2689 1195/2247/2649
f 1195/2247/2649 1381/2287/2689 1215/2288/2690 694/2248/2650
f 1381/2287/2689 1216/2289/2691 705/2290/2692 1215/2288/2690
f 1213/2284/2686 704/2286/2688 1216/2289/2691 1381/2287/2689
f 695/2254/2656 1219/2291/2693 1382/2292/2694 1197/2252/2654
f 1197/2252/2654 1382/2292/2694 1217/2293/2695 696/2253/2655
f 1382/2292/2694 1218/2294/2696 707/2295/2697 1217/2293/2695
f 1219/2291/2693 706/2296/2698 1218/2294/2696 1382/2292/2694
f 696/2253/2655 1217/2293/2695 1383/2297/2699 1200/2257/2659
f 1200/2257/2659 1383/2297/2699 1220/2298/2700 697/2258/2660
f 1383/2297/2699 1221/2299/2701 708/2300/2702 1220/2298/2700
f 1217/2293/2695 707/2295/2697 1221/2299/2701 1383/2297/2699
f 697/2258/2660 1220/2298/2700 1384/2301/2703 1202/2261/2663
f 1202/2261/2663 1384/2301/2703 1222/2302/2704 698/2262/2664
f 1384/2301/2703 1223/2303/2705 709/2304/2706 1222/2302/2704
f 1220/2298/2700 708/2300/2702 1223/2303/2705 1384/2301/2703
f 698/2262/2664 1222/2302/2704 1385/2305/2707 1204/2265/2667
f 1204/2265/2667 1385/2305/2707 1224/2306/2708 699/2266/2668
f 1385/2305/2707 1225/2307/2709 710/2308/2710 1224/2306/2708
f 1222/2302/2704 709/2304/2706 1225/2307/2709 1385/2305/2707
f 699/2266/2668 1224/2306/2708 1386/2309/2711 1206/2269/2671
f 1206/2269/2671 1386/2309/2711 1226/2310/2712 700/2270/2672
f 1386/2309/2711 1227/2311/2713 711/2312/2714 1226/2310/2712
f 1224/2306/2708 710/2308/2710 1227/2311/2713 1386/2309/2711
f 700/2270/2672 1226/2310/2712 1387/2313/2715 1208/2273/2675
f 1208/2273/2675 1387/2313/2715 1228/2314/2716 701/2274/2676
f 1387/2313/2715 1229/2315/2717 712/2316/2718 1228/2314/2716
f 1226/2310/2712 711/2312/2714 1229/2315/2717 1387/2313/2715
f 701/2274/2676 1228/2314/2716 1388/2317/2719 1210/2277/2679
f 1210/2277/2679 1388/2317/2719 1230/2318/2720 702/2278/2680
f 1388/2317/2719 1231/2319/2721 713/2320/2722 1230/2318/2720
f 1228/2314/2716 712/2316/2718 1231/2319/2721 1388/2317/2719
f 702/2278/2680 1230/2318/2720 1389/2321/2723 1212/2281/2683
f 1212/2281/2683 1389/2321/2723 1232/2322/2724 703/2282/2684
f 1389/2321/2723 1233/2323/2725 714/2324/2726 1232/2322/2724
f 1230/2318/2720 713/2320/2722 1233/2323/2725 1389/2321/2723
f 703/2282/2684 1232/2322/2724 1390/2325/2727 1214/2285/2687
f 1214/2285/2687 1390/2325/2727 1234/2326/2728 704/2286/2688
f 1390/2325/2727 1235/2327/2729 715/2328/2730 1234/2326/2728
f 1232/2322/2724 714/2324/2726 1235/2327/2729 1390/2325/2727
f 704/2286/2688 1234/2326/2728 1391/2329/2731 1216/2289/2691
f 1216/2289/2691 1391/2329/2731 1236/2330/2732 705/2290/2692
f 1391/2329/2731 1237/2331/2733 716/2332/2734 1236/2330/2732
f 1234/2326/2728 715/2328/2730 1237/2331/2733 1391/2329/2731
f 706/2296/2698 1240/2333/2735 1392/2334/2736 1218/2294/2696
f 1218/2294/2696 1392/2334/2736 1238/2335/2737 707/2295/2697
f 1392/2334/2736 1239/2336/2738 718/2337/2739 1238/2335/2737
f 1240/2333/2735 717/2338/2740 1239/2336/2738 1392/2334/2736
f 707/2295/2697 1238/2335/2737 1393/2339/2741 1221/2299/2701
f 1221/2299/2701 1393/2339/2741 1241/2340/2742 708/2300/2702
f 1393/2339/2741 1242/2341/2743 719/2342/2744 1241/2340/2742
f 1238/2335/2737 718/2337/2739 1242/2341/2743 1393/2339/2741
f 708/2300/2702 1241/2340/2742 1394/2343/2745 1223/2303/2705
f 1223/2303/2705 1394/2343/2745 1243/2344/2746 709/2304/2706
f 1394/2343/2745 1244/2345/2747 720/2346/2748 1243/2344/2746
f 1241/2340/2742 719/2342/2744 1244/2345/2747 1394/2343/2745
f 709/2304/2706 1243/2344/2746 1395/2347/2749 1225/2307/2709
f 1225/2307/2709 1395/2347/2749 1245/2348/2750 710/2308/2710
f 1395/2347/2749 1246/2349/2751 721/2350/2752 1245/2348/2750
f 1243/2344/2746 720/2346/2748 1246/2349/2751 1395/2347/2749
f 710/2308/2710 1245/2348/2750 1396/2351/2753 1227/2311/2713
f 1227/2311/2713 1396/2351/2753 1247/2352/2754 711/2312/2714
f 1396/2351/2753 1248/2353/2755 722/2354/2756 1247/2352/2754
f 1245/2348/2750 721/2350/2752 1248/2353/2755 1396/2351/2753
f 711/2312/2714 1247/2352/2754 1397/2355/2757 1229/2315/2717
f 1229/2315/2717 1397/2355/2757 1249/2356/2758 712/2316/2718
f 1397/2355/2757 1250/2357/2759 723/2358/2760 1249/2356/2758
f 1247/2352/2754 722/2354/2756 1250/2357/2759 1397/2355/2757
f 712/2316/2718 1249/2356/2758 1398/2359/2761 1231/2319/2721
f 1231/2319/2721 1398/2359/2761 1251/2360/2762 713/2320/2722
f 1398/2359/2761 1252/2361/2763 724/2362/2764 1251/2360/2762
f 1249/2356/2758 723/2358/2760 1252/2361/2763 1398/2359/2761
f 713/2320/2722 1251/2360/2762 1399/2363/2765 1233/2323/2725
f 1233/2323/2725 1399/2363/2765 1253/2364/2766 714/2324/2726
f 1399/2363/2765 1254/2365/2767 725/2366/2768 1253/2364/2766
f 1251/2360/2762 724/2362/2764 1254/2365/2767 1399/2363/2765
f 714/2324/2726 1253/2364/2766 1400/2367/2769 1235/2327/2729
f 1235/2327/2729 1400/2367/2769 1255/2368/2770 715/2328/2730
f 1400/2367/2769 1256/2369/2771 726/2370/2772 1255/2368/2770
f 1253/2364/2766 725/2366/2768 1256/2369/2771 1400/2367/2769
f 715/2328/2730 1255/2368/2770 1401/2371/2773 1237/2331/2733
f 1237/2331/2733 1401/2371/2773 1257/2372/2774 716/2332/2734
f 1401/2371/2773 1258/2373/2775 727/2374/2776 1257/2372/2774
f 1255/2368/2770 726/2370/2772 1258/2373/2775 1401/2371/2773
f 717/2338/2740 1261/2375/2777 1402/2376/2778 1239/2336/2738
f 1239/2336/2738 1402/2376/2778 1259/2377/2779 718/2337/2739
f 1402/2376/2778 1260/2378/2780 729/2379/2781 1259/2377/2779
f 1261/2375/2777 728/2380/2782 1260/2378/2780 1402/2376/2778
f 718/2337/2739 1259/2377/2779 1403/2381/2783 1242/2341/2743
f 1242/2341/2743 1403/2381/2783 1262/2382/2784 719/2342/2744
f 1403/2381/2783 1263/2383/2785 730/2384/2786 1262/2382/2784
f 1259/2377/2779 729/2379/2781 1263/2383/2785 1403/2381/2783
f 719/2342/2744 1262/2382/2784 1404/2385/2787 1244/2345/2747
f 1244/2345/2747 1404/2385/2787 1264/2386/2788 720/2346/2748
f 1404/2385/2787 1265/2387/2789 731/2388/2790 1264/2386/2788
f 1262/2382/2784 730/2384/2786 1265/2387/2789 1404/2385/2787
f 720/2346/2748 1264/2386/2788 1405/2389/2791 1246/2349/2751
f 1246/2349/2751 1405/2389/2791 1266/2390/2792 721/2350/2752
f 1405/2389/2791 1267/2391/2793 732/2392/2794 1266/2390/2792
f 1264/2386/2788 731/2388/2790 1267/2391/2793 1405/2389/2791
f 721/2350/2752 1266/2390/2792 1406/2393/2795 1248/2353/2755
f 1248/2353/2755 1406/2393/2795 1268/2394/2796 722/2354/2756
f 1406/2393/2795 1269/2395/2797 733/2396/2798 1268/2394/2796
f 1266/2390/2792 732/2392/2794 1269/2395/2797 1406/2393/2795
f 722/2354/2756 1268/2394/2796 1407/2397/2799 1250/2357/2759
f 1250/2357/2759 1407/2397/2799 1270/2398/2800 723/2358/2760
f 1407/2397/2799 1271/2399/2801 734/2400/2802 1270/2398/2800
f 1268/2394/2796 733/2396/2798 1271/2399/2801 1407/2397/2799
f 723/2358/2760 1270/2398/2800 1408/2401/2803 1252/2361/2763
f 1252/2361/2763 1408/2401/2803 1272/2402/2804 724/2362/2764
f 1408/2401/2803 1273/2403/2805 735/2404/2806 1272/2402/2804
f 1270/2398/2800 734/2400/2802 1273/2403/2805 1408/2401/2803
f 724/2362/2764 1272/2402/2804 1409/2405/2807 1254/2365/2767
f 1254/2365/2767 1409/2405/2807 1274/2406/2808 725/2366/2768
f 1409/2405/2807 1275/2407/2809 736/2408/2810 1274/2406/2808
f 1272/2402/2804 735/2404/2806 1275/2407/2809 1409/2405/2807
f 725/2366/2768 1274/2406/2808 1410/2409/2811 1256/2369/2771
f 1256/2369/2771 1410/2409/2811 1276/2410/2812 726/2370/2772
f 1410/2409/2811 1277/2411/2813 737/2412/2814 1276/2410/2812
f 1274/2406/2808 736/2408/2810 1277/2411/2813 1410/2409/2811
f 726/2370/2772 1276/2410/2812 1411/2413/2815 1258/2373/2775
f 1258/2373/2775 1411/2413/2815 1278/2414/2816 727/2374/2776
f 1411/2413/2815 1279/2415/2817 738/2416/2818 1278/2414/2816
f 1276/2410/2812 737/2412/2814 1279/2415/2817 1411/2413/2815
f 728/2380/2782 1282/2417/2819 1412/2418/2820 1260/2378/2780
f 1260/2378/2780 1412/2418/2820 1280/2419/2821 729/2379/2781
f 1412/2418/2820 1281/2420/2822 740/2421/2823 1280/2419/2821
f 1282/2417/2819 739/2422/2824 1281/2420/2822 1412/2418/2820
f 729/2379/2781 1280/2419/2821 1413/2423/2825 1263/2383/2785
f 1263/2383/2785 1413/2423/2825 1283/2424/2826 730/2384/2786
f 1413/2423/2825 1284/2425/2827 741/2426/2828 1283/2424/2826
f 1280/2419/2821 740/2421/2823 1284/2425/2827 1413/2423/2825
f 730/2384/2786 1283/2424/2826 1414/2427/2829 1265/2387/2789
f 1265/2387/2789 1414/2427/2829 1285/2428/2830 731/2388/2790
f 1414/2427/2829 1286/2429/2831 742/2430/2832 1285/2428/2830
f 1283/2424/2826 741/2426/2828 1286/2429/2831 1414/2427/2829
f 731/2388/2790 1285/2428/2830 1415/2431/2833 1267/2391/2793
f 1267/2391/2793 1415/2431/2833 1287/2432/2834 732/2392/2794
f 1415/2431/2833 1288/2433/2835 743/2434/2836 1287/2432/2834
f 1285/2428/2830 742/2430/2832 1288/2433/2835 1415/2431/2833
f 732/2392/2794 1287/2432/2834 1416/2435/2837 1269/2395/2797
f 1269/2395/2797 1416/2435/2837 1289/2436/2838 733/2396/2798
f 1416/2435/2837 1290/2437/2839 744/2438/2840 1289/2436/2838
f 1287/2432/2834 743/2434/2836 1290/2437/2839 1416/2435/2837
f 733/2396/2798 1289/2436/2838 1417/2439/2841 1271/2399/2801
f 1271/2399/2801 1417/2439/2841 1291/2440/2842 734/2400/2802
f 1417/2439/2841 1292/2441/2843 745/2442/2844 1291/2440/2842
f 1289/2436/2838 744/2438/2840 1292/2441/2843 1417/2439/2841
f 734/2400/2802 1291/2440/2842 1418/2443/2845 1273/2403/2805
f 1273/2403/2805 1418/2443/2845 1293/2444/2846 735/2404/2806
f 1418/2443/2845 1294/2445/2847 746/2446/2848 1293/2444/2846
f 1291/2440/2842 745/2442/2844 1294/2445/2847 1418/2443/2845
f 735/2404/2806 1293/2444/2846 1419/2447/2849 1275/2407/2809
f 1275/2407/2809 1419/2447/2849 1295/2448/2850 736/2408/2810
f 1419/2447/2849 1296/2449/2851 747/2450/2852 1295/2448/2850
f 1293/2444/2846 746/2446/2848 1296/2449/2851 1419/2447/2849
f 736/2408/2810 1295/2448/2850 1420/2451/2853 1277/2411/2813
f 1277/2411/2813 1420/2451/2853 1297/2452/2854 737/2412/2814
f 1420/2451/2853 1298/2453/2855 748/2454/2856 1297/2452/2854
f 1295/2448/2850 747/2450/2852 1298/2453/2855 1420/2451/2853
f 737/2412/2814 1297/2452/2854 1421/2455/2857 1279/2415/2817
f 1279/2415/2817 1421/2455/2857 1299/2456/2858 738/2416/2818
f 1421/2455/2857 1300/2457/2859 749/2458/2860 1299/2456/2858
f 1297/2452/2854 748/2454/2856 1300/2457/2859 1421/2455/2857
f 739/2422/2824 1303/2459/2861 1422/2460/2862 1281/2420/2822
f 1281/2420/2822 1422/2460/2862 1301/2461/2863 740/2421/2823
f 1422/2460/2862 1302/2462/2864 751/2463/2865 1301/2461/2863
f 1303/2459/2861 750/2464/2866 1302/2462/2864 1422/2460/2862
f 740/2421/2823 1301/2461/2863 1423/2465/2867 1284/2425/2827
f 1284/2425/2827 1423/2465/2867 1304/2466/2868 741/2426/2828
f 1423/2465/2867 1305/2467/2869 752/2468/2870 1304/2466/2868
f 1301/2461/2863 751/2463/2865 1305/2467/2869 1423/2465/2867
f 741/2426/2828 1304/2466/2868 1424/2469/2871 1286/2429/2831
f 1286/2429/2831 1424/2469/2871 1306/2470/2872 742/2430/2832
f 1424/2469/2871 1307/2471/2873 753/2472/2874 1306/2470/2872
f 1304/2466/2868 752/2468/2870 1307/2471/2873 1424/2469/2871
f 742/2430/2832 1306/2470/2872 1425/2473/2875 1288/2433/2835
f 1288/2433/2835 1425/2473/2875 1308/2474/2876 743/2434/2836
f 1425/2473/2875 1309/2475/2877 754/2476/2878 1308/2474/2876
f 1306/2470/2872 753/2472/2874 1309/2475/2877 1425/2473/2875
f 743/2434/2836 1308/2474/2876 1426/2477/2879 1290/2437/2839
f 1290/2437/2839 1426/2477/2879 1310/2478/2880 744/2438/2840
f 1426/2477/2879 1311/2479/2881 755/2480/2882 1310/2478/2880
f 1308/2474/2876 754/2476/2878 1311/2479/2881 1426/2477/2879
f 744/2438/2840 1310/2478/2880 1427/2481/2883 1292/2441/2843
f 1292/2441/2843 1427/2481/2883 1312/2482/2884 745/2442/2844
f 1427/2481/2883 1313/2483/2885 756/2484/2886 1312/2482/2884
f 1310/2478/2880 755/2480/2882 1313/2483/2885 1427/2481/2883
f 745/2442/2844 1312/2482/2884 1428/2485/2887 1294/2445/2847
f 1294/2445/2847 1428/2485/2887 1314/2486/2888 746/2446/2848
f 1428/2485/2887 1315/2487/2889 757/2488/2890 1314/2486/2888
f 1312/2482/2884 756/2484/2886 1315/2487/2889 1428/2485/2887
f 746/2446/2848 1314/2486/2888 1429/2489/2891 1296/2449/2851
f 1296/2449/2851 1429/2489/2891 1316/2490/2892 747/2450/2852
f 1429/2489/2891 1317/2491/2893 758/2492/2894 1316/2490/2892
f 1314/2486/2888 757/2488/2890 1317/2491/2893 1429/2489/2891
f 747/2450/2852 1316/2490/2892 1430/2493/2895 1298/2453/2855
f 1298/2453/2855 1430/2493/2895 1318/2494/2896 748/2454/2856
f 1430/2493/2895 1319/2495/2897 759/2496/2898 1318/2494/2896
f 1316/2490/2892 758/2492/2894 1319/2495/2897 1430/2493/2895
f 748/2454/2856 1318/2494/2896 1431/2497/2899 1300/2457/2859
f 1300/2457/2859 1431/2497/2899 1320/2498/2900 749/2458/2860
f 1431/2497/2899 1321/2499/2901 760/2500/2902 1320/2498/2900
f 1318/2494/2896 759/2496/2898 1321/2499/2901 1431/2497/2899
f 750/2464/2866 873/2501/2903 1432/2502/2904 1302/2462/2864
f 1302/2462/2864 1432/2502/2904 871/2503/2905 751/2463/2865
f 1432/2502/2904 872/2504/2906 762/2505/2907 871/2503/2905
f 873/2501/2903 761/2506/2908 872/2504/2906 1432/2502/2904
f 751/2463/2865 871/2503/2905 1433/2507/2909 1305/2467/2869
f 1305/2467/2869 1433/2507/2909 874/2508/2910 752/2468/2870
f 1433/2507/2909 875/2509/2911 763/2510/2912 874/2508/2910
f 871/2503/2905 762/2505/2907 875/2509/2911 1433/2507/2909
f 752/2468/2870 874/2508/2910 1434/2511/2913 1307/2471/2873
f 1307/2471/2873 1434/2511/2913 876/2512/2914 753/2472/2874
f 1434/2511/2913 877/2513/2915 764/2514/2916 876/2512/2914
f 874/2508/2910 763/2510/2912 877/2513/2915 1434/2511/2913
f 753/2472/2874 876/2512/2914 1435/2515/2917 1309/2475/2877
f 1309/2475/2877 1435/2515/2917 878/2516/2918 754/2476/2878
f 1435/2515/2917 879/2517/2919 765/2518/2920 878/2516/2918
f 876/2512/2914 764/2514/2916 879/2517/2919 1435/2515/2917
f 754/2476/2878 878/2516/2918 1436/2519/2921 1311/2479/2881
f 1311/2479/2881 1436/2519/2921 880/2520/2922 755/2480/2882
f 1436/2519/2921 881/2521/2923 766/2522/2924 880/2520/2922
f 878/2516/2918 765/2518/2920 881/2521/2923 1436/2519/2921
f 755/2480/2882 880/2520/2922 1437/2523/2925 1313/2483/2885
f 1313/2483/2885 1437/2523/2925 882/2524/2926 756/2484/2886
f 1437/2523/2925 883/2525/2927 767/2526/2928 882/2524/2926
f 880/2520/2922 766/2522/2924 883/2525/2927 1437/2523/2925
f 756/2484/2886 882/2524/2926 1438/2527/2929 1315/2487/2889
f 1315/2487/2889 1438/2527/2929 884/2528/2930 757/2488/2890
f 1438/2527/2929 885/2529/2931 768/2530/2932 884/2528/2930
f 882/2524/2926 767/2526/2928 885/2529/2931 1438/2527/2929
f 757/2488/2890 884/2528/2930 1439/2531/2933 1317/2491/2893
f 1317/2491/2893 1439/2531/2933 886/2532/2934 758/2492/2894
f 1439/2531/2933 887/2533/2935 769/2534/2936 886/2532/2934
f 884/2528/2930 768/2530/2932 887/2533/2935 1439/2531/2933
f 758/2492/2894 886/2532/2934 1440/2535/2937 1319/2495/2897
f 1319/2495/2897 1440/2535/2937 888/2536/2938 759/2496/2898
f 1440/2535/2937 889/2537/2939 770/2538/2940 888/2536/2938
f 886/2532/2934 769/2534/2936 889/2537/2939 1440/2535/2937
f 759/2496/2898 888/2536/2938 1441/2539/2941 1321/2499/2901
f 1321/2499/2901 1441/2539/2941 890/2540/2942 760/2500/2902
f 1441/2539/2941 891/2541/2943 771/2542/2944 890/2540/2942
f 888/2536/2938 770/2538/2940 891/2541/2943 1441/2539/2941
f 761/2506/2908 894/2543/2945 1442/2544/2946 872/2504/2906
f 872/2504/2906 1442/2544/2946 892/2545/2947 762/2505/2907
f 1442/2544/2946 893/2546/2948 773/2547/2949 892/2545/2947
f 894/2543/2945 772/2548/2950 893/2546/2948 1442/2544/2946
f 762/2505/2907 892/2545/2947 1443/2549/2951 875/2509/2911
f 875/2509/2911 1443/2549/2951 895/2550/2952 763/2510/2912
f 1443/2549/2951 896/2551/2953 774/2552/2954 895/2550/2952
f 892/2545/2947 773/2547/2949 896/2551/2953 1443/2549/2951
f 763/2510/2912 895/2550/2952 1444/2553/2955 877/2513/2915
f 877/2513/2915 1444/2553/2955 897/2554/2956 764/2514/2916
f 1444/2553/2955 898/2555/2957 775/2556/2958 897/2554/2956
f 895/2550/2952 774/2552/2954 898/2555/2957 1444/2553/2955
f 764/2514/2916 897/2554/2956 1445/2557/2959 879/2517/2919
f 879/2517/2919 1445/2557/2959 899/2558/2960 765/2518/2920
f 1445/2557/2959 900/2559/2961 776/2560/2962 899/2558/2960
f 897/2554/2956 775/2556/2958 900/2559/2961 1445/2557/2959
f 765/2518/2920 899/2558/2960 1446/2561/2963 881/2521/2923
f 881/2521/2923 1446/2561/2963 901/2562/2964 766/2522/2924
f 1446/2561/2963 902/2563/2965 777/2564/2966 901/2562/2964
f 899/2558/2960 776/2560/2962 902/2563/2965 1446/2561/2963
f 766/2522/2924 901/2562/2964 1447/2565/2967 883/2525/2927
f 883/2525/2927 1447/2565/2967 903/2566/2968 767/2526/2928
f 1447/2565/2967 904/2567/2969 778/2568/2970 903/2566/2968
f 901/2562/2964 777/2564/2966 904/2567/2969 1447/2565/2967
f 767/2526/2928 903/2566/2968 1448/2569/2971 885/2529/2931
f 885/2529/2931 1448/2569/2971 905/2570/2972 768/2530/2932
f 1448/2569/2971 906/2571/2973 779/2572/2974 905/2570/2972
f 903/2566/2968 778/2568/2970 906/2571/2973 1448/2569/2971
f 768/2530/2932 905/2570/2972 1449/2573/2975 887/2533/2935
f 887/2533/2935 1449/2573/2975 907/2574/2976 769/2534/2936
f 1449/2573/2975 908/2575/2977 780/2576/2978 907/2574/2976
f 905/2570/2972 779/2572/2974 908/2575/2977 1449/2573/2975
f 769/2534/2936 907/2574/2976 1450/2577/2979 889/2537/2939
f 889/2537/2939 1450/2577/2979 909/2578/2980 770/2538/2940
f 1450/2577/2979 910/2579/2981 781/2580/2982 909/2578/2980
f 907/2574/2976 780/2576/2978 910/2579/2981 1450/2577/2979
f 770/2538/2940 909/2578/2980 1451/2581/2983 891/2541/2943
f 891/2541/2943 1451/2581/2983 911/2582/2984 771/2542/2944
f 1451/2581/2983 912/2583/2985 782/2584/2986 911/2582/2984
f 909/2578/2980 781/2580/2982 912/2583/2985 1451/2581/2983
f 772/2548/2950 915/2585/2987 1452/2586/2988 893/2546/2948
f 893/2546/2948 1452/2586/2988 913/2587/2989 773/2547/2949
f 1452/2586/2988 914/2588/2990 784/2589/2991 913/2587/2989
f 915/2585/2987 783/2590/2992 914/2588/2990 1452/2586/2988
f 773/2547/2949 913/2587/2989 1453/2591/2993 896/2551/2953
f 896/2551/2953 1453/2591/2993 916/2592/2994 774/2552/2954
f 1453/2591/2993 917/2593/2995 785/2594/2996 916/2592/2994
f 913/2587/2989 784/2589/2991 917/2593/2995 1453/2591/2993
f 774/2552/2954 916/2592/2994 1454/2595/2997 898/2555/2957
f 898/2555/2957 1454/2595/2997 918/2596/2998 775/2556/2958
f 1454/2595/2997 919/2597/2999 786/2598/3000 918/2596/2998
f 916/2592/2994 785/2594/2996 919/2597/2999 1454/2595/2997
f 775/2556/2958 918/2596/2998 1455/2599/3001 900/2559/2961
f 900/2559/2961 1455/2599/3001 920/2600/3002 776/2560/2962
f 1455/2599/3001 921/2601/3003 787/2602/3004 920/2600/3002
f 918/2596/2998 786/2598/3000 921/2601/3003 1455/2599/3001
f 776/2560/2962 920/2600/3002 1456/2603/3005 902/2563/2965
f 902/2563/2965 1456/2603/3005 922/2604/3006 777/2564/2966
f 1456/2603/3005 923/2605/3007 788/2606/3008 922/2604/3006
f 920/2600/3002 787/2602/3004 923/2605/3007 1456/2603/3005
f 777/2564/2966 922/2604/3006 1457/2607/3009 904/2567/2969
f 904/2567/2969 1457/2607/3009 924/2608/3010 778/2568/2970
f 1457/2607/3009 925/2609/3011 789/2610/3012 924/2608/3010
f 922/2604/3006 788/2606/3008 925/2609/3011 1457/2607/3009
f 778/2568/2970 924/2608/3010 1458/2611/3013 906/2571/2973
f 906/2571/2973 1458/2611/3013 926/2612/3014 779/2572/2974
f 1458/2611/3013 927/2613/3015 790/2614/3016 926/2612/3014
f 924/2608/3010 789/2610/3012 927/2613/3015 1458/2611/3013
f 779/2572/2974 926/2612/3014 1459/2615/3017 908/2575/2977
f 908/2575/2977 1459/2615/3017 928/2616/3018 780/2576/2978
f 1459/2615/3017 929/2617/3019 791/2618/3020 928/2616/3018
f 926/2612/3014 790/2614/3016 929/2617/3019 1459/2615/3017
f 780/2576/2978 928/2616/3018 1460/2619/3021 910/2579/2981
f 910/2579/2981 1460/2619/3021 930/2620/3022 781/2580/2982
f 1460/2619/3021 931/2621/3023 792/2622/3024 930/2620/3022
f 928/2616/3018 791/2618/3020 931/2621/3023 1460/2619/3021
f 781/2580/2982 930/2620/3022 1461/2623/3025 912/2583/2985
f 912/2583/2985 1461/2623/3025 932/2624/3026 782/2584/2986
f 1461/2623/3025 933/2625/3027 793/2626/3028 932/2624/3026
f 930/2620/3022 792/2622/3024 933/2625/3027 1461/2623/3025
f 783/2590/2992 936/2627/3029 1462/2628/3030 914/2588/2990
f 914/2588/2990 1462/2628/3030 934/2629/3031 784/2589/2991
f 1462/2628/3030 935/2630/3032 795/2631/3033 934/2629/3031
f 936/2627/3029 794/2632/3034 935/2630/3032 1462/2628/3030
f 784/2589/2991 934/2629/3031 1463/2633/3035 917/2593/2995
f 917/2593/2995 1463/2633/3035 937/2634/3036 785/2594/2996
f 1463/2633/3035 938/2635/3037 796/2636/3038 937/2634/3036
f 934/2629/3031 795/2631/3033 938/2635/3037 1463/2633/3035
f 785/2594/2996 937/2634/3036 1464/2637/3039 919/2597/2999
f 919/2597/2999 1464/2637/3039 939/2638/3040 786/2598/3000
f 1464/2637/3039 940/2639/3041 797/2640/3042 939/2638/3040
f 937/2634/3036 796/2636/3038 940/2639/3041 1464/2637/3039
f 786/2598/3000 939/2638/3040 1465/2641/3043 921/2601/3003
f 921/2601/3003 1465/2641/3043 941/2642/3044 787/2602/3004
f 1465/2641/3043 942/2643/3045 798/2644/3046 941/2642/3044
f 939/2638/3040 797/2640/3042 942/2643/3045 1465/2641/3043
f 787/2602/3004 941/2642/3044 1466/2645/3047 923/2605/3007
f 923/2605/3007 1466/2645/3047 943/2646/3048 788/2606/3008
f 1466/2645/3047 944/2647/3049 799/2648/3050 943/2646/3048
f 941/2642/3044 798/2644/3046 944/2647/3049 1466/2645/3047
f 788/2606/3008 943/2646/3048 1467/2649/3051 925/2609/3011
f 925/2609/3011 1467/2649/3051 945/2650/3052 789/2610/3012
f 1467/2649/3051 946/2651/3053 800/2652/3054 945/2650/3052
f 943/2646/3048 799/2648/3050 946/2651/3053 1467/2649/3051
f 789/2610/3012 945/2650/3052 1468/2653/3055 927/2613/3015
f 927/2613/3015 1468/2653/3055 947/2654/3056 790/2614/3016
f 1468/2653/3055 948/2655/3057 801/2656/3058 947/2654/3056
f 945/2650/3052 800/2652/3054 948/2655/3057 1468/2653/3055
f 790/2614/3016 947/2654/3056 1469/2657/3059 929/2617/3019
f 929/2617/3019 1469/2657/3059 949/2658/3060 791/2618/3020
f 1469/2657/3059 950/2659/3061 802/2660/3062 949/2658/3060
f 947/2654/3056 801/2656/3058 950/2659/3061 1469/2657/3059
f 791/2618/3020 949/2658/3060 1470/2661/3063 931/2621/3023
f 931/2621/3023 1470/2661/3063 951/2662/3064 792/2622/3024
f 1470/2661/3063 952/2663/3065 803/2664/3066 951/2662/3064
f 949/2658/3060 802/2660/3062 952/2663/3065 1470/2661/3063
f 792/2622/3024 951/2662/3064 1471/2665/3067 933/2625/3027
f 933/2625/3027 1471/2665/3067 953/2666/3068 793/2626/3028
f 1471/2665/3067 954/2667/3069 804/2668/3070 953/2666/3068
f 951/2662/3064 803/2664/3066 954/2667/3069 1471/2665/3067
f 794/2632/3034 957/2669/3071 1472/2670/3072 935/2630/3032
f 935/2630/3032 1472/2670/3072 955/2671/3073 795/2631/3033
f 1472/2670/3072 956/2672/3074 806/2673/3075 955/2671/3073
f 957/2669/3071 805/2674/3076 956/2672/3074 1472/2670/3072
f 795/2631/3033 955/2671/3073 1473/2675/3077 938/2635/3037
f 938/2635/3037 1473/2675/3077 958/2676/3078 796/2636/3038
f 1473/2675/3077 959/2677/3079 807/2678/3080 958/2676/3078
f 955/2671/3073 806/2673/3075 959/2677/3079 1473/2675/3077
f 796/2636/3038 958/2676/3078 1474/2679/3081 940/2639/3041
f 940/2639/3041 1474/2679/3081 960/2680/3082 797/2640/3042
f 1474/2679/3081 961/2681/3083 808/2682/3084 960/2680/3082
f 958/2676/3078 807/2678/3080 961/2681/3083 1474/2679/3081
f 797/2640/3042 960/2680/3082 1475/2683/3085 942/2643/3045
f 942/2643/3045 1475/2683/3085 962/2684/3086 798/2644/3046
f 1475/2683/3085 963/2685/3087 809/2686/3088 962/2684/3086
f 960/2680/3082 808/2682/3084 963/2685/3087 1475/2683/3085
f 798/2644/3046 962/2684/3086 1476/2687/3089 944/2647/3049
f 944/2647/3049 1476/2687/3089 964/2688/3090 799/2648/3050
f 1476/2687/3089 965/2689/3091 810/2690/3092 964/2688/3090
f 962/2684/3086 809/2686/3088 965/2689/3091 1476/2687/3089
f 799/2648/3050 964/2688/3090 1477/2691/3093 946/2651/3053
f 946/2651/3053 1477/2691/3093 966/2692/3094 800/2652/3054
f 1477/2691/3093 967/2693/3095 811/2694/3096 966/2692/3094
f 964/2688/3090 810/2690/3092 967/2693/3095 1477/2691/3093
f 800/2652/3054 966/2692/3094 1478/2695/3097 948/2655/3057
f 948/2655/3057 1478/2695/3097 968/2696/3098 801/2656/3058
f 1478/2695/3097 969/2697/3099 812/2698/3100 968/2696/3098
f 966/2692/3094 811/2694/3096 969/2697/3099 1478/2695/3097
f 801/2656/3058 968/2696/3098 1479/2699/3101 950/2659/3061
f 950/2659/3061 1479/2699/3101 970/2700/3102 802/2660/3062
f 1479/2699/3101 971/2701/3103 813/2702/3104 970/2700/3102
f 968/2696/3098 812/2698/3100 971/2701/3103 1479/2699/3101
f 802/2660/3062 970/2700/3102 1480/2703/3105 952/2663/3065
f 952/2663/3065 1480/2703/3105 972/2704/3106 803/2664/3066
f 1480/2703/3105 973/2705/3107 814/2706/3108 972/2704/3106
f 970/2700/3102 813/2702/3104 973/2705/3107 1480/2703/3105
f 803/2664/3066 972/2704/3106 1481/2707/3109 954/2667/3069
f 954/2667/3069 1481/2707/3109 974/2708/3110 804/2668/3070
f 1481/2707/3109 975/2709/3111 815/2710/3112 974/2708/3110
f 972/2704/3106 814/2706/3108 975/2709/3111 1481/2707/3109
f 805/2674/3076 978/2711/3113 1482/2712/3114 956/2672/3074
f 956/2672/3074 1482/2712/3114 976/2713/3115 806/2673/3075
f 1482/2712/3114 977/2714/3116 817/2715/3117 976/2713/3115
f 978/2711/3113 816/2716/3118 977/2714/3116 1482/2712/3114
f 806/2673/3075 976/2713/3115 1483/2717/3119 959/2677/3079
f 959/2677/3079 1483/2717/3119 979/2718/3120 807/2678/3080
f 1483/2717/3119 980/2719/3121 818/2720/3122 979/2718/3120
f 976/2713/3115 817/2715/3117 980/2719/3121 1483/2717/3119
f 807/2678/3080 979/2718/3120 1484/2721/3123 961/2681/3083
f 961/2681/3083 1484/2721/3123 981/2722/3124 808/2682/3084
f 1484/2721/3123 982/2723/3125 819/2724/3126 981/2722/3124
f 979/2718/3120 818/2720/3122 982/2723/3125 1484/2721/3123
f 808/2682/3084 981/2722/3124 1485/2725/3127 963/2685/3087
f 963/2685/3087 1485/2725/3127 983/2726/3128 809/2686/3088
f 1485/2725/3127 984/2727/3129 820/2728/3130 983/2726/3128
f 981/2722/3124 819/2724/3126 984/2727/3129 1485/2725/3127
f 809/2686/3088 983/2726/3128 1486/2729/3131 965/2689/3091
f 965/2689/3091 1486/2729/3131 985/2730/3132 810/2690/3092
f 1486/2729/3131 986/2731/3133 821/2732/3134 985/2730/3132
f 983/2726/3128 820/2728/3130 986/2731/3133 1486/2729/3131
f 810/2690/3092 985/2730/3132 1487/2733/3135 967/2693/3095
f 967/2693/3095 1487/2733/3135 987/2734/3136 811/2694/3096
f 1487/2733/3135 988/2735/3137 822/2736/3138 987/2734/3136
f 985/2730/3132 821/2732/3134 988/2735/3137 1487/2733/3135
f 811/2694/3096 987/2734/3136 1488/2737/3139 969/2697/3099
f 969/2697/3099 1488/2737/3139 989/2738/3140 812/2698/3100
f 1488/2737/3139 990/2739/3141 823/2740/3142 989/2738/3140
f 987/2734/3136 822/2736/3138 990/2739/3141 1488/2737/3139
f 812/2698/3100 989/2738/3140 1489/2741/3143 971/2701/3103
f 971/2701/3103 1489/2741/3143 991/2742/3144 813/2702/3104
f 1489/2741/3143 992/2743/3145 824/2744/3146 991/2742/3144
f 989/2738/3140 823/2740/3142 992/2743/3145 1489/2741/3143
f 813/2702/3104 991/2742/3144 1490/2745/3147 973/2705/3107
f 973/2705/3107 1490/2745/3147 993/2746/3148 814/2706/3108
f 1490/2745/3147 994/2747/3149 825/2748/3150 993/2746/3148
f 991/2742/3144 824/2744/3146 994/2747/3149 1490/2745/3147
f 814/2706/3108 993/2746/3148 1491/2749/3151 975/2709/3111
f 975/2709/3111 1491/2749/3151 995/2750/3152 815/2710/3112
f 1491/2749/3151 996/2751/3153 826/2752/3154 995/2750/3152
f 993/2746/3148 825/2748/3150 996/2751/3153 1491/2749/3151
f 816/2716/3118 999/2753/3155 1492/2754/3156 977/2714/3116
f 977/2714/3116 1492/2754/3156 997/2755/3157 817/2715/3117
f 1492/2754/3156 998/2756/3158 828/2757/3159 997/2755/3157
f 999/2753/3155 827/2758/3160 998/2756/3158 1492/2754/3156
f 817/2715/3117 997/2755/3157 1493/2759/3161 980/2719/3121
f 980/2719/3121 1493/2759/3161 1000/2760/3162 818/2720/3122
f 1493/2759/3161 1001/2761/3163 829/2762/3164 1000/2760/3162
f 997/2755/3157 828/2757/3159 1001/2761/3163 1493/2759/3161
f 818/2720/3122 1000/2760/3162 1494/2763/3165 982/2723/3125
f 982/2723/3125 1494/2763/3165 1002/2764/3166 819/2724/3126
f 1494/2763/3165 1003/2765/3167 830/2766/3168 1002/2764/3166
f 1000/2760/3162 829/2762/3164 1003/2765/3167 1494/2763/3165
f 819/2724/3126 1002/2764/3166 1495/2767/3169 984/2727/3129
f 984/2727/3129 1495/2767/3169 1004/2768/3170 820/2728/3130
f 1495/2767/3169 1005/2769/3171 831/2770/3172 1004/2768/3170
f 1002/2764/3166 830/2766/3168 1005/2769/3171 1495/2767/3169
f 820/2728/3130 1004/2768/3170 1496/2771/3173 986/2731/3133
f 986/2731/3133 1496/2771/3173 1006/2772/3174 821/2732/3134
f 1496/2771/3173 1007/2773/3175 832/2774/3176 1006/2772/3174
f 1004/2768/3170 831/2770/3172 1007/2773/3175 1496/2771/3173
f 821/2732/3134 1006/2772/3174 1497/2775/3177 988/2735/3137
f 988/2735/3137 1497/2775/3177 1008/2776/3178 822/2736/3138
f 1497/2775/3177 1009/2777/3179 833/2778/3180 1008/2776/3178
f 1006/2772/3174 832/2774/3176 1009/2777/3179 1497/2775/3177
f 822/2736/3138 1008/2776/3178 1498/2779/3181 990/2739/3141
f 990/2739/3141 1498/2779/3181 1010/2780/3182 823/2740/3142
f 1498/2779/3181 1011/2781/3183 834/2782/3184 1010/2780/3182
f 1008/2776/3178 833/2778/3180 1011/2781/3183 1498/2779/3181
f 823/2740/3142 1010/2780/3182 1499/2783/3185 992/2743/3145
f 992/2743/3145 1499/2783/3185 1012/2784/3186 824/2744/3146
f 1499/2783/3185 1013/2785/3187 835/2786/3188 1012/2784/3186
f 1010/2780/3182 834/2782/3184 1013/2785/3187 1499/2783/3185
f 824/2744/3146 1012/2784/3186 1500/2787/3189 994/2747/3149
f 994/2747/3149 1500/2787/3189 1014/2788/3190 825/2748/3150
f 1500/2787/3189 1015/2789/3191 836/2790/3192 1014/2788/3190
f 1012/2784/3186 835/2786/3188 1015/2789/3191 1500/2787/3189
f 825/2748/3150 1014/2788/3190 1501/2791/3193 996/2751/3153
f 996/2751/3153 1501/2791/3193 1016/2792/3194 826/2752/3154
f 1501/2791/3193 1017/2793/3195 837/2794/3196 1016/2792/3194
f 1014/2788/3190 836/2790/3192 1017/2793/3195 1501/2791/3193
f 827/2758/3160 1020/2795/3197 1502/2796/3198 998/2756/3158
f 998/2756/3158 1502/2796/3198 1018/2797/3199 828/2757/3159
f 1502/2796/3198 1019/2798/3200 839/2799/3201 1018/2797/3199
f 1020/2795/3197 838/2800/3202 1019/2798/3200 1502/2796/3198
f 828/2757/3159 1018/2797/3199 1503/2801/3203 1001/2761/3163
f 1001/2761/3163 1503/2801/3203 1021/2802/3204 829/2762/3164
f 1503/2801/3203 1022/2803/3205 840/2804/3206 1021/2802/3204
f 1018/2797/3199 839/2799/3201 1022/2803/3205 1503/2801/3203
f 829/2762/3164 1021/2802/3204 1504/2805/3207 1003/2765/3167
f 1003/2765/3167 1504/2805/3207 1023/2806/3208 830/2766/3168
f 1504/2805/3207 1024/2807/3209 841/2808/3210 1023/2806/3208
f 1021/2802/3204 840/2804/3206 1024/2807/3209 1504/2805/3207
f 830/2766/3168 1023/2806/3208 1505/2809/3211 1005/2769/3171
f 1005/2769/3171 1505/2809/3211 1025/2810/3212 831/2770/3172
f 1505/2809/3211 1026/2811/3213 842/2812/3214 1025/2810/3212
f 1023/2806/3208 841/2808/3210 1026/2811/3213 1505/2809/3211
f 831/2770/3172 1025/2810/3212 1506/2813/3215 1007/2773/3175
f 1007/2773/3175 1506/2813/3215 1027/2814/3216 832/2774/3176
f 1506/2813/3215 1028/2815/3217 843/2816/3218 1027/2814/3216
f 1025/2810/3212 842/2812/3214 1028/2815/3217 1506/2813/3215
f 832/2774/3176 1027/2814/3216 1507/2817/3219 1009/2777/3179
f 1009/2777/3179 1507/2817/3219 1029/2818/3220 833/2778/3180
f 1507/2817/3219 1030/2819/3221 844/2820/3222 1029/2818/3220
f 1027/2814/3216 843/2816/3218 1030/2819/3221 1507/2817/3219
f 833/2778/3180 1029/2818/3220 1508/2821/3223 1011/2781/3183
f 1011/2781/3183 1508/2821/3223 1031/2822/3224 834/2782/3184
f 1508/2821/3223 1032/2823/3225 845/2824/3226 1031/2822/3224
f 1029/2818/3220 844/2820/3222 1032/2823/3225 1508/2821/3223
f 834/2782/3184 1031/2822/3224 1509/2825/3227 1013/2785/3187
f 1013/2785/3187 1509/2825/3227 1033/2826/3228 835/2786/3188
f 1509/2825/3227 1034/2827/3229 846/2828/3230 1033/2826/3228
f 1031/2822/3224 845/2824/3226 1034/2827/3229 1509/2825/3227
f 835/2786/3188 1033/2826/3228 1510/2829/3231 1015/2789/3191
f 1015/2789/3191 1510/2829/3231 1035/2830/3232 836/2790/3192
f 1510/2829/3231 1036/2831/3233 847/2832/3234 1035/2830/3232
f 1033/2826/3228 846/2828/3230 1036/2831/3233 1510/2829/3231
f 836/2790/3192 1035/2830/3232 1511/2833/3235 1017/2793/3195
f 1017/2793/3195 1511/2833/3235 1037/2834/3236 837/2794/3196
f 1511/2833/3235 1038/2835/3237 848/2836/3238 1037/2834/3236
f 1035/2830/3232 847/2832/3234 1038/2835/3237 1511/2833/3235
f 838/2800/3202 1041/2837/3239 1512/2838/3240 1019/2798/3200
f 1019/2798/3200 1512/2838/3240 1039/2839/3241 839/2799/3201
f 1512/2838/3240 1040/2840/3242 850/2841/3243 1039/2839/3241
f 1041/2837/3239 849/2842/3244 1040/2840/3242 1512/2838/3240
f 839/2799/3201 1039/2839/3241 1513/2843/3245 1022/2803/3205
f 1022/2803/3205 1513/2843/3245 1042/2844/3246 840/2804/3206
f 1513/2843/3245 1043/2845/3247 851/2846/3248 1042/2844/3246
f 1039/2839/3241 850/2841/3243 1043/2845/3247 1513/2843/3245
f 840/2804/3206 1042/2844/3246 1514/2847/3249 1024/2807/3209
f 1024/2807/3209 1514/2847/3249 1044/2848/3250 841/2808/3210
f 1514/2847/3249 1045/2849/3251 852/2850/3252 1044/2848/3250
f 1042/2844/3246 851/2846/3248 1045/2849/3251 1514/2847/3249
f 841/2808/3210 1044/2848/3250 1515/2851/3253 1026/2811/3213
f 1026/2811/3213 1515/2851/3253 1046/2852/3254 842/2812/3214
f 1515/2851/3253 1047/2853/3255 853/2854/3256 1046/2852/3254
f 1044/2848/3250 852/2850/3252 1047/2853/3255 1515/2851/3253
f 842/2812/3214 1046/2852/3254 1516/2855/3257 1028/2815/3217
f 1028/2815/3217 1516/2855/3257 1048/2856/3258 843/2816/3218
f 1516/2855/3257 1049/2857/3259 854/2858/3260 1048/2856/3258
f 1046/2852/3254 853/2854/3256 1049/2857/3259 1516/2855/3257
f 843/2816/3218 1048/2856/3258 1517/2859/3261 1030/2819/3221
f 1030/2819/3221 1517/2859/3261 1050/2860/3262 844/2820/3222
f 1517/2859/3261 1051/2861/3263 855/2862/3264 1050/2860/3262
f 1048/2856/3258 854/2858/3260 1051/2861/3263 1517/2859/3261
f 844/2820/3222 1050/2860/3262 1518/2863/3265 1032/2823/3225
f 1032/2823/3225 1518/2863/3265 1052/2864/3266 845/2824/3226
f 1518/2863/3265 1053/2865/3267 856/2866/3268 1052/2864/3266
f 1050/2860/3262 855/2862/3264 1053/2865/3267 1518/2863/3265
f 845/2824/3226 1052/2864/3266 1519/2867/3269 1034/2827/3229
f 1034/2827/3229 1519/2867/3269 1054/2868/3270 846/2828/3230
f 1519/2867/3269 1055/2869/3271 857/2870/3272 1054/2868/3270
f 1052/2864/3266 856/2866/3268 1055/2869/3271 1519/2867/3269
f 846/2828/3230 1054/2868/3270 1520/2871/3273 1036/2831/3233
f 1036/2831/3233 1520/2871/3273 1056/2872/3274 847/2832/3234
f 1520/2871/3273 1057/2873/3275 858/2874/3276 1056/2872/3274
f 1054/2868/3270 857/2870/3272 1057/2873/3275 1520/2871/3273
f 847/2832/3234 1056/2872/3274 1521/2875/3277 1038/2835/3237
f 1038/2835/3237 1521/2875/3277 1058/2876/3278 848/2836/3238
f 1521/2875/3277 1059/2877/3279 859/2878/3280 1058/2876/3278
f 1056/2872/3274 858/2874/3276 1059/2877/3279 1521/2875/3277
f 849/2842/3244 1062/2879/3281 1522/2880/3282 1040/2840/3242
f 1040/2840/3242 1522/2880/3282 1060/2881/3283 850/2841/3243
f 1522/2880/3282 1061/2882/3284 861/2883/3285 1060/2881/3283
f 1062/2879/3281 860/2884/3286 1061/2882/3284 1522/2880/3282
f 850/2841/3243 1060/2881/3283 1523/2885/3287 1043/2845/3247
f 1043/2845/3247 1523/2885/3287 1063/2886/3288 851/2846/3248
f 1523/2885/3287 1064/2887/3289 862/2888/3290 1063/2886/3288
f 1060/2881/3283 861/2883/3285 1064/2887/3289 1523/2885/3287
f 851/2846/3248 1063/2886/3288 1524/2889/3291 1045/2849/3251
f 1045/2849/3251 1524/2889/3291 1065/2890/3292 852/2850/3252
f 1524/2889/3291 1066/2891/3293 863/2892/3294 1065/2890/3292
f 1063/2886/3288 862/2888/3290 1066/2891/3293 1524/2889/3291
f 852/2850/3252 1065/2890/3292 1525/2893/3295 1047/2853/3255
f 1047/2853/3255 1525/2893/3295 1067/2894/3296 853/2854/3256
f 1525/2893/3295 1068/2895/3297 864/2896/3298 1067/2894/3296
f 1065/2890/3292 863/2892/3294 1068/2895/3297 1525/2893/3295
f 853/2854/3256 1067/2894/3296 1526/2897/3299 1049/2857/3259
f 1049/2857/3259 1526/2897/3299 1069/2898/3300 854/2858/3260
f 1526/2897/3299 1070/2899/3301 865/2900/3302 1069/2898/3300
f 1067/2894/3296 864/2896/3298 1070/2899/3301 1526/2897/3299
f 854/2858/3260 1069/2898/3300 1527/2901/3303 1051/2861/3263
f 1051/2861/3263 1527/2901/3303 1071/2902/3304 855/2862/3264
f 1527/2901/3303 1072/2903/3305 866/2904/3306 1071/2902/3304
f 1069/2898/3300 865/2900/3302 1072/2903/3305 1527/2901/3303
f 855/2862/3264 1071/2902/3304 1528/2905/3307 1053/2865/3267
f 1053/2865/3267 1528/2905/3307 1073/2906/3308 856/2866/3268
f 1528/2905/3307 1074/2907/3309 867/2908/3310 1073/2906/3308
f 1071/2902/3304 866/2904/3306 1074/2907/3309 1528/2905/3307
f 856/2866/3268 1073/2906/3308 1529/2909/3311 1055/2869/3271
f 1055/2869/3271 1529/2909/3311 1075/2910/3312 857/2870/3272
f 1529/2909/3311 1076/2911/3313 868/2912/3314 1075/2910/3312
f 1073/2906/3308 867/2908/3310 1076/2911/3313 1529/2909/3311
f 857/2870/3272 1075/2910/3312 1530/2913/3315 1057/2873/3275
f 1057/2873/3275 1530/2913/3315 1077/2914/3316 858/2874/3276
f 1530/2913/3315 1078/2915/3317 869/2916/3318 1077/2914/3316
f 1075/2910/3312 868/2912/3314 1078/2915/3317 1530/2913/3315
f 858/2874/3276 1077/2914/3316 1531/2917/3319 1059/2877/3279
f 1059/2877/3279 1531/2917/3319 1079/2918/3320 859/2878/3280
f 1531/2917/3319 1080/2919/3321 870/2920/3322 1079/2918/3320
f 1077/2914/3316 869/2916/3318 1080/2919/3321 1531/2917/3319
s 3
f 629/2018/3323 1081/2021/3324 1533/1116/3325 1532/3045/3326
s 4
f 1084/2019/3327 629/2018/3328 1532/3048/3329 1535/3043/3330
s 3
f 1081/2021/3324 630/2023/3331 1536/1119/3332 1533/1116/3325
s 4
f 640/2026/3333 1084/2019/3327 1535/3043/3330 1540/3023/3334
s 3
f 630/2023/3331 1085/2028/3335 1541/1124/3336 1536/1119/3332
f 1085/2028/3335 631/2030/3337 1543/1126/3338 1541/1124/3336
f 631/2030/3337 1088/2034/3339 1547/1130/3340 1543/1126/3338
f 1088/2034/3339 632/2036/3341 1549/1132/3342 1547/1130/3340
f 632/2036/3341 1091/2040/3343 1553/1136/3344 1549/1132/3342
f 1091/2040/3343 633/2042/3345 1555/1138/3346 1553/1136/3344
f 633/2042/3345 1094/2046/3347 1559/1142/3348 1555/1138/3346
f 1094/2046/3347 634/2048/3349 1561/1144/3350 1559/1142/3348
f 634/2048/3349 1097/2052/3351 1565/1148/3352 1561/1144/3350
f 1097/2052/3351 635/2054/3353 1567/1150/3354 1565/1148/3352
f 635/2054/3353 1100/2058/3355 1571/1154/3356 1567/1150/3354
f 1100/2058/3355 636/2060/3357 1573/1156/3358 1571/1154/3356
f 636/2060/3357 1103/2064/3359 1577/1160/3360 1573/1156/3358
f 1103/2064/3359 637/2066/3361 1579/1162/3362 1577/1160/3360
f 637/2066/3361 1106/2070/3363 1583/1166/3364 1579/1162/3362
f 1106/2070/3363 638/2072/3365 1585/1168/3366 1583/1166/3364
f 638/2072/3365 1109/2076/3367 1589/1172/3368 1585/1168/3366
f 1109/2076/3367 639/2078/3369 1591/2962/3370 1589/1172/3368
s 5
f 639/2078/3371 1110/2077/3372 1592/1175/3373 1591/1174/3374
f 1110/2077/3372 650/2080/3375 1593/1176/3376 1592/1175/3373
s 4
f 1114/2081/3377 640/2026/3333 1540/3023/3334 1596/3022/3378
f 651/2086/3379 1114/2081/3377 1596/3022/3378 1600/3021/3380
s 5
f 650/2080/3375 1131/2120/3381 1634/1217/3382 1593/1176/3376
f 1131/2120/3381 661/2122/3383 1635/1218/3384 1634/1217/3382
s 4
f 1135/2123/3385 651/2086/3379 1600/3021/3380 1638/3020/3386
f 662/2128/3387 1135/2123/3385 1638/3020/3386 1642/3019/3388
s 5
f 661/2122/3383 1152/2162/3389 1676/1259/3390 1635/1218/3384
f 1152/2162/3389 672/2164/3391 1677/1260/3392 1676/1259/3390
s 4
f 1156/2165/3393 662/2128/3387 1642/3019/3388 1680/3018/3394
f 673/2170/3395 1156/2165/3393 1680/3018/3394 1684/3017/3396
s 5
f 672/2164/3391 1173/2204/3397 1718/1301/3398 1677/1260/3392
f 1173/2204/3397 683/2206/3399 1719/1302/3400 1718/1301/3398
s 4
f 1177/2207/3401 673/2170/3395 1684/3017/3396 1722/3016/3402
f 684/2212/3403 1177/2207/3401 1722/3016/3402 1726/3015/3404
s 5
f 683/2206/3399 1194/2246/3405 1760/1343/3406 1719/1302/3400
f 1194/2246/3405 694/2248/3407 1761/1344/3408 1760/1343/3406
s 4
f 1198/2249/3409 684/2212/3403 1726/3015/3404 1764/3014/3410
f 695/2254/3411 1198/2249/3409 1764/3014/3410 1768/3013/3412
s 5
f 694/2248/3407 1215/2288/3413 1802/1385/3414 1761/1344/3408
f 1215/2288/3413 705/2290/3415 1803/1386/3416 1802/1385/3414
s 4
f 1219/2291/3417 695/2254/3411 1768/3013/3412 1806/3012/3418
f 706/2296/3419 1219/2291/3417 1806/3012/3418 1810/3011/3420
s 5
f 705/2290/3415 1236/2330/3421 1844/1427/3422 1803/1386/3416
f 1236/2330/3421 716/2332/3423 1845/1428/3424 1844/1427/3422
s 4
f 1240/2333/3425 706/2296/3419 1810/3011/3420 1848/3010/3426
f 717/2338/3427 1240/2333/3425 1848/3010/3426 1852/3009/3428
s 5
f 716/2332/3423 1257/2372/3429 1886/1469/3430 1845/1428/3424
f 1257/2372/3429 727/2374/3431 1887/1470/3432 1886/1469/3430
s 4
f 1261/2375/3433 717/2338/3427 1852/3009/3428 1890/3008/3434
f 728/2380/3435 1261/2375/3433 1890/3008/3434 1894/3007/3436
s 5
f 727/2374/3431 1278/2414/3437 1928/1511/3438 1887/1470/3432
f 1278/2414/3437 738/2416/3439 1929/1512/3440 1928/1511/3438
s 4
f 1282/2417/3441 728/2380/3435 1894/3007/3436 1932/3006/3442
f 739/2422/3443 1282/2417/3441 1932/3006/3442 1936/3005/3444
s 5
f 738/2416/3439 1299/2456/3445 1970/1553/3446 1929/1512/3440
f 1299/2456/3445 749/2458/3447 1971/1554/3448 1970/1553/3446
s 4
f 1303/2459/3449 739/2422/3443 1936/3005/3444 1974/3004/3450
f 750/2464/3451 1303/2459/3449 1974/3004/3450 1978/3003/3452
s 5
f 749/2458/3447 1320/2498/3453 2012/1595/3454 1971/1554/3448
f 1320/2498/3453 760/2500/3455 2013/1596/3456 2012/1595/3454
s 4
f 873/2501/3457 750/2464/3451 1978/3003/3452 2016/3002/3458
f 761/2506/3459 873/2501/3457 2016/3002/3458 2020/3001/3460
s 5
f 760/2500/3455 890/2540/3461 2054/1637/3462 2013/1596/3456
f 890/2540/3461 771/2542/3463 2055/1638/3464 2054/1637/3462
s 4
f 894/2543/3465 761/2506/3459 2020/3001/3460 2058/3000/3466
f 772/2548/3467 894/2543/3465 2058/3000/3466 2062/2999/3468
s 5
f 771/2542/3463 911/2582/3469 2096/1679/3470 2055/1638/3464
f 911/2582/3469 782/2584/3471 2097/1680/3472 2096/1679/3470
s 4
f 915/2585/3473 772/2548/3467 2062/2999/3468 2100/2998/3474
f 783/2590/3475 915/2585/3473 2100/2998/3474 2104/2997/3476
s 5
f 782/2584/3471 932/2624/3477 2138/1721/3478 2097/1680/3472
f 932/2624/3477 793/2626/3479 2139/1722/3480 2138/1721/3478
s 4
f 936/2627/3481 783/2590/3475 2104/2997/3476 2142/2996/3482
f 794/2632/3483 936/2627/3481 2142/2996/3482 2146/2995/3484
s 5
f 793/2626/3479 953/2666/3485 2180/1763/3486 2139/1722/3480
f 953/2666/3485 804/2668/3487 2181/1764/3488 2180/1763/3486
s 4
f 957/2669/3489 794/2632/3483 2146/2995/3484 2184/2994/3490
f 805/2674/3491 957/2669/3489 2184/2994/3490 2188/2993/3492
s 5
f 804/2668/3487 974/2708/3493 2222/1805/3494 2181/1764/3488
f 974/2708/3493 815/2710/3495 2223/1806/3496 2222/1805/3494
s 4
f 978/2711/3497 805/2674/3491 2188/2993/3492 2226/2992/3498
f 816/2716/3499 978/2711/3497 2226/2992/3498 2230/2991/3500
s 5
f 815/2710/3495 995/2750/3501 2264/1847/3502 2223/1806/3496
f 995/2750/3501 826/2752/3503 2265/1848/3504 2264/1847/3502
s 4
f 999/2753/3505 816/2716/3499 2230/2991/3500 2268/2990/3506
f 827/2758/3507 999/2753/3505 2268/2990/3506 2272/2989/3508
s 5
f 826/2752/3503 1016/2792/3509 2306/1889/3510 2265/1848/3504
f 1016/2792/3509 837/2794/3511 2307/1890/3512 2306/1889/3510
s 4
f 1020/2795/3513 827/2758/3507 2272/2989/3508 2310/2988/3514
f 838/2800/3515 1020/2795/3513 2310/2988/3514 2314/2987/3516
s 5
f 837/2794/3511 1037/2834/3517 2348/1931/3518 2307/1890/3512
f 1037/2834/3517 848/2836/3519 2349/1932/3520 2348/1931/3518
s 4
f 1041/2837/3521 838/2800/3515 2314/2987/3516 2352/2986/3522
f 849/2842/3523 1041/2837/3521 2352/2986/3522 2356/2985/3524
s 5
f 848/2836/3519 1058/2876/3525 2390/1973/3526 2349/1932/3520
f 1058/2876/3525 859/2878/3527 2391/1974/3528 2390/1973/3526
s 4
f 1062/2879/3529 849/2842/3523 2356/2985/3524 2394/2982/3530
s 6
f 861/2883/3531 1061/2882/3532 2397/1980/3533 2396/2980/3534
f 1061/2882/3532 860/2884/3535 2398/3046/3536 2397/1980/3533
s 4
f 860/2884/3537 1062/2879/3529 2394/2982/3530 2398/1981/3538
s 6
f 862/2888/3539 1064/2887/3540 2402/1985/3541 2401/2978/3542
f 1064/2887/3540 861/2883/3531 2396/2980/3534 2402/1985/3541
f 863/2892/3543 1066/2891/3544 2406/1989/3545 2405/2976/3546
f 1066/2891/3544 862/2888/3539 2401/2978/3542 2406/1989/3545
f 864/2896/3547 1068/2895/3548 2410/1993/3549 2409/2974/3550
f 1068/2895/3548 863/2892/3543 2405/2976/3546 2410/1993/3549
f 865/2900/3551 1070/2899/3552 2414/1997/3553 2413/2972/3554
f 1070/2899/3552 864/2896/3547 2409/2974/3550 2414/1997/3553
f 866/2904/3555 1072/2903/3556 2418/2001/3557 2417/2970/3558
f 1072/2903/3556 865/2900/3551 2413/2972/3554 2418/2001/3557
f 867/2908/3559 1074/2907/3560 2422/2005/3561 2421/2968/3562
f 1074/2907/3560 866/2904/3555 2417/2970/3558 2422/2005/3561
f 868/2912/3563 1076/2911/3564 2426/2009/3565 2425/2966/3566
f 1076/2911/3564 867/2908/3559 2421/2968/3562 2426/2009/3565
f 869/2916/3567 1078/2915/3568 2430/2013/3569 2429/2963/3570
f 1078/2915/3568 868/2912/3563 2425/2966/3566 2430/2013/3569
s 5
f 859/2878/3527 1079/2918/3571 2432/2015/3572 2391/1974/3528
f 1079/2918/3571 870/2920/3573 2433/3047/3574 2432/2015/3572
s 6
f 870/2920/3575 1080/2919/3576 2434/2017/3577 2433/2016/3578
f 1080/2919/3576 869/2916/3567 2429/2963/3570 2434/2017/3577
