# File generated by ImageToStl.com - Free Image and 3D model conversion tools

mtllib store.mtl

o obj1
v -0.09487702 0.09277257 -0.0144748
v -0.09487702 0.09024851 -0.01447483
v -0.09487702 0.09024851 -0.00544287
v -0.09487702 0.09024851 -0.02350672
v -0.03680218 0.03616758 0.03601433
v 0.03576194 0.03616758 0.03601433
v 0.03576194 0.034825 0.0444899
v -0.03680218 0.034825 0.0444899
v -0.03680218 0.04284186 0.01515426
v 0.03576194 0.04284186 0.01515426
v 0.03576194 0.0419562 0.02341525
v -0.03680218 0.0419562 0.02341525
v 0.03576194 0.03915571 0.02970593
v -0.03680218 0.03915571 0.02970593
v -0.03680218 0.03770844 0.03645958
v -0.03680218 0.03636585 0.04493515
v 0.03576194 0.03636585 0.04493515
v 0.03576194 0.03770844 0.03645958
v -0.03680218 0.04438273 0.01559951
v -0.03680218 0.04349705 0.02386049
v 0.03576194 0.04349705 0.02386046
v 0.03576194 0.04438273 0.01559951
v -0.03680218 0.04069657 0.03015114
v 0.03576194 0.04069657 0.03015114
v -0.03680218 0.034825 0.0444899
v -0.03680218 0.03636585 0.04493515
v -0.03680218 0.03770844 0.03645958
v -0.03680218 0.03616758 0.03601433
v 0.03576194 0.04284186 0.01515426
v 0.03576194 0.04438273 0.01559951
v 0.03576194 0.04349705 0.02386046
v 0.03576194 0.0419562 0.02341525
v 0.03576194 0.03636585 0.04493515
v -0.03680218 0.03636585 0.04493515
v -0.03680218 0.04069657 0.03015114
v -0.03680218 0.03915571 0.02970593
v 0.03576194 0.04069657 0.03015114
v 0.03576194 0.03915571 0.02970593
v 0.03576194 0.03616758 0.03601433
v 0.03576194 0.03770844 0.03645958
v 0.03576194 0.03636585 0.04493515
v 0.03576194 0.034825 0.0444899
v -0.03680218 0.04349705 0.02386049
v -0.03680218 0.0419562 0.02341525
v -0.03680218 0.04438273 0.01559951
v -0.03680218 0.04284186 0.01515426
v -0.02664616 0.03851983 0.03341087
v -0.02664616 0.02910429 0.02921589
v -0.02409059 0.02910429 0.02921589
v -0.02409059 0.03851983 0.03341087
v -0.02409059 0.03851983 0.03341087
v -0.02409059 0.02910429 0.02921589
v -0.02409059 0.03089117 0.0273889
v -0.02409059 0.03954095 0.03106817
v -0.02409059 0.03089117 0.0273889
v -0.02409059 0.02897495 0.02344471
v -0.02664616 0.02897495 0.02344471
v -0.02664616 0.03089117 0.0273889
v -0.02409059 0.03954095 0.03106817
v -0.02664616 0.03954095 0.03106817
v -0.02664616 0.03954095 0.03106817
v -0.02664616 0.03089117 0.0273889
v -0.02664616 0.02910429 0.02921589
v -0.02664616 0.03851983 0.03341087
v -0.02664616 0.02657394 0.02431993
v -0.02664616 0.02657843 0.01595036
v -0.02409059 0.02657843 0.01595036
v -0.02409059 0.02657394 0.02431993
v -0.02664616 0.02897495 0.02344471
v -0.02664616 0.02657394 0.02431993
v -0.02409059 0.02657394 0.02431993
v -0.02409059 0.02897495 0.02344471
v -0.02409059 0.02657843 0.01595036
v -0.02409059 0.02909071 0.01595036
v -0.02664616 0.02909071 0.01595036
v -0.02664616 0.02657843 0.01595036
v -0.02409059 0.02909071 0.01595036
v -0.02664616 0.02909071 0.01595036
v 0.02560588 0.03851983 0.03341087
v 0.02305033 0.03851983 0.03341087
v 0.02305033 0.02910429 0.02921589
v 0.02560588 0.02910429 0.02921589
v 0.02305033 0.03851983 0.03341087
v 0.02305033 0.03954095 0.03106817
v 0.02305033 0.03089117 0.0273889
v 0.02305033 0.02910429 0.02921589
v 0.02305033 0.03089117 0.0273889
v 0.02560588 0.03089117 0.0273889
v 0.02560588 0.02897495 0.02344471
v 0.02305033 0.02897495 0.02344471
v 0.02305033 0.03954095 0.03106817
v 0.02560588 0.03954095 0.03106817
v 0.02560588 0.03954095 0.03106817
v 0.02560588 0.03851983 0.03341087
v 0.02560588 0.02910429 0.02921589
v 0.02560588 0.03089117 0.0273889
v 0.02560588 0.02657394 0.02431993
v 0.02305033 0.02657394 0.02431993
v 0.02305033 0.02657843 0.01595036
v 0.02560588 0.02657843 0.01595036
v 0.02560588 0.02657394 0.02431993
v 0.02560588 0.02897495 0.02344471
v 0.02305033 0.02897495 0.02344471
v 0.02305033 0.02657394 0.02431993
v 0.02305033 0.02909071 0.01595036
v 0.02305033 0.02657843 0.01595036
v 0.02560588 0.02657843 0.01595036
v 0.02560588 0.02909071 0.01595036
v 0.02560588 0.02909071 0.01595036
v 0.02305033 0.02909071 0.01595036
v -0.09487701 0 0.01695024
v -0.03202693 0 0.01695024
v -0.03202693 0.03142504 0.01695024
v -0.09487701 0.03142504 0.01695024
v -0.09487702 0 0.01695024
v -0.09487702 0.03142504 0.01695024
v -0.09487702 0.03142504 -0.04589985
v -0.09487702 0 -0.04589985
v -0.03202693 0 0.01695024
v 0.03082315 0 0.01695024
v 0.03082315 0.03142504 0.01695024
v -0.03202693 0.03142504 0.01695024
v 0.03082315 0 0.01695024
v 0.09367323 0 0.01695024
v 0.09367323 0.03142504 0.01695024
v 0.03082315 0.03142504 0.01695024
v 0.09367328 0 0.01695022
v 0.09367328 0 -0.04589986
v 0.09367328 0.03142504 -0.04589986
v 0.09367328 0.03142504 0.01695022
v 0.09367328 0 -0.04589986
v 0.09367328 0 -0.10874994
v 0.09367328 0.03142504 -0.10874994
v 0.09367328 0.03142504 -0.04589986
v 0.09367328 0 -0.10874994
v 0.0308232 0 -0.10874994
v 0.0308232 0.03142504 -0.10874994
v 0.09367328 0.03142504 -0.10874994
v 0.0308232 0 -0.10874994
v -0.03202688 0 -0.10874994
v -0.03202688 0.03142504 -0.10874994
v 0.0308232 0.03142504 -0.10874994
v -0.03202688 0 -0.10874994
v -0.03202688 0 -0.04589986
v -0.03202688 0.03142503 -0.04589986
v -0.03202688 0.03142503 -0.10874994
v -0.03202688 0 -0.04589986
v -0.09487696 0 -0.04589986
v -0.09487696 0.03142503 -0.04589986
v -0.03202688 0.03142503 -0.04589986
v 0.03934948 0.01296668 0.01806631
v 0.05270482 0.01296668 0.01806631
v 0.05270482 0.0139003 0.01806631
v 0.03934948 0.0139003 0.01806631
v 0.03934949 0.01296668 0.01754868
v 0.05270482 0.01296668 0.01754868
v 0.05270482 0.01296668 0.01806631
v 0.03934948 0.01296668 0.01806631
v 0.03934948 0.0139003 0.01806631
v 0.05270482 0.0139003 0.01806631
v 0.05270482 0.0139003 0.01754868
v 0.03934949 0.0139003 0.01754868
v 0.03934948 0.016816 0.01806631
v 0.05270482 0.016816 0.01806631
v 0.05270482 0.01774961 0.01806631
v 0.03934948 0.01774961 0.01806631
v 0.03934949 0.016816 0.01754868
v 0.05270482 0.016816 0.01754868
v 0.05270482 0.016816 0.01806631
v 0.03934948 0.016816 0.01806631
v 0.03934948 0.01774961 0.01806631
v 0.05270482 0.01774961 0.01806631
v 0.05270482 0.01774961 0.01754868
v 0.03934949 0.01774961 0.01754868
v 0.04649396 0.00925402 0.01827433
v 0.04649396 0.02260937 0.01827433
v 0.04556035 0.02260937 0.01827433
v 0.04556035 0.00925402 0.01827433
v 0.04649396 0.00925402 0.0173407
v 0.04649396 0.02260937 0.0173407
v 0.04649396 0.02260937 0.01827433
v 0.04649396 0.00925402 0.01827433
v 0.04556035 0.00925402 0.01827433
v 0.04556035 0.02260937 0.01827433
v 0.04556035 0.02260937 0.0173407
v 0.04556035 0.00925402 0.0173407
v 0.04352413 0.02197452 0.01839388
v 0.03998433 0.01843471 0.01839388
v 0.03998433 0.01843471 0.01719025
v 0.04352413 0.02197452 0.01719025
v 0.05206997 0.01843471 0.01839388
v 0.04853017 0.02197452 0.01839388
v 0.04853017 0.02197452 0.01719025
v 0.05206997 0.01843471 0.01719025
v 0.05206997 0.01843471 0.01719025
v 0.03998433 0.01843471 0.01719025
v 0.03998433 0.00988887 0.01719025
v 0.05206998 0.00988887 0.01719025
v 0.04853017 0.02197452 0.01839388
v 0.05206997 0.01843471 0.01839388
v 0.05328539 0.01893815 0.01839388
v 0.04903362 0.02318993 0.01839388
v 0.03998433 0.01843471 0.01839388
v 0.04352413 0.02197452 0.01839388
v 0.04302069 0.02318993 0.01839388
v 0.03876892 0.01893815 0.01839388
v 0.04302069 0.02318993 0.01695023
v 0.03876892 0.01893815 0.01695023
v 0.03876892 0.01893815 0.01839388
v 0.04302069 0.02318993 0.01839388
v 0.05328539 0.01893815 0.01695023
v 0.04903362 0.02318993 0.01695023
v 0.04903362 0.02318993 0.01839388
v 0.05328539 0.01893815 0.01839388
v 0.05206998 0.00988887 0.01839388
v 0.05206998 0.00988887 0.01719025
v 0.05206998 0.00988887 0.01839388
v 0.0532854 0.00867346 0.01839388
v 0.0532854 0.00867346 0.01695023
v 0.0532854 0.00867346 0.01839388
v 0.03998433 0.00988887 0.01839388
v 0.03998433 0.00988887 0.01719025
v 0.03998433 0.00988887 0.01839388
v 0.03876891 0.00867346 0.01839388
v 0.03876891 0.00867346 0.01695023
v 0.03876891 0.00867346 0.01839388
v 0.05206998 0.00988887 0.01719025
v 0.03998433 0.00988887 0.01719025
v 0.03876891 0.00867346 0.01695023
v 0.0532854 0.00867346 0.01695023
v 0.04903362 0.02318993 0.01695023
v 0.04302069 0.02318993 0.01695023
v 0.04352413 0.02197452 0.01719025
v 0.04853017 0.02197452 0.01719025
v 0.06983504 0.01296668 0.01806631
v 0.08319039 0.01296668 0.01806631
v 0.08319039 0.0139003 0.01806631
v 0.06983504 0.0139003 0.01806631
v 0.06983505 0.01296668 0.01754868
v 0.08319039 0.01296668 0.01754868
v 0.08319039 0.01296668 0.01806631
v 0.06983504 0.01296668 0.01806631
v 0.06983504 0.0139003 0.01806631
v 0.08319039 0.0139003 0.01806631
v 0.08319039 0.0139003 0.01754868
v 0.06983505 0.0139003 0.01754868
v 0.06983504 0.016816 0.01806631
v 0.08319039 0.016816 0.01806631
v 0.08319039 0.01774961 0.01806631
v 0.06983504 0.01774961 0.01806631
v 0.06983505 0.016816 0.01754868
v 0.08319039 0.016816 0.01754868
v 0.08319039 0.016816 0.01806631
v 0.06983504 0.016816 0.01806631
v 0.06983504 0.01774961 0.01806631
v 0.08319039 0.01774961 0.01806631
v 0.08319039 0.01774961 0.01754868
v 0.06983505 0.01774961 0.01754868
v 0.07697953 0.00925402 0.01827433
v 0.07697953 0.02260937 0.01827433
v 0.07604591 0.02260937 0.01827433
v 0.07604591 0.00925402 0.01827433
v 0.07697953 0.00925402 0.0173407
v 0.07697953 0.02260937 0.0173407
v 0.07697953 0.02260937 0.01827433
v 0.07697953 0.00925402 0.01827433
v 0.07604591 0.00925402 0.01827433
v 0.07604591 0.02260937 0.01827433
v 0.07604591 0.02260937 0.0173407
v 0.07604591 0.00925402 0.0173407
v 0.07400969 0.02197452 0.01839388
v 0.07046989 0.01843471 0.01839388
v 0.07046989 0.01843471 0.01719025
v 0.07400969 0.02197452 0.01719025
v 0.08255553 0.01843471 0.01839388
v 0.07901574 0.02197452 0.01839388
v 0.07901574 0.02197452 0.01719025
v 0.08255553 0.01843471 0.01719025
v 0.08255553 0.01843471 0.01719025
v 0.07046989 0.01843471 0.01719025
v 0.07046989 0.00988887 0.01719025
v 0.08255555 0.00988887 0.01719025
v 0.07901574 0.02197452 0.01839388
v 0.08255553 0.01843471 0.01839388
v 0.08377095 0.01893815 0.01839388
v 0.07951918 0.02318993 0.01839388
v 0.07046989 0.01843471 0.01839388
v 0.07400969 0.02197452 0.01839388
v 0.07350626 0.02318993 0.01839388
v 0.06925448 0.01893815 0.01839388
v 0.07350626 0.02318993 0.01695023
v 0.06925448 0.01893815 0.01695023
v 0.06925448 0.01893815 0.01839388
v 0.07350626 0.02318993 0.01839388
v 0.08377095 0.01893815 0.01695023
v 0.07951918 0.02318993 0.01695023
v 0.07951918 0.02318993 0.01839388
v 0.08377095 0.01893815 0.01839388
v 0.08255555 0.00988887 0.01839388
v 0.08255555 0.00988887 0.01719025
v 0.08255555 0.00988887 0.01839388
v 0.08377096 0.00867346 0.01839388
v 0.08377096 0.00867346 0.01695023
v 0.08377096 0.00867346 0.01839388
v 0.07046989 0.00988887 0.01839388
v 0.07046989 0.00988887 0.01719025
v 0.07046989 0.00988887 0.01839388
v 0.06925447 0.00867346 0.01839388
v 0.06925447 0.00867346 0.01695023
v 0.06925447 0.00867346 0.01839388
v 0.08255555 0.00988887 0.01719025
v 0.07046989 0.00988887 0.01719025
v 0.06925447 0.00867346 0.01695023
v 0.08377096 0.00867346 0.01695023
v 0.07951918 0.02318993 0.01695023
v 0.07350626 0.02318993 0.01695023
v 0.07400969 0.02197452 0.01719025
v 0.07901574 0.02197452 0.01719025
v -0.08737761 0.01296668 0.01806631
v -0.07402227 0.01296668 0.01806631
v -0.07402227 0.0139003 0.01806631
v -0.08737761 0.0139003 0.01806631
v -0.0873776 0.01296668 0.01754868
v -0.07402227 0.01296668 0.01754868
v -0.07402227 0.01296668 0.01806631
v -0.08737761 0.01296668 0.01806631
v -0.08737761 0.0139003 0.01806631
v -0.07402227 0.0139003 0.01806631
v -0.07402227 0.0139003 0.01754868
v -0.0873776 0.0139003 0.01754868
v -0.08737761 0.016816 0.01806631
v -0.07402227 0.016816 0.01806631
v -0.07402227 0.01774961 0.01806631
v -0.08737761 0.01774961 0.01806631
v -0.0873776 0.016816 0.01754868
v -0.07402227 0.016816 0.01754868
v -0.07402227 0.016816 0.01806631
v -0.08737761 0.016816 0.01806631
v -0.08737761 0.01774961 0.01806631
v -0.07402227 0.01774961 0.01806631
v -0.07402227 0.01774961 0.01754868
v -0.0873776 0.01774961 0.01754868
v -0.08023312 0.00925402 0.01827433
v -0.08023312 0.02260937 0.01827433
v -0.08116674 0.02260937 0.01827433
v -0.08116674 0.00925402 0.01827433
v -0.08023312 0.00925402 0.0173407
v -0.08023312 0.02260937 0.0173407
v -0.08023312 0.02260937 0.01827433
v -0.08023312 0.00925402 0.01827433
v -0.08116674 0.00925402 0.01827433
v -0.08116674 0.02260937 0.01827433
v -0.08116674 0.02260937 0.0173407
v -0.08116674 0.00925402 0.0173407
v -0.08320296 0.02197452 0.01839388
v -0.08674276 0.01843471 0.01839388
v -0.08674276 0.01843471 0.01719025
v -0.08320296 0.02197452 0.01719025
v -0.07465712 0.01843471 0.01839388
v -0.07819692 0.02197452 0.01839388
v -0.07819692 0.02197452 0.01719025
v -0.07465712 0.01843471 0.01719025
v -0.07465712 0.01843471 0.01719025
v -0.08674276 0.01843471 0.01719025
v -0.08674276 0.00988887 0.01719025
v -0.0746571 0.00988887 0.01719025
v -0.07819692 0.02197452 0.01839388
v -0.07465712 0.01843471 0.01839388
v -0.0734417 0.01893815 0.01839388
v -0.07769347 0.02318993 0.01839388
v -0.08674276 0.01843471 0.01839388
v -0.08320296 0.02197452 0.01839388
v -0.0837064 0.02318993 0.01839388
v -0.08795817 0.01893815 0.01839388
v -0.0837064 0.02318993 0.01695023
v -0.08795817 0.01893815 0.01695023
v -0.08795817 0.01893815 0.01839388
v -0.0837064 0.02318993 0.01839388
v -0.0734417 0.01893815 0.01695023
v -0.07769347 0.02318993 0.01695023
v -0.07769347 0.02318993 0.01839388
v -0.0734417 0.01893815 0.01839388
v -0.0746571 0.00988887 0.01839388
v -0.0746571 0.00988887 0.01719025
v -0.0746571 0.00988887 0.01839388
v -0.07344169 0.00867346 0.01839388
v -0.07344169 0.00867346 0.01695023
v -0.07344169 0.00867346 0.01839388
v -0.08674276 0.00988887 0.01839388
v -0.08674276 0.00988887 0.01719025
v -0.08674276 0.00988887 0.01839388
v -0.08795818 0.00867346 0.01839388
v -0.08795818 0.00867346 0.01695023
v -0.08795818 0.00867346 0.01839388
v -0.0746571 0.00988887 0.01719025
v -0.08674276 0.00988887 0.01719025
v -0.08795818 0.00867346 0.01695023
v -0.07344169 0.00867346 0.01695023
v -0.07769347 0.02318993 0.01695023
v -0.0837064 0.02318993 0.01695023
v -0.08320296 0.02197452 0.01719025
v -0.07819692 0.02197452 0.01719025
v -0.05689204 0.01296668 0.01806631
v -0.0435367 0.01296668 0.01806631
v -0.0435367 0.0139003 0.01806631
v -0.05689204 0.0139003 0.01806631
v -0.05689204 0.01296668 0.01754868
v -0.0435367 0.01296668 0.01754868
v -0.0435367 0.01296668 0.01806631
v -0.05689204 0.01296668 0.01806631
v -0.05689204 0.0139003 0.01806631
v -0.0435367 0.0139003 0.01806631
v -0.0435367 0.0139003 0.01754868
v -0.05689204 0.0139003 0.01754868
v -0.05689204 0.016816 0.01806631
v -0.0435367 0.016816 0.01806631
v -0.0435367 0.01774961 0.01806631
v -0.05689204 0.01774961 0.01806631
v -0.05689204 0.016816 0.01754868
v -0.0435367 0.016816 0.01754868
v -0.0435367 0.016816 0.01806631
v -0.05689204 0.016816 0.01806631
v -0.05689204 0.01774961 0.01806631
v -0.0435367 0.01774961 0.01806631
v -0.0435367 0.01774961 0.01754868
v -0.05689204 0.01774961 0.01754868
v -0.04974756 0.00925402 0.01827433
v -0.04974756 0.02260937 0.01827433
v -0.05068118 0.02260937 0.01827433
v -0.05068118 0.00925402 0.01827433
v -0.04974756 0.00925402 0.0173407
v -0.04974756 0.02260937 0.0173407
v -0.04974756 0.02260937 0.01827433
v -0.04974756 0.00925402 0.01827433
v -0.05068118 0.00925402 0.01827433
v -0.05068118 0.02260937 0.01827433
v -0.05068118 0.02260937 0.0173407
v -0.05068118 0.00925402 0.0173407
v -0.05271739 0.02197452 0.01839388
v -0.0562572 0.01843471 0.01839388
v -0.0562572 0.01843471 0.01719025
v -0.05271739 0.02197452 0.01719025
v -0.04417156 0.01843471 0.01839388
v -0.04771135 0.02197452 0.01839388
v -0.04771135 0.02197452 0.01719025
v -0.04417156 0.01843471 0.01719025
v -0.04417156 0.01843471 0.01719025
v -0.0562572 0.01843471 0.01719025
v -0.0562572 0.00988887 0.01719025
v -0.04417154 0.00988887 0.01719025
v -0.04771135 0.02197452 0.01839388
v -0.04417156 0.01843471 0.01839388
v -0.04295614 0.01893815 0.01839388
v -0.04720791 0.02318993 0.01839388
v -0.0562572 0.01843471 0.01839388
v -0.05271739 0.02197452 0.01839388
v -0.05322083 0.02318993 0.01839388
v -0.05747261 0.01893815 0.01839388
v -0.05322083 0.02318993 0.01695023
v -0.05747261 0.01893815 0.01695023
v -0.05747261 0.01893815 0.01839388
v -0.05322083 0.02318993 0.01839388
v -0.04295614 0.01893815 0.01695023
v -0.04720791 0.02318993 0.01695023
v -0.04720791 0.02318993 0.01839388
v -0.04295614 0.01893815 0.01839388
v -0.04417154 0.00988887 0.01839388
v -0.04417154 0.00988887 0.01719025
v -0.04417154 0.00988887 0.01839388
v -0.04295612 0.00867346 0.01839388
v -0.04295612 0.00867346 0.01695023
v -0.04295612 0.00867346 0.01839388
v -0.0562572 0.00988887 0.01839388
v -0.0562572 0.00988887 0.01719025
v -0.0562572 0.00988887 0.01839388
v -0.05747261 0.00867346 0.01839388
v -0.05747261 0.00867346 0.01695023
v -0.05747261 0.00867346 0.01839388
v -0.04417154 0.00988887 0.01719025
v -0.0562572 0.00988887 0.01719025
v -0.05747261 0.00867346 0.01695023
v -0.04295612 0.00867346 0.01695023
v -0.04720791 0.02318993 0.01695023
v -0.05322083 0.02318993 0.01695023
v -0.05271739 0.02197452 0.01719025
v -0.04771135 0.02197452 0.01719025
v -0.09599309 0.01296668 -0.03693953
v -0.09599309 0.01296668 -0.02358419
v -0.09599309 0.0139003 -0.02358419
v -0.09599309 0.0139003 -0.03693953
v -0.09547546 0.01296668 -0.03693953
v -0.09547546 0.01296668 -0.02358419
v -0.09599309 0.01296668 -0.02358419
v -0.09599309 0.01296668 -0.03693953
v -0.09599309 0.0139003 -0.03693953
v -0.09599309 0.0139003 -0.02358419
v -0.09547546 0.0139003 -0.02358419
v -0.09547546 0.0139003 -0.03693953
v -0.09599309 0.016816 -0.03693953
v -0.09599309 0.016816 -0.02358419
v -0.09599309 0.01774961 -0.02358419
v -0.09599309 0.01774961 -0.03693953
v -0.09547546 0.016816 -0.03693953
v -0.09547546 0.016816 -0.02358419
v -0.09599309 0.016816 -0.02358419
v -0.09599309 0.016816 -0.03693953
v -0.09599309 0.01774961 -0.03693953
v -0.09599309 0.01774961 -0.02358419
v -0.09547546 0.01774961 -0.02358419
v -0.09547546 0.01774961 -0.03693953
v -0.09620111 0.00925402 -0.02979505
v -0.09620111 0.02260937 -0.02979505
v -0.09620111 0.02260937 -0.03072867
v -0.09620111 0.00925402 -0.03072867
v -0.09526748 0.00925402 -0.02979505
v -0.09526748 0.02260937 -0.02979505
v -0.09620111 0.02260937 -0.02979505
v -0.09620111 0.00925402 -0.02979505
v -0.09620111 0.00925402 -0.03072867
v -0.09620111 0.02260937 -0.03072867
v -0.09526748 0.02260937 -0.03072867
v -0.09526748 0.00925402 -0.03072867
v -0.09632066 0.02197452 -0.03276488
v -0.09632066 0.01843471 -0.03630469
v -0.09511703 0.01843471 -0.03630469
v -0.09511703 0.02197452 -0.03276488
v -0.09632066 0.01843471 -0.02421905
v -0.09632066 0.02197452 -0.02775884
v -0.09511703 0.02197452 -0.02775884
v -0.09511703 0.01843471 -0.02421905
v -0.09511703 0.01843471 -0.02421905
v -0.09511703 0.01843471 -0.03630469
v -0.09511703 0.00988887 -0.03630469
v -0.09511703 0.00988887 -0.02421903
v -0.09632066 0.02197452 -0.02775884
v -0.09632066 0.01843471 -0.02421905
v -0.09632066 0.01893815 -0.02300363
v -0.09632066 0.02318993 -0.0272554
v -0.09632066 0.01843471 -0.03630469
v -0.09632066 0.02197452 -0.03276488
v -0.09632066 0.02318993 -0.03326832
v -0.09632066 0.01893815 -0.0375201
v -0.09487701 0.02318993 -0.03326832
v -0.09487701 0.01893815 -0.0375201
v -0.09632066 0.01893815 -0.0375201
v -0.09632066 0.02318993 -0.03326832
v -0.09487701 0.01893815 -0.02300363
v -0.09487701 0.02318993 -0.0272554
v -0.09632066 0.02318993 -0.0272554
v -0.09632066 0.01893815 -0.02300363
v -0.09632066 0.00988887 -0.02421903
v -0.09511703 0.00988887 -0.02421903
v -0.09632066 0.00988887 -0.02421903
v -0.09632066 0.00867346 -0.02300361
v -0.09487701 0.00867346 -0.02300361
v -0.09632066 0.00867346 -0.02300361
v -0.09632066 0.00988887 -0.03630469
v -0.09511703 0.00988887 -0.03630469
v -0.09632066 0.00988887 -0.03630469
v -0.09632066 0.00867346 -0.0375201
v -0.09487701 0.00867346 -0.0375201
v -0.09632066 0.00867346 -0.0375201
v -0.09511703 0.00988887 -0.02421903
v -0.09511703 0.00988887 -0.03630469
v -0.09487701 0.00867346 -0.0375201
v -0.09487701 0.00867346 -0.02300361
v -0.09487701 0.02318993 -0.0272554
v -0.09487701 0.02318993 -0.03326832
v -0.09511703 0.02197452 -0.03276488
v -0.09511703 0.02197452 -0.02775884
v -0.0959931 0.01296668 -0.00645397
v -0.0959931 0.01296668 0.00690137
v -0.0959931 0.0139003 0.00690137
v -0.0959931 0.0139003 -0.00645397
v -0.09547547 0.01296668 -0.00645396
v -0.09547547 0.01296668 0.00690137
v -0.0959931 0.01296668 0.00690137
v -0.0959931 0.01296668 -0.00645397
v -0.0959931 0.0139003 -0.00645397
v -0.0959931 0.0139003 0.00690137
v -0.09547547 0.0139003 0.00690137
v -0.09547547 0.0139003 -0.00645396
v -0.0959931 0.016816 -0.00645397
v -0.0959931 0.016816 0.00690137
v -0.0959931 0.01774961 0.00690137
v -0.0959931 0.01774961 -0.00645397
v -0.09547547 0.016816 -0.00645396
v -0.09547547 0.016816 0.00690137
v -0.0959931 0.016816 0.00690137
v -0.0959931 0.016816 -0.00645397
v -0.0959931 0.01774961 -0.00645397
v -0.0959931 0.01774961 0.00690137
v -0.09547547 0.01774961 0.00690137
v -0.09547547 0.01774961 -0.00645396
v -0.09620112 0.00925402 0.00069051
v -0.09620112 0.02260937 0.00069051
v -0.09620112 0.02260937 -0.0002431
v -0.09620112 0.00925402 -0.0002431
v -0.09526749 0.00925402 0.00069051
v -0.09526749 0.02260937 0.00069051
v -0.09620112 0.02260937 0.00069051
v -0.09620112 0.00925402 0.00069051
v -0.09620112 0.00925402 -0.0002431
v -0.09620112 0.02260937 -0.0002431
v -0.09526749 0.02260937 -0.0002431
v -0.09526749 0.00925402 -0.0002431
v -0.09632066 0.02197452 -0.00227932
v -0.09632066 0.01843471 -0.00581912
v -0.09511704 0.01843471 -0.00581912
v -0.09511704 0.02197452 -0.00227932
v -0.09632066 0.01843471 0.00626652
v -0.09632066 0.02197452 0.00272672
v -0.09511704 0.02197452 0.00272672
v -0.09511704 0.01843471 0.00626652
v -0.09511704 0.01843471 0.00626652
v -0.09511704 0.01843471 -0.00581912
v -0.09511704 0.00988887 -0.00581912
v -0.09511704 0.00988887 0.00626653
v -0.09632066 0.02197452 0.00272672
v -0.09632066 0.01843471 0.00626652
v -0.09632066 0.01893815 0.00748194
v -0.09632066 0.02318993 0.00323017
v -0.09632066 0.01843471 -0.00581912
v -0.09632066 0.02197452 -0.00227932
v -0.09632066 0.02318993 -0.00278276
v -0.09632066 0.01893815 -0.00703453
v -0.09487702 0.02318993 -0.00278276
v -0.09487702 0.01893815 -0.00703453
v -0.09632066 0.01893815 -0.00703453
v -0.09632066 0.02318993 -0.00278276
v -0.09487702 0.01893815 0.00748194
v -0.09487702 0.02318993 0.00323017
v -0.09632066 0.02318993 0.00323017
v -0.09632066 0.01893815 0.00748194
v -0.09632066 0.00988887 0.00626653
v -0.09511704 0.00988887 0.00626653
v -0.09632066 0.00988887 0.00626653
v -0.09632066 0.00867346 0.00748195
v -0.09487702 0.00867346 0.00748195
v -0.09632066 0.00867346 0.00748195
v -0.09632066 0.00988887 -0.00581912
v -0.09511704 0.00988887 -0.00581912
v -0.09632066 0.00988887 -0.00581912
v -0.09632066 0.00867346 -0.00703454
v -0.09487702 0.00867346 -0.00703454
v -0.09632066 0.00867346 -0.00703454
v -0.09511704 0.00988887 0.00626653
v -0.09511704 0.00988887 -0.00581912
v -0.09487702 0.00867346 -0.00703454
v -0.09487702 0.00867346 0.00748195
v -0.09487702 0.02318993 0.00323017
v -0.09487702 0.02318993 -0.00278276
v -0.09511704 0.02197452 -0.00227932
v -0.09511704 0.02197452 0.00272672
v -0.03314295 0.01296668 -0.09995063
v -0.03314295 0.01296668 -0.08659529
v -0.03314295 0.0139003 -0.08659529
v -0.03314295 0.0139003 -0.09995063
v -0.03262532 0.01296668 -0.09995062
v -0.03262532 0.01296668 -0.08659529
v -0.03314295 0.01296668 -0.08659529
v -0.03314295 0.01296668 -0.09995063
v -0.03314295 0.0139003 -0.09995063
v -0.03314295 0.0139003 -0.08659529
v -0.03262532 0.0139003 -0.08659529
v -0.03262532 0.0139003 -0.09995062
v -0.03314295 0.016816 -0.09995063
v -0.03314295 0.016816 -0.08659529
v -0.03314295 0.01774961 -0.08659529
v -0.03314295 0.01774961 -0.09995063
v -0.03262532 0.016816 -0.09995062
v -0.03262532 0.016816 -0.08659529
v -0.03314295 0.016816 -0.08659529
v -0.03314295 0.016816 -0.09995063
v -0.03314295 0.01774961 -0.09995063
v -0.03314295 0.01774961 -0.08659529
v -0.03262532 0.01774961 -0.08659529
v -0.03262532 0.01774961 -0.09995062
v -0.03335097 0.00925402 -0.09280615
v -0.03335097 0.02260937 -0.09280615
v -0.03335097 0.02260937 -0.09373976
v -0.03335097 0.00925402 -0.09373976
v -0.03241734 0.00925402 -0.09280615
v -0.03241734 0.02260937 -0.09280615
v -0.03335097 0.02260937 -0.09280615
v -0.03335097 0.00925402 -0.09280615
v -0.03335097 0.00925402 -0.09373976
v -0.03335097 0.02260937 -0.09373976
v -0.03241734 0.02260937 -0.09373976
v -0.03241734 0.00925402 -0.09373976
v -0.03347052 0.02197452 -0.09577598
v -0.03347052 0.01843471 -0.09931578
v -0.03226689 0.01843471 -0.09931578
v -0.03226689 0.02197452 -0.09577598
v -0.03347052 0.01843471 -0.08723014
v -0.03347052 0.02197452 -0.09076994
v -0.03226689 0.02197452 -0.09076994
v -0.03226689 0.01843471 -0.08723014
v -0.03226689 0.01843471 -0.08723014
v -0.03226689 0.01843471 -0.09931578
v -0.03226689 0.00988887 -0.09931578
v -0.03226689 0.00988887 -0.08723013
v -0.03347052 0.02197452 -0.09076994
v -0.03347052 0.01843471 -0.08723014
v -0.03347052 0.01893815 -0.08601473
v -0.03347052 0.02318993 -0.09026649
v -0.03347052 0.01843471 -0.09931578
v -0.03347052 0.02197452 -0.09577598
v -0.03347052 0.02318993 -0.09627942
v -0.03347052 0.01893815 -0.10053119
v -0.03202687 0.02318993 -0.09627942
v -0.03202687 0.01893815 -0.10053119
v -0.03347052 0.01893815 -0.10053119
v -0.03347052 0.02318993 -0.09627942
v -0.03202687 0.01893815 -0.08601473
v -0.03202687 0.02318993 -0.09026649
v -0.03347052 0.02318993 -0.09026649
v -0.03347052 0.01893815 -0.08601473
v -0.03347052 0.00988887 -0.08723013
v -0.03226689 0.00988887 -0.08723013
v -0.03347052 0.00988887 -0.08723013
v -0.03347052 0.00867346 -0.08601471
v -0.03202687 0.00867346 -0.08601471
v -0.03347052 0.00867346 -0.08601471
v -0.03347052 0.00988887 -0.09931578
v -0.03226689 0.00988887 -0.09931578
v -0.03347052 0.00988887 -0.09931578
v -0.03347052 0.00867346 -0.1005312
v -0.03202687 0.00867346 -0.1005312
v -0.03347052 0.00867346 -0.1005312
v -0.03226689 0.00988887 -0.08723013
v -0.03226689 0.00988887 -0.09931578
v -0.03202687 0.00867346 -0.1005312
v -0.03202687 0.00867346 -0.08601471
v -0.03202687 0.02318993 -0.09026649
v -0.03202687 0.02318993 -0.09627942
v -0.03226689 0.02197452 -0.09577598
v -0.03226689 0.02197452 -0.09076994
v -0.03314296 0.01296668 -0.06946507
v -0.03314296 0.01296668 -0.05610973
v -0.03314296 0.0139003 -0.05610973
v -0.03314296 0.0139003 -0.06946507
v -0.03262533 0.01296668 -0.06946506
v -0.03262533 0.01296668 -0.05610973
v -0.03314296 0.01296668 -0.05610973
v -0.03314296 0.01296668 -0.06946507
v -0.03314296 0.0139003 -0.06946507
v -0.03314296 0.0139003 -0.05610973
v -0.03262533 0.0139003 -0.05610973
v -0.03262533 0.0139003 -0.06946506
v -0.03314296 0.016816 -0.06946507
v -0.03314296 0.016816 -0.05610973
v -0.03314296 0.01774961 -0.05610973
v -0.03314296 0.01774961 -0.06946507
v -0.03262533 0.016816 -0.06946506
v -0.03262533 0.016816 -0.05610973
v -0.03314296 0.016816 -0.05610973
v -0.03314296 0.016816 -0.06946507
v -0.03314296 0.01774961 -0.06946507
v -0.03314296 0.01774961 -0.05610973
v -0.03262533 0.01774961 -0.05610973
v -0.03262533 0.01774961 -0.06946506
v -0.03335098 0.00925402 -0.06232058
v -0.03335098 0.02260937 -0.06232058
v -0.03335098 0.02260937 -0.0632542
v -0.03335098 0.00925402 -0.0632542
v -0.03241734 0.00925402 -0.06232058
v -0.03241734 0.02260937 -0.06232058
v -0.03335098 0.02260937 -0.06232058
v -0.03335098 0.00925402 -0.06232058
v -0.03335098 0.00925402 -0.0632542
v -0.03335098 0.02260937 -0.0632542
v -0.03241734 0.02260937 -0.0632542
v -0.03241734 0.00925402 -0.0632542
v -0.03347052 0.02197452 -0.06529042
v -0.03347052 0.01843471 -0.06883022
v -0.0322669 0.01843471 -0.06883022
v -0.0322669 0.02197452 -0.06529042
v -0.03347052 0.01843471 -0.05674458
v -0.03347052 0.02197452 -0.06028438
v -0.0322669 0.02197452 -0.06028438
v -0.0322669 0.01843471 -0.05674458
v -0.0322669 0.01843471 -0.05674458
v -0.0322669 0.01843471 -0.06883022
v -0.0322669 0.00988887 -0.06883022
v -0.0322669 0.00988887 -0.05674456
v -0.03347052 0.02197452 -0.06028438
v -0.03347052 0.01843471 -0.05674458
v -0.03347052 0.01893815 -0.05552916
v -0.03347052 0.02318993 -0.05978093
v -0.03347052 0.01843471 -0.06883022
v -0.03347052 0.02197452 -0.06529042
v -0.03347052 0.02318993 -0.06579386
v -0.03347052 0.01893815 -0.07004563
v -0.03202688 0.02318993 -0.06579386
v -0.03202688 0.01893815 -0.07004563
v -0.03347052 0.01893815 -0.07004563
v -0.03347052 0.02318993 -0.06579386
v -0.03202688 0.01893815 -0.05552916
v -0.03202688 0.02318993 -0.05978093
v -0.03347052 0.02318993 -0.05978093
v -0.03347052 0.01893815 -0.05552916
v -0.03347052 0.00988887 -0.05674456
v -0.0322669 0.00988887 -0.05674456
v -0.03347052 0.00988887 -0.05674456
v -0.03347052 0.00867346 -0.05552915
v -0.03202688 0.00867346 -0.05552915
v -0.03347052 0.00867346 -0.05552915
v -0.03347052 0.00988887 -0.06883022
v -0.0322669 0.00988887 -0.06883022
v -0.03347052 0.00988887 -0.06883022
v -0.03347052 0.00867346 -0.07004564
v -0.03202688 0.00867346 -0.07004564
v -0.03347052 0.00867346 -0.07004564
v -0.0322669 0.00988887 -0.05674456
v -0.0322669 0.00988887 -0.06883022
v -0.03202688 0.00867346 -0.07004564
v -0.03202688 0.00867346 -0.05552915
v -0.03202688 0.02318993 -0.05978093
v -0.03202688 0.02318993 -0.06579386
v -0.0322669 0.02197452 -0.06529042
v -0.0322669 0.02197452 -0.06028438
v -0.04172328 0.01296668 -0.0470159
v -0.05507862 0.01296668 -0.0470159
v -0.05507862 0.0139003 -0.0470159
v -0.04172328 0.0139003 -0.0470159
v -0.04172328 0.01296668 -0.04649827
v -0.05507862 0.01296668 -0.04649827
v -0.05507862 0.01296668 -0.0470159
v -0.04172328 0.01296668 -0.0470159
v -0.04172328 0.0139003 -0.0470159
v -0.05507862 0.0139003 -0.0470159
v -0.05507862 0.0139003 -0.04649827
v -0.04172328 0.0139003 -0.04649827
v -0.04172328 0.016816 -0.0470159
v -0.05507862 0.016816 -0.0470159
v -0.05507862 0.01774961 -0.0470159
v -0.04172328 0.01774961 -0.0470159
v -0.04172328 0.016816 -0.04649827
v -0.05507862 0.016816 -0.04649827
v -0.05507862 0.016816 -0.0470159
v -0.04172328 0.016816 -0.0470159
v -0.04172328 0.01774961 -0.0470159
v -0.05507862 0.01774961 -0.0470159
v -0.05507862 0.01774961 -0.04649827
v -0.04172328 0.01774961 -0.04649827
v -0.04886776 0.00925403 -0.04722392
v -0.04886776 0.02260937 -0.04722392
v -0.04793414 0.02260937 -0.04722392
v -0.04793414 0.00925403 -0.04722392
v -0.04886776 0.00925403 -0.04629028
v -0.04886776 0.02260937 -0.04629028
v -0.04886776 0.02260937 -0.04722392
v -0.04886776 0.00925403 -0.04722392
v -0.04793414 0.00925403 -0.04722392
v -0.04793414 0.02260937 -0.04722392
v -0.04793414 0.02260937 -0.04629028
v -0.04793414 0.00925403 -0.04629028
v -0.04589793 0.02197452 -0.04734346
v -0.04235812 0.01843471 -0.04734346
v -0.04235812 0.01843471 -0.04613984
v -0.04589793 0.02197452 -0.04613984
v -0.05444376 0.01843471 -0.04734346
v -0.05090397 0.02197452 -0.04734346
v -0.05090397 0.02197452 -0.04613984
v -0.05444376 0.01843471 -0.04613984
v -0.05444376 0.01843471 -0.04613984
v -0.04235812 0.01843471 -0.04613984
v -0.04235812 0.00988888 -0.04613984
v -0.05444378 0.00988888 -0.04613984
v -0.05090397 0.02197452 -0.04734346
v -0.05444376 0.01843471 -0.04734346
v -0.05565918 0.01893815 -0.04734346
v -0.05140741 0.02318993 -0.04734346
v -0.04235812 0.01843471 -0.04734346
v -0.04589793 0.02197452 -0.04734346
v -0.04539449 0.02318993 -0.04734346
v -0.04114271 0.01893815 -0.04734346
v -0.04539449 0.02318993 -0.04589982
v -0.04114271 0.01893815 -0.04589982
v -0.04114271 0.01893815 -0.04734346
v -0.04539449 0.02318993 -0.04734346
v -0.05565918 0.01893815 -0.04589982
v -0.05140741 0.02318993 -0.04589982
v -0.05140741 0.02318993 -0.04734346
v -0.05565918 0.01893815 -0.04734346
v -0.05444378 0.00988888 -0.04734346
v -0.05444378 0.00988888 -0.04613984
v -0.05444378 0.00988888 -0.04734346
v -0.0556592 0.00867346 -0.04734346
v -0.0556592 0.00867346 -0.04589982
v -0.0556592 0.00867346 -0.04734346
v -0.04235812 0.00988888 -0.04734346
v -0.04235812 0.00988888 -0.04613984
v -0.04235812 0.00988888 -0.04734346
v -0.04114271 0.00867346 -0.04734346
v -0.04114271 0.00867346 -0.04589982
v -0.04114271 0.00867346 -0.04734346
v -0.05444378 0.00988888 -0.04613984
v -0.04235812 0.00988888 -0.04613984
v -0.04114271 0.00867346 -0.04589982
v -0.0556592 0.00867346 -0.04589982
v -0.05140741 0.02318993 -0.04589982
v -0.04539449 0.02318993 -0.04589982
v -0.04589793 0.02197452 -0.04613984
v -0.05090397 0.02197452 -0.04613984
v -0.07220884 0.01296668 -0.04701591
v -0.08556418 0.01296668 -0.04701591
v -0.08556418 0.0139003 -0.04701591
v -0.07220884 0.0139003 -0.04701591
v -0.07220885 0.01296668 -0.04649828
v -0.08556418 0.01296668 -0.04649828
v -0.08556418 0.01296668 -0.04701591
v -0.07220884 0.01296668 -0.04701591
v -0.07220884 0.0139003 -0.04701591
v -0.08556418 0.0139003 -0.04701591
v -0.08556418 0.0139003 -0.04649828
v -0.07220885 0.0139003 -0.04649828
v -0.07220884 0.016816 -0.04701591
v -0.08556418 0.016816 -0.04701591
v -0.08556418 0.01774961 -0.04701591
v -0.07220884 0.01774961 -0.04701591
v -0.07220885 0.016816 -0.04649828
v -0.08556418 0.016816 -0.04649828
v -0.08556418 0.016816 -0.04701591
v -0.07220884 0.016816 -0.04701591
v -0.07220884 0.01774961 -0.04701591
v -0.08556418 0.01774961 -0.04701591
v -0.08556418 0.01774961 -0.04649828
v -0.07220885 0.01774961 -0.04649828
v -0.07935332 0.00925403 -0.04722392
v -0.07935332 0.02260937 -0.04722392
v -0.07841971 0.02260937 -0.04722392
v -0.07841971 0.00925403 -0.04722392
v -0.07935332 0.00925403 -0.04629029
v -0.07935332 0.02260937 -0.04629029
v -0.07935332 0.02260937 -0.04722392
v -0.07935332 0.00925403 -0.04722392
v -0.07841971 0.00925403 -0.04722392
v -0.07841971 0.02260937 -0.04722392
v -0.07841971 0.02260937 -0.04629029
v -0.07841971 0.00925403 -0.04629029
v -0.07638349 0.02197452 -0.04734347
v -0.07284369 0.01843471 -0.04734347
v -0.07284369 0.01843471 -0.04613985
v -0.07638349 0.02197452 -0.04613985
v -0.08492933 0.01843471 -0.04734347
v -0.08138953 0.02197452 -0.04734347
v -0.08138953 0.02197452 -0.04613985
v -0.08492933 0.01843471 -0.04613985
v -0.08492933 0.01843471 -0.04613985
v -0.07284369 0.01843471 -0.04613985
v -0.07284369 0.00988888 -0.04613985
v -0.08492934 0.00988888 -0.04613985
v -0.08138953 0.02197452 -0.04734347
v -0.08492933 0.01843471 -0.04734347
v -0.08614475 0.01893815 -0.04734347
v -0.08189298 0.02318993 -0.04734347
v -0.07284369 0.01843471 -0.04734347
v -0.07638349 0.02197452 -0.04734347
v -0.07588005 0.02318993 -0.04734347
v -0.07162828 0.01893815 -0.04734347
v -0.07588005 0.02318993 -0.04589982
v -0.07162828 0.01893815 -0.04589982
v -0.07162828 0.01893815 -0.04734347
v -0.07588005 0.02318993 -0.04734347
v -0.08614475 0.01893815 -0.04589982
v -0.08189298 0.02318993 -0.04589982
v -0.08189298 0.02318993 -0.04734347
v -0.08614475 0.01893815 -0.04734347
v -0.08492934 0.00988888 -0.04734347
v -0.08492934 0.00988888 -0.04613985
v -0.08492934 0.00988888 -0.04734347
v -0.08614476 0.00867346 -0.04734347
v -0.08614476 0.00867346 -0.04589982
v -0.08614476 0.00867346 -0.04734347
v -0.07284369 0.00988888 -0.04734347
v -0.07284369 0.00988888 -0.04613985
v -0.07284369 0.00988888 -0.04734347
v -0.07162827 0.00867346 -0.04734347
v -0.07162827 0.00867346 -0.04589982
v -0.07162827 0.00867346 -0.04734347
v -0.08492934 0.00988888 -0.04613985
v -0.07284369 0.00988888 -0.04613985
v -0.07162827 0.00867346 -0.04589982
v -0.08614476 0.00867346 -0.04589982
v -0.08189298 0.02318993 -0.04589982
v -0.07588005 0.02318993 -0.04589982
v -0.07638349 0.02197452 -0.04613985
v -0.08138953 0.02197452 -0.04613985
v 0.02147451 0.01296668 -0.10986602
v 0.00811917 0.01296668 -0.10986602
v 0.00811917 0.0139003 -0.10986602
v 0.02147451 0.0139003 -0.10986602
v 0.0214745 0.01296668 -0.10934839
v 0.00811917 0.01296668 -0.10934839
v 0.00811917 0.01296668 -0.10986602
v 0.02147451 0.01296668 -0.10986602
v 0.02147451 0.0139003 -0.10986602
v 0.00811917 0.0139003 -0.10986602
v 0.00811917 0.0139003 -0.10934839
v 0.0214745 0.0139003 -0.10934839
v 0.02147451 0.016816 -0.10986602
v 0.00811917 0.016816 -0.10986602
v 0.00811917 0.01774961 -0.10986602
v 0.02147451 0.01774961 -0.10986602
v 0.0214745 0.016816 -0.10934839
v 0.00811917 0.016816 -0.10934839
v 0.00811917 0.016816 -0.10986602
v 0.02147451 0.016816 -0.10986602
v 0.02147451 0.01774961 -0.10986602
v 0.00811917 0.01774961 -0.10986602
v 0.00811917 0.01774961 -0.10934839
v 0.0214745 0.01774961 -0.10934839
v 0.01433002 0.00925403 -0.11007404
v 0.01433002 0.02260937 -0.11007404
v 0.01526364 0.02260937 -0.11007404
v 0.01526364 0.00925403 -0.11007404
v 0.01433002 0.00925403 -0.10914041
v 0.01433002 0.02260937 -0.10914041
v 0.01433002 0.02260937 -0.11007404
v 0.01433002 0.00925403 -0.11007404
v 0.01526364 0.00925403 -0.11007404
v 0.01526364 0.02260937 -0.11007404
v 0.01526364 0.02260937 -0.10914041
v 0.01526364 0.00925403 -0.10914041
v 0.01729986 0.02197452 -0.11019359
v 0.02083966 0.01843471 -0.11019359
v 0.02083966 0.01843471 -0.10898996
v 0.01729986 0.02197452 -0.10898996
v 0.00875402 0.01843471 -0.11019359
v 0.01229381 0.02197452 -0.11019359
v 0.01229381 0.02197452 -0.10898996
v 0.00875402 0.01843471 -0.10898996
v 0.00875402 0.01843471 -0.10898996
v 0.02083966 0.01843471 -0.10898996
v 0.02083966 0.00988888 -0.10898996
v 0.008754 0.00988888 -0.10898996
v 0.01229381 0.02197452 -0.11019359
v 0.00875402 0.01843471 -0.11019359
v 0.0075386 0.01893815 -0.11019359
v 0.01179037 0.02318993 -0.11019359
v 0.02083966 0.01843471 -0.11019359
v 0.01729986 0.02197452 -0.11019359
v 0.0178033 0.02318993 -0.11019359
v 0.02205507 0.01893815 -0.11019359
v 0.0178033 0.02318993 -0.10874994
v 0.02205507 0.01893815 -0.10874994
v 0.02205507 0.01893815 -0.11019359
v 0.0178033 0.02318993 -0.11019359
v 0.0075386 0.01893815 -0.10874994
v 0.01179037 0.02318993 -0.10874994
v 0.01179037 0.02318993 -0.11019359
v 0.0075386 0.01893815 -0.11019359
v 0.008754 0.00988888 -0.11019359
v 0.008754 0.00988888 -0.10898996
v 0.008754 0.00988888 -0.11019359
v 0.00753859 0.00867346 -0.11019359
v 0.00753859 0.00867346 -0.10874994
v 0.00753859 0.00867346 -0.11019359
v 0.02083966 0.00988888 -0.11019359
v 0.02083966 0.00988888 -0.10898996
v 0.02083966 0.00988888 -0.11019359
v 0.02205508 0.00867346 -0.11019359
v 0.02205508 0.00867346 -0.10874994
v 0.02205508 0.00867346 -0.11019359
v 0.008754 0.00988888 -0.10898996
v 0.02083966 0.00988888 -0.10898996
v 0.02205508 0.00867346 -0.10874994
v 0.00753859 0.00867346 -0.10874994
v 0.01179037 0.02318993 -0.10874994
v 0.0178033 0.02318993 -0.10874994
v 0.01729986 0.02197452 -0.10898996
v 0.01229381 0.02197452 -0.10898996
v -0.00901106 0.01296668 -0.10986604
v -0.0223664 0.01296668 -0.10986604
v -0.0223664 0.0139003 -0.10986604
v -0.00901106 0.0139003 -0.10986604
v -0.00901107 0.01296668 -0.10934841
v -0.0223664 0.01296668 -0.10934841
v -0.0223664 0.01296668 -0.10986604
v -0.00901106 0.01296668 -0.10986604
v -0.00901106 0.0139003 -0.10986604
v -0.0223664 0.0139003 -0.10986604
v -0.0223664 0.0139003 -0.10934841
v -0.00901107 0.0139003 -0.10934841
v -0.00901106 0.016816 -0.10986604
v -0.0223664 0.016816 -0.10986604
v -0.0223664 0.01774961 -0.10986604
v -0.00901106 0.01774961 -0.10986604
v -0.00901107 0.016816 -0.10934841
v -0.0223664 0.016816 -0.10934841
v -0.0223664 0.016816 -0.10986604
v -0.00901106 0.016816 -0.10986604
v -0.00901106 0.01774961 -0.10986604
v -0.0223664 0.01774961 -0.10986604
v -0.0223664 0.01774961 -0.10934841
v -0.00901107 0.01774961 -0.10934841
v -0.01615554 0.00925403 -0.11007405
v -0.01615554 0.02260937 -0.11007405
v -0.01522192 0.02260937 -0.11007405
v -0.01522192 0.00925403 -0.11007405
v -0.01615554 0.00925403 -0.10914042
v -0.01615554 0.02260937 -0.10914042
v -0.01615554 0.02260937 -0.11007405
v -0.01615554 0.00925403 -0.11007405
v -0.01522192 0.00925403 -0.11007405
v -0.01522192 0.02260937 -0.11007405
v -0.01522192 0.02260937 -0.10914042
v -0.01522192 0.00925403 -0.10914042
v -0.01318571 0.02197452 -0.1101936
v -0.0096459 0.01843471 -0.1101936
v -0.0096459 0.01843471 -0.10898998
v -0.01318571 0.02197452 -0.10898998
v -0.02173155 0.01843471 -0.1101936
v -0.01819175 0.02197452 -0.1101936
v -0.01819175 0.02197452 -0.10898998
v -0.02173155 0.01843471 -0.10898998
v -0.02173155 0.01843471 -0.10898998
v -0.0096459 0.01843471 -0.10898998
v -0.0096459 0.00988888 -0.10898998
v -0.02173156 0.00988888 -0.10898998
v -0.01819175 0.02197452 -0.1101936
v -0.02173155 0.01843471 -0.1101936
v -0.02294696 0.01893815 -0.1101936
v -0.0186952 0.02318993 -0.1101936
v -0.0096459 0.01843471 -0.1101936
v -0.01318571 0.02197452 -0.1101936
v -0.01268227 0.02318993 -0.1101936
v -0.00843049 0.01893815 -0.1101936
v -0.01268227 0.02318993 -0.10874995
v -0.00843049 0.01893815 -0.10874995
v -0.00843049 0.01893815 -0.1101936
v -0.01268227 0.02318993 -0.1101936
v -0.02294696 0.01893815 -0.10874995
v -0.0186952 0.02318993 -0.10874995
v -0.0186952 0.02318993 -0.1101936
v -0.02294696 0.01893815 -0.1101936
v -0.02173156 0.00988888 -0.1101936
v -0.02173156 0.00988888 -0.10898998
v -0.02173156 0.00988888 -0.1101936
v -0.02294698 0.00867346 -0.1101936
v -0.02294698 0.00867346 -0.10874995
v -0.02294698 0.00867346 -0.1101936
v -0.0096459 0.00988888 -0.1101936
v -0.0096459 0.00988888 -0.10898998
v -0.0096459 0.00988888 -0.1101936
v -0.00843049 0.00867346 -0.1101936
v -0.00843049 0.00867346 -0.10874995
v -0.00843049 0.00867346 -0.1101936
v -0.02173156 0.00988888 -0.10898998
v -0.0096459 0.00988888 -0.10898998
v -0.00843049 0.00867346 -0.10874995
v -0.02294698 0.00867346 -0.10874995
v -0.0186952 0.02318993 -0.10874995
v -0.01268227 0.02318993 -0.10874995
v -0.01318571 0.02197452 -0.10898998
v -0.01819175 0.02197452 -0.10898998
v 0.08139875 0.01296668 -0.10986602
v 0.06804341 0.01296668 -0.10986602
v 0.06804341 0.0139003 -0.10986602
v 0.08139875 0.0139003 -0.10986602
v 0.08139874 0.01296668 -0.10934839
v 0.06804341 0.01296668 -0.10934839
v 0.06804341 0.01296668 -0.10986602
v 0.08139875 0.01296668 -0.10986602
v 0.08139875 0.0139003 -0.10986602
v 0.06804341 0.0139003 -0.10986602
v 0.06804341 0.0139003 -0.10934839
v 0.08139874 0.0139003 -0.10934839
v 0.08139875 0.016816 -0.10986602
v 0.06804341 0.016816 -0.10986602
v 0.06804341 0.01774961 -0.10986602
v 0.08139875 0.01774961 -0.10986602
v 0.08139874 0.016816 -0.10934839
v 0.06804341 0.016816 -0.10934839
v 0.06804341 0.016816 -0.10986602
v 0.08139875 0.016816 -0.10986602
v 0.08139875 0.01774961 -0.10986602
v 0.06804341 0.01774961 -0.10986602
v 0.06804341 0.01774961 -0.10934839
v 0.08139874 0.01774961 -0.10934839
v 0.07425427 0.00925403 -0.11007404
v 0.07425427 0.02260937 -0.11007404
v 0.07518788 0.02260937 -0.11007404
v 0.07518788 0.00925403 -0.11007404
v 0.07425427 0.00925403 -0.10914041
v 0.07425427 0.02260937 -0.10914041
v 0.07425427 0.02260937 -0.11007404
v 0.07425427 0.00925403 -0.11007404
v 0.07518788 0.00925403 -0.11007404
v 0.07518788 0.02260937 -0.11007404
v 0.07518788 0.02260937 -0.10914041
v 0.07518788 0.00925403 -0.10914041
v 0.0772241 0.02197452 -0.11019359
v 0.0807639 0.01843471 -0.11019359
v 0.0807639 0.01843471 -0.10898996
v 0.0772241 0.02197452 -0.10898996
v 0.06867826 0.01843471 -0.11019359
v 0.07221806 0.02197452 -0.11019359
v 0.07221806 0.02197452 -0.10898996
v 0.06867826 0.01843471 -0.10898996
v 0.06867826 0.01843471 -0.10898996
v 0.0807639 0.01843471 -0.10898996
v 0.0807639 0.00988888 -0.10898996
v 0.06867825 0.00988888 -0.10898996
v 0.07221806 0.02197452 -0.11019359
v 0.06867826 0.01843471 -0.11019359
v 0.06746284 0.01893815 -0.11019359
v 0.07171461 0.02318993 -0.11019359
v 0.0807639 0.01843471 -0.11019359
v 0.0772241 0.02197452 -0.11019359
v 0.07772754 0.02318993 -0.11019359
v 0.08197931 0.01893815 -0.11019359
v 0.07772754 0.02318993 -0.10874994
v 0.08197931 0.01893815 -0.10874994
v 0.08197931 0.01893815 -0.11019359
v 0.07772754 0.02318993 -0.11019359
v 0.06746284 0.01893815 -0.10874994
v 0.07171461 0.02318993 -0.10874994
v 0.07171461 0.02318993 -0.11019359
v 0.06746284 0.01893815 -0.11019359
v 0.06867825 0.00988888 -0.11019359
v 0.06867825 0.00988888 -0.10898996
v 0.06867825 0.00988888 -0.11019359
v 0.06746283 0.00867346 -0.11019359
v 0.06746283 0.00867346 -0.10874994
v 0.06746283 0.00867346 -0.11019359
v 0.0807639 0.00988888 -0.11019359
v 0.0807639 0.00988888 -0.10898996
v 0.0807639 0.00988888 -0.11019359
v 0.08197932 0.00867346 -0.11019359
v 0.08197932 0.00867346 -0.10874994
v 0.08197932 0.00867346 -0.11019359
v 0.06867825 0.00988888 -0.10898996
v 0.0807639 0.00988888 -0.10898996
v 0.08197932 0.00867346 -0.10874994
v 0.06746283 0.00867346 -0.10874994
v 0.07171461 0.02318993 -0.10874994
v 0.07772754 0.02318993 -0.10874994
v 0.0772241 0.02197452 -0.10898996
v 0.07221806 0.02197452 -0.10898996
v 0.05091318 0.01296668 -0.10986604
v 0.03755784 0.01296668 -0.10986604
v 0.03755784 0.0139003 -0.10986604
v 0.05091318 0.0139003 -0.10986604
v 0.05091318 0.01296668 -0.10934841
v 0.03755784 0.01296668 -0.10934841
v 0.03755784 0.01296668 -0.10986604
v 0.05091318 0.01296668 -0.10986604
v 0.05091318 0.0139003 -0.10986604
v 0.03755784 0.0139003 -0.10986604
v 0.03755784 0.0139003 -0.10934841
v 0.05091318 0.0139003 -0.10934841
v 0.05091318 0.016816 -0.10986604
v 0.03755784 0.016816 -0.10986604
v 0.03755784 0.01774961 -0.10986604
v 0.05091318 0.01774961 -0.10986604
v 0.05091318 0.016816 -0.10934841
v 0.03755784 0.016816 -0.10934841
v 0.03755784 0.016816 -0.10986604
v 0.05091318 0.016816 -0.10986604
v 0.05091318 0.01774961 -0.10986604
v 0.03755784 0.01774961 -0.10986604
v 0.03755784 0.01774961 -0.10934841
v 0.05091318 0.01774961 -0.10934841
v 0.0437687 0.00925403 -0.11007405
v 0.0437687 0.02260937 -0.11007405
v 0.04470232 0.02260937 -0.11007405
v 0.04470232 0.00925403 -0.11007405
v 0.0437687 0.00925403 -0.10914042
v 0.0437687 0.02260937 -0.10914042
v 0.0437687 0.02260937 -0.11007405
v 0.0437687 0.00925403 -0.11007405
v 0.04470232 0.00925403 -0.11007405
v 0.04470232 0.02260937 -0.11007405
v 0.04470232 0.02260937 -0.10914042
v 0.04470232 0.00925403 -0.10914042
v 0.04673853 0.02197452 -0.1101936
v 0.05027834 0.01843471 -0.1101936
v 0.05027834 0.01843471 -0.10898998
v 0.04673853 0.02197452 -0.10898998
v 0.0381927 0.01843471 -0.1101936
v 0.04173249 0.02197452 -0.1101936
v 0.04173249 0.02197452 -0.10898998
v 0.0381927 0.01843471 -0.10898998
v 0.0381927 0.01843471 -0.10898998
v 0.05027834 0.01843471 -0.10898998
v 0.05027834 0.00988888 -0.10898998
v 0.03819268 0.00988888 -0.10898998
v 0.04173249 0.02197452 -0.1101936
v 0.0381927 0.01843471 -0.1101936
v 0.03697728 0.01893815 -0.1101936
v 0.04122905 0.02318993 -0.1101936
v 0.05027834 0.01843471 -0.1101936
v 0.04673853 0.02197452 -0.1101936
v 0.04724197 0.02318993 -0.1101936
v 0.05149375 0.01893815 -0.1101936
v 0.04724197 0.02318993 -0.10874995
v 0.05149375 0.01893815 -0.10874995
v 0.05149375 0.01893815 -0.1101936
v 0.04724197 0.02318993 -0.1101936
v 0.03697728 0.01893815 -0.10874995
v 0.04122905 0.02318993 -0.10874995
v 0.04122905 0.02318993 -0.1101936
v 0.03697728 0.01893815 -0.1101936
v 0.03819268 0.00988888 -0.1101936
v 0.03819268 0.00988888 -0.10898998
v 0.03819268 0.00988888 -0.1101936
v 0.03697726 0.00867346 -0.1101936
v 0.03697726 0.00867346 -0.10874995
v 0.03697726 0.00867346 -0.1101936
v 0.05027834 0.00988888 -0.1101936
v 0.05027834 0.00988888 -0.10898998
v 0.05027834 0.00988888 -0.1101936
v 0.05149376 0.00867346 -0.1101936
v 0.05149376 0.00867346 -0.10874995
v 0.05149376 0.00867346 -0.1101936
v 0.03819268 0.00988888 -0.10898998
v 0.05027834 0.00988888 -0.10898998
v 0.05149376 0.00867346 -0.10874995
v 0.03697726 0.00867346 -0.10874995
v 0.04122905 0.02318993 -0.10874995
v 0.04724197 0.02318993 -0.10874995
v 0.04673853 0.02197452 -0.10898998
v 0.04173249 0.02197452 -0.10898998
v 0.0947894 0.01296668 -0.05456029
v 0.0947894 0.01296668 -0.06791562
v 0.0947894 0.0139003 -0.06791562
v 0.0947894 0.0139003 -0.05456029
v 0.09427177 0.01296668 -0.05456029
v 0.09427177 0.01296668 -0.06791562
v 0.0947894 0.01296668 -0.06791562
v 0.0947894 0.01296668 -0.05456029
v 0.0947894 0.0139003 -0.05456029
v 0.0947894 0.0139003 -0.06791562
v 0.09427177 0.0139003 -0.06791562
v 0.09427177 0.0139003 -0.05456029
v 0.0947894 0.016816 -0.05456029
v 0.0947894 0.016816 -0.06791562
v 0.0947894 0.01774961 -0.06791562
v 0.0947894 0.01774961 -0.05456029
v 0.09427177 0.016816 -0.05456029
v 0.09427177 0.016816 -0.06791562
v 0.0947894 0.016816 -0.06791562
v 0.0947894 0.016816 -0.05456029
v 0.0947894 0.01774961 -0.05456029
v 0.0947894 0.01774961 -0.06791562
v 0.09427177 0.01774961 -0.06791562
v 0.09427177 0.01774961 -0.05456029
v 0.09499742 0.00925403 -0.06170476
v 0.09499742 0.02260937 -0.06170476
v 0.09499742 0.02260937 -0.06077114
v 0.09499742 0.00925403 -0.06077114
v 0.09406378 0.00925403 -0.06170476
v 0.09406378 0.02260937 -0.06170476
v 0.09499742 0.02260937 -0.06170476
v 0.09499742 0.00925403 -0.06170476
v 0.09499742 0.00925403 -0.06077114
v 0.09499742 0.02260937 -0.06077114
v 0.09406378 0.02260937 -0.06077114
v 0.09406378 0.00925403 -0.06077114
v 0.09511696 0.02197452 -0.05873493
v 0.09511696 0.01843471 -0.05519512
v 0.09391334 0.01843471 -0.05519512
v 0.09391334 0.02197452 -0.05873493
v 0.09511696 0.01843471 -0.06728076
v 0.09511696 0.02197452 -0.06374098
v 0.09391334 0.02197452 -0.06374098
v 0.09391334 0.01843471 -0.06728076
v 0.09391334 0.01843471 -0.06728076
v 0.09391334 0.01843471 -0.05519512
v 0.09391334 0.00988888 -0.05519512
v 0.09391334 0.00988888 -0.06728078
v 0.09511696 0.02197452 -0.06374098
v 0.09511696 0.01843471 -0.06728076
v 0.09511696 0.01893815 -0.06849618
v 0.09511696 0.02318993 -0.06424441
v 0.09511696 0.01843471 -0.05519512
v 0.09511696 0.02197452 -0.05873493
v 0.09511696 0.02318993 -0.05823149
v 0.09511696 0.01893815 -0.05397972
v 0.09367332 0.02318993 -0.05823149
v 0.09367332 0.01893815 -0.05397972
v 0.09511696 0.01893815 -0.05397972
v 0.09511696 0.02318993 -0.05823149
v 0.09367332 0.01893815 -0.06849618
v 0.09367332 0.02318993 -0.06424441
v 0.09511696 0.02318993 -0.06424441
v 0.09511696 0.01893815 -0.06849618
v 0.09511696 0.00988888 -0.06728078
v 0.09391334 0.00988888 -0.06728078
v 0.09511696 0.00988888 -0.06728078
v 0.09511696 0.00867346 -0.0684962
v 0.09367332 0.00867346 -0.0684962
v 0.09511696 0.00867346 -0.0684962
v 0.09511696 0.00988888 -0.05519512
v 0.09391334 0.00988888 -0.05519512
v 0.09511696 0.00988888 -0.05519512
v 0.09511696 0.00867346 -0.05397971
v 0.09367332 0.00867346 -0.05397971
v 0.09511696 0.00867346 -0.05397971
v 0.09391334 0.00988888 -0.06728078
v 0.09391334 0.00988888 -0.05519512
v 0.09367332 0.00867346 -0.05397971
v 0.09367332 0.00867346 -0.0684962
v 0.09367332 0.02318993 -0.06424441
v 0.09367332 0.02318993 -0.05823149
v 0.09391334 0.02197452 -0.05873493
v 0.09391334 0.02197452 -0.06374098
v 0.09478942 0.01296668 -0.08504584
v 0.09478942 0.01296668 -0.09840118
v 0.09478942 0.0139003 -0.09840118
v 0.09478942 0.0139003 -0.08504584
v 0.09427179 0.01296668 -0.08504585
v 0.09427179 0.01296668 -0.09840118
v 0.09478942 0.01296668 -0.09840118
v 0.09478942 0.01296668 -0.08504584
v 0.09478942 0.0139003 -0.08504584
v 0.09478942 0.0139003 -0.09840118
v 0.09427179 0.0139003 -0.09840118
v 0.09427179 0.0139003 -0.08504585
v 0.09478942 0.016816 -0.08504584
v 0.09478942 0.016816 -0.09840118
v 0.09478942 0.01774961 -0.09840118
v 0.09478942 0.01774961 -0.08504584
v 0.09427179 0.016816 -0.08504585
v 0.09427179 0.016816 -0.09840118
v 0.09478942 0.016816 -0.09840118
v 0.09478942 0.016816 -0.08504584
v 0.09478942 0.01774961 -0.08504584
v 0.09478942 0.01774961 -0.09840118
v 0.09427179 0.01774961 -0.09840118
v 0.09427179 0.01774961 -0.08504585
v 0.09499743 0.00925403 -0.09219032
v 0.09499743 0.02260937 -0.09219032
v 0.09499743 0.02260937 -0.09125671
v 0.09499743 0.00925403 -0.09125671
v 0.0940638 0.00925403 -0.09219032
v 0.0940638 0.02260937 -0.09219032
v 0.09499743 0.02260937 -0.09219032
v 0.09499743 0.00925403 -0.09219032
v 0.09499743 0.00925403 -0.09125671
v 0.09499743 0.02260937 -0.09125671
v 0.0940638 0.02260937 -0.09125671
v 0.0940638 0.00925403 -0.09125671
v 0.09511698 0.02197452 -0.08922049
v 0.09511698 0.01843471 -0.08568069
v 0.09391335 0.01843471 -0.08568069
v 0.09391335 0.02197452 -0.08922049
v 0.09511698 0.01843471 -0.09776633
v 0.09511698 0.02197452 -0.09422653
v 0.09391335 0.02197452 -0.09422653
v 0.09391335 0.01843471 -0.09776633
v 0.09391335 0.01843471 -0.09776633
v 0.09391335 0.01843471 -0.08568069
v 0.09391335 0.00988888 -0.08568069
v 0.09391335 0.00988888 -0.09776634
v 0.09511698 0.02197452 -0.09422653
v 0.09511698 0.01843471 -0.09776633
v 0.09511698 0.01893815 -0.09898175
v 0.09511698 0.02318993 -0.09472998
v 0.09511698 0.01843471 -0.08568069
v 0.09511698 0.02197452 -0.08922049
v 0.09511698 0.02318993 -0.08871705
v 0.09511698 0.01893815 -0.08446528
v 0.09367333 0.02318993 -0.08871705
v 0.09367333 0.01893815 -0.08446528
v 0.09511698 0.01893815 -0.08446528
v 0.09511698 0.02318993 -0.08871705
v 0.09367333 0.01893815 -0.09898175
v 0.09367333 0.02318993 -0.09472998
v 0.09511698 0.02318993 -0.09472998
v 0.09511698 0.01893815 -0.09898175
v 0.09511698 0.00988888 -0.09776634
v 0.09391335 0.00988888 -0.09776634
v 0.09511698 0.00988888 -0.09776634
v 0.09511698 0.00867346 -0.09898176
v 0.09367333 0.00867346 -0.09898176
v 0.09511698 0.00867346 -0.09898176
v 0.09511698 0.00988888 -0.08568069
v 0.09391335 0.00988888 -0.08568069
v 0.09511698 0.00988888 -0.08568069
v 0.09511698 0.00867346 -0.08446527
v 0.09367333 0.00867346 -0.08446527
v 0.09511698 0.00867346 -0.08446527
v 0.09391335 0.00988888 -0.09776634
v 0.09391335 0.00988888 -0.08568069
v 0.09367333 0.00867346 -0.08446527
v 0.09367333 0.00867346 -0.09898176
v 0.09367333 0.02318993 -0.09472998
v 0.09367333 0.02318993 -0.08871705
v 0.09391335 0.02197452 -0.08922049
v 0.09391335 0.02197452 -0.09422653
v 0.0947894 0.01296668 0.01194801
v 0.0947894 0.01296668 -0.00140732
v 0.0947894 0.0139003 -0.00140732
v 0.0947894 0.0139003 0.01194801
v 0.09427177 0.01296668 0.01194801
v 0.09427177 0.01296668 -0.00140732
v 0.0947894 0.01296668 -0.00140732
v 0.0947894 0.01296668 0.01194801
v 0.0947894 0.0139003 0.01194801
v 0.0947894 0.0139003 -0.00140732
v 0.09427177 0.0139003 -0.00140732
v 0.09427177 0.0139003 0.01194801
v 0.0947894 0.016816 0.01194801
v 0.0947894 0.016816 -0.00140732
v 0.0947894 0.01774961 -0.00140732
v 0.0947894 0.01774961 0.01194801
v 0.09427177 0.016816 0.01194801
v 0.09427177 0.016816 -0.00140732
v 0.0947894 0.016816 -0.00140732
v 0.0947894 0.016816 0.01194801
v 0.0947894 0.01774961 0.01194801
v 0.0947894 0.01774961 -0.00140732
v 0.09427177 0.01774961 -0.00140732
v 0.09427177 0.01774961 0.01194801
v 0.09499742 0.00925403 0.00480354
v 0.09499742 0.02260937 0.00480354
v 0.09499742 0.02260937 0.00573716
v 0.09499742 0.00925403 0.00573716
v 0.09406378 0.00925403 0.00480354
v 0.09406378 0.02260937 0.00480354
v 0.09499742 0.02260937 0.00480354
v 0.09499742 0.00925403 0.00480354
v 0.09499742 0.00925403 0.00573716
v 0.09499742 0.02260937 0.00573716
v 0.09406378 0.02260937 0.00573716
v 0.09406378 0.00925403 0.00573716
v 0.09511696 0.02197452 0.00777337
v 0.09511696 0.01843471 0.01131318
v 0.09391334 0.01843471 0.01131318
v 0.09391334 0.02197452 0.00777337
v 0.09511696 0.01843471 -0.00077247
v 0.09511696 0.02197452 0.00276732
v 0.09391334 0.02197452 0.00276732
v 0.09391334 0.01843471 -0.00077247
v 0.09391334 0.01843471 -0.00077247
v 0.09391334 0.01843471 0.01131318
v 0.09391334 0.00988888 0.01131318
v 0.09391334 0.00988888 -0.00077248
v 0.09511696 0.02197452 0.00276732
v 0.09511696 0.01843471 -0.00077247
v 0.09511696 0.01893815 -0.00198788
v 0.09511696 0.02318993 0.00226388
v 0.09511696 0.01843471 0.01131318
v 0.09511696 0.02197452 0.00777337
v 0.09511696 0.02318993 0.00827681
v 0.09511696 0.01893815 0.01252858
v 0.09367332 0.02318993 0.00827681
v 0.09367332 0.01893815 0.01252858
v 0.09511696 0.01893815 0.01252858
v 0.09511696 0.02318993 0.00827681
v 0.09367332 0.01893815 -0.00198788
v 0.09367332 0.02318993 0.00226388
v 0.09511696 0.02318993 0.00226388
v 0.09511696 0.01893815 -0.00198788
v 0.09511696 0.00988888 -0.00077248
v 0.09391334 0.00988888 -0.00077248
v 0.09511696 0.00988888 -0.00077248
v 0.09511696 0.00867346 -0.0019879
v 0.09367332 0.00867346 -0.0019879
v 0.09511696 0.00867346 -0.0019879
v 0.09511696 0.00988888 0.01131318
v 0.09391334 0.00988888 0.01131318
v 0.09511696 0.00988888 0.01131318
v 0.09511696 0.00867346 0.01252859
v 0.09367332 0.00867346 0.01252859
v 0.09511696 0.00867346 0.01252859
v 0.09391334 0.00988888 -0.00077248
v 0.09391334 0.00988888 0.01131318
v 0.09367332 0.00867346 0.01252859
v 0.09367332 0.00867346 -0.0019879
v 0.09367332 0.02318993 0.00226388
v 0.09367332 0.02318993 0.00827681
v 0.09391334 0.02197452 0.00777337
v 0.09391334 0.02197452 0.00276732
v 0.09478942 0.01296668 -0.01853754
v 0.09478942 0.01296668 -0.03189288
v 0.09478942 0.0139003 -0.03189288
v 0.09478942 0.0139003 -0.01853754
v 0.09427179 0.01296668 -0.01853755
v 0.09427179 0.01296668 -0.03189288
v 0.09478942 0.01296668 -0.03189288
v 0.09478942 0.01296668 -0.01853754
v 0.09478942 0.0139003 -0.01853754
v 0.09478942 0.0139003 -0.03189288
v 0.09427179 0.0139003 -0.03189288
v 0.09427179 0.0139003 -0.01853755
v 0.09478942 0.016816 -0.01853754
v 0.09478942 0.016816 -0.03189288
v 0.09478942 0.01774961 -0.03189288
v 0.09478942 0.01774961 -0.01853754
v 0.09427179 0.016816 -0.01853755
v 0.09427179 0.016816 -0.03189288
v 0.09478942 0.016816 -0.03189288
v 0.09478942 0.016816 -0.01853754
v 0.09478942 0.01774961 -0.01853754
v 0.09478942 0.01774961 -0.03189288
v 0.09427179 0.01774961 -0.03189288
v 0.09427179 0.01774961 -0.01853755
v 0.09499743 0.00925403 -0.02568202
v 0.09499743 0.02260937 -0.02568202
v 0.09499743 0.02260937 -0.02474841
v 0.09499743 0.00925403 -0.02474841
v 0.0940638 0.00925403 -0.02568202
v 0.0940638 0.02260937 -0.02568202
v 0.09499743 0.02260937 -0.02568202
v 0.09499743 0.00925403 -0.02568202
v 0.09499743 0.00925403 -0.02474841
v 0.09499743 0.02260937 -0.02474841
v 0.0940638 0.02260937 -0.02474841
v 0.0940638 0.00925403 -0.02474841
v 0.09511698 0.02197452 -0.02271219
v 0.09511698 0.01843471 -0.01917239
v 0.09391335 0.01843471 -0.01917239
v 0.09391335 0.02197452 -0.02271219
v 0.09511698 0.01843471 -0.03125803
v 0.09511698 0.02197452 -0.02771823
v 0.09391335 0.02197452 -0.02771823
v 0.09391335 0.01843471 -0.03125803
v 0.09391335 0.01843471 -0.03125803
v 0.09391335 0.01843471 -0.01917239
v 0.09391335 0.00988888 -0.01917239
v 0.09391335 0.00988888 -0.03125804
v 0.09511698 0.02197452 -0.02771823
v 0.09511698 0.01843471 -0.03125803
v 0.09511698 0.01893815 -0.03247345
v 0.09511698 0.02318993 -0.02822168
v 0.09511698 0.01843471 -0.01917239
v 0.09511698 0.02197452 -0.02271219
v 0.09511698 0.02318993 -0.02220875
v 0.09511698 0.01893815 -0.01795698
v 0.09367333 0.02318993 -0.02220875
v 0.09367333 0.01893815 -0.01795698
v 0.09511698 0.01893815 -0.01795698
v 0.09511698 0.02318993 -0.02220875
v 0.09367333 0.01893815 -0.03247345
v 0.09367333 0.02318993 -0.02822168
v 0.09511698 0.02318993 -0.02822168
v 0.09511698 0.01893815 -0.03247345
v 0.09511698 0.00988888 -0.03125804
v 0.09391335 0.00988888 -0.03125804
v 0.09511698 0.00988888 -0.03125804
v 0.09511698 0.00867346 -0.03247346
v 0.09367333 0.00867346 -0.03247346
v 0.09511698 0.00867346 -0.03247346
v 0.09511698 0.00988888 -0.01917239
v 0.09391335 0.00988888 -0.01917239
v 0.09511698 0.00988888 -0.01917239
v 0.09511698 0.00867346 -0.01795697
v 0.09367333 0.00867346 -0.01795697
v 0.09511698 0.00867346 -0.01795697
v 0.09391335 0.00988888 -0.03125804
v 0.09391335 0.00988888 -0.01917239
v 0.09367333 0.00867346 -0.01795697
v 0.09367333 0.00867346 -0.03247346
v 0.09367333 0.02318993 -0.02822168
v 0.09367333 0.02318993 -0.02220875
v 0.09391335 0.02197452 -0.02271219
v 0.09391335 0.02197452 -0.02771823
v 0.0089063 0.01753561 0.01677632
v 0.0089063 0.01753561 0.01926125
v 0.00847024 0.01753561 0.01952355
v 0.00847024 0.01753561 0.01679047
v -0.00931824 0.01225891 0.01677632
v -0.00931824 0.01225891 0.01926125
v -0.00888222 0.01225891 0.01952355
v -0.00888222 0.01225891 0.01679047
v 0.00404507 0.00296812 0.01722394
v 0.0089063 0.00296812 0.01721687
v 0.0089063 0.02232669 0.01721687
v 0.00404507 0.02632822 0.01722394
v -0.01209725 0.01489725 0.01673128
v -0.01209725 0.01489725 0.01926125
v -0.01253327 0.01489725 0.01952355
v -0.01253327 0.01489725 0.01673128
v 0.0089063 0.02017395 0.01926125
v 0.0089063 0.02017395 0.01677632
v 0.00847024 0.02017395 0.01679047
v 0.00847024 0.02017395 0.01952355
v -0.00931824 0.00296812 0.01721687
v -0.00445705 0.00296812 0.01722394
v -0.00445705 0.02632822 0.01722394
v -0.00931824 0.02232669 0.01721687
v -0.00931824 0.00962055 0.01926125
v -0.00931824 0.00962055 0.01677632
v -0.00888222 0.00962055 0.01679047
v -0.00888222 0.00962055 0.01952355
v 0.01168528 0.02017395 0.01673128
v 0.01168528 0.02017395 0.01926125
v 0.01212129 0.02017395 0.01952355
v 0.01212129 0.02017395 0.01673128
v -0.01209725 0.01753561 0.01926125
v -0.01209725 0.01753561 0.01673128
v -0.01253327 0.01753561 0.01673128
v -0.01253327 0.01753561 0.01952355
v 0.01168528 0.01753561 0.01926125
v 0.01168528 0.01753561 0.01673128
v 0.01212129 0.01753561 0.01673128
v 0.01212129 0.01753561 0.01952355
v -0.00020597 0.00296812 0.01722394
v -0.00020597 0.02750417 0.01722394
v 0.0089063 0.0069822 0.01926125
v 0.01168528 0.0069822 0.01926125
v 0.01212129 0.0069822 0.01952355
v 0.00847024 0.0069822 0.01952355
v 0.01168528 0.01489725 0.01673128
v 0.01168528 0.01489725 0.01926125
v 0.01212129 0.01489725 0.01952355
v 0.01212129 0.01489725 0.01673128
v 0.01168528 0.00962055 0.01926125
v 0.0089063 0.00962055 0.01926125
v 0.00847024 0.00962055 0.01952355
v 0.01212129 0.00962055 0.01952355
v 0.01168528 0.0122589 0.01926125
v 0.01168528 0.0122589 0.01673128
v 0.01212129 0.0122589 0.01673128
v 0.01212129 0.0122589 0.01952355
v -0.00931824 0.01753561 0.01926125
v -0.00888222 0.01753561 0.01952355
v 0.0089063 0.0122589 0.01926125
v 0.00847024 0.0122589 0.01952355
v 0.01168528 0.00962055 0.01673128
v 0.01212129 0.00962055 0.01673128
v -0.00931824 0.01489725 0.01926125
v -0.00888222 0.01489725 0.01952355
v 0.0089063 0.01489725 0.01926125
v 0.00847024 0.01489725 0.01952355
v 0.01168528 0.0069822 0.01673128
v 0.01212129 0.0069822 0.01673128
v -0.01209725 0.01225891 0.01926125
v -0.01253327 0.01225891 0.01952355
v 0.01212129 0.01753561 0.01673128
v 0.01212129 0.02017395 0.01673128
v 0.01212129 0.02017395 0.01952355
v 0.01212129 0.01753561 0.01952355
v 0.01212129 0.0122589 0.01673128
v 0.01212129 0.01489725 0.01673128
v 0.01212129 0.01489725 0.01952355
v 0.01212129 0.0122589 0.01952355
v 0.01212129 0.0069822 0.01673128
v 0.01212129 0.00962055 0.01673128
v 0.01212129 0.00962055 0.01952355
v 0.01212129 0.0069822 0.01952355
v 0.00847024 0.00962055 0.01679047
v 0.00847024 0.0069822 0.01679047
v 0.00847024 0.0069822 0.01952355
v 0.00847024 0.00962055 0.01952355
v 0.00847024 0.01489725 0.01679047
v 0.00847024 0.0122589 0.01679047
v 0.00847024 0.0122589 0.01952355
v 0.00847024 0.01489725 0.01952355
v 0.00847024 0.02017395 0.01679047
v 0.00847024 0.01753561 0.01679047
v 0.00847024 0.01753561 0.01952355
v 0.00847024 0.02017395 0.01952355
v 0.00847024 0.00962055 0.01952355
v 0.00847024 0.0069822 0.01952355
v 0.01212129 0.0069822 0.01952355
v 0.01212129 0.00962055 0.01952355
v 0.00847024 0.01489725 0.01952355
v 0.00847024 0.0122589 0.01952355
v 0.01212129 0.0122589 0.01952355
v 0.01212129 0.01489725 0.01952355
v 0.00847024 0.02017395 0.01952355
v 0.00847024 0.01753561 0.01952355
v 0.01212129 0.01753561 0.01952355
v 0.01212129 0.02017395 0.01952355
v -0.01253327 0.01225891 0.01673128
v -0.01253327 0.00962055 0.01673128
v -0.01253327 0.00962055 0.01952355
v -0.01253327 0.01225891 0.01952355
v -0.01253327 0.01753561 0.01673128
v -0.01253327 0.01489725 0.01673128
v -0.01253327 0.01489725 0.01952355
v -0.01253327 0.01753561 0.01952355
v -0.00888222 0.01489725 0.01952355
v -0.00888222 0.01753561 0.01952355
v -0.01253327 0.01753561 0.01952355
v -0.01253327 0.01489725 0.01952355
v -0.00888222 0.00962055 0.01952355
v -0.00888222 0.01225891 0.01952355
v -0.01253327 0.01225891 0.01952355
v -0.01253327 0.00962055 0.01952355
v -0.00888222 0.01489725 0.01679047
v -0.00888222 0.01753561 0.01679047
v -0.00888222 0.01753561 0.01952355
v -0.00888222 0.01489725 0.01952355
v -0.00888222 0.00962055 0.01679047
v -0.00888222 0.01225891 0.01679047
v -0.00888222 0.01225891 0.01952355
v -0.00888222 0.00962055 0.01952355
v -0.01209725 0.01225891 0.01673128
v -0.01253327 0.01225891 0.01673128
v 0.01168528 0.01489725 0.01673128
v 0.01168528 0.01753561 0.01673128
v 0.01168528 0.01753561 0.01926125
v 0.01168528 0.01489725 0.01926125
v -0.00931824 0.01489725 0.01677632
v -0.00888222 0.01489725 0.01679047
v 0.01168528 0.00962055 0.01673128
v 0.01168528 0.0122589 0.01673128
v 0.01168528 0.0122589 0.01926125
v 0.01168528 0.00962055 0.01926125
v 0.0089063 0.0069822 0.01677632
v 0.0089063 0.00296812 0.01677632
v 0.0089063 0.00296812 0.01926125
v 0.0089063 0.0069822 0.01926125
v 0.0089063 0.0069822 0.01926125
v 0.0089063 0.00296812 0.01926125
v 0.01168528 0.00044288 0.01926125
v 0.01168528 0.0069822 0.01926125
v 0.0089063 0.01489725 0.01677632
v 0.00847024 0.01489725 0.01679047
v 0.0089063 0.0122589 0.01677632
v 0.0089063 0.00962055 0.01677632
v 0.0089063 0.00962055 0.01926125
v 0.0089063 0.0122589 0.01926125
v -0.01209725 0.00962055 0.01673128
v -0.01209725 0.00962055 0.01926125
v -0.01253327 0.00962055 0.01952355
v -0.01253327 0.00962055 0.01673128
v 0.0089063 0.01753561 0.01677632
v 0.0089063 0.01489725 0.01677632
v 0.0089063 0.01489725 0.01926125
v 0.0089063 0.01753561 0.01926125
v -0.00931824 0.01753561 0.01677632
v -0.00888222 0.01753561 0.01679047
v 0.0089063 0.02232669 0.01677632
v 0.0089063 0.02017395 0.01677632
v 0.0089063 0.02017395 0.01926125
v 0.0089063 0.02232669 0.01926125
v 0.0089063 0.0122589 0.01677632
v 0.00847024 0.0122589 0.01679047
v 0.0089063 0.0122589 0.01926125
v 0.0089063 0.00962055 0.01926125
v 0.01168528 0.00962055 0.01926125
v 0.01168528 0.0122589 0.01926125
v 0.0089063 0.01753561 0.01926125
v 0.0089063 0.01489725 0.01926125
v 0.01168528 0.01489725 0.01926125
v 0.01168528 0.01753561 0.01926125
v 0.0089063 0.00962055 0.01677632
v 0.00847024 0.00962055 0.01679047
v 0.0089063 0.02232669 0.01926125
v 0.0089063 0.02017395 0.01926125
v 0.01168528 0.02017395 0.01926125
v 0.01168528 0.02329791 0.01926125
v -0.01209725 0.00962055 0.01673128
v -0.01209725 0.00044288 0.01673128
v -0.01209725 0.00044288 0.01926125
v -0.01209725 0.00962055 0.01926125
v -0.01209725 0.02329791 0.01673128
v -0.01209725 0.01753561 0.01673128
v -0.01209725 0.01753561 0.01926125
v -0.01209725 0.02329791 0.01926125
v 0.0089063 0.0069822 0.01677632
v 0.00847024 0.0069822 0.01679047
v -0.01209725 0.01489725 0.01673128
v -0.01209725 0.01225891 0.01673128
v -0.01209725 0.01225891 0.01926125
v -0.01209725 0.01489725 0.01926125
v -0.00931824 0.01753561 0.01926125
v -0.00931824 0.02232669 0.01926125
v -0.01209725 0.02329791 0.01926125
v -0.01209725 0.01753561 0.01926125
v -0.00931824 0.01225891 0.01926125
v -0.00931824 0.01489725 0.01926125
v -0.01209725 0.01489725 0.01926125
v -0.01209725 0.01225891 0.01926125
v -0.00931824 0.00962055 0.01926125
v -0.01209725 0.00962055 0.01926125
v -0.01209725 0.00044288 0.01926125
v -0.00931824 0.00296812 0.01926125
v -0.00931824 0.01753561 0.01677632
v -0.00931824 0.02232669 0.01677632
v -0.00931824 0.02232669 0.01926125
v -0.00931824 0.01753561 0.01926125
v -0.00931824 0.01225891 0.01677632
v -0.00931824 0.01489725 0.01677632
v -0.00931824 0.01489725 0.01926125
v -0.00931824 0.01225891 0.01926125
v -0.00931824 0.00962055 0.01677632
v -0.00931824 0.00962055 0.01926125
v -0.00931824 0.00296812 0.01926125
v -0.00931824 0.00296812 0.01677632
v -0.00445705 0.02632822 0.01677632
v -0.00020597 0.02750417 0.01677632
v -0.00020597 0.02750417 0.01926125
v -0.00445705 0.02632822 0.01926125
v 0.00404507 0.02632822 0.01677632
v 0.00404507 0.02632822 0.01926125
v 0.0089063 0.02232669 0.01677632
v 0.0089063 0.02232669 0.01926125
v -0.01209725 0.00044288 0.01673128
v 0.01168528 0.00044288 0.01673128
v 0.01168528 0.00044288 0.01926125
v -0.01209725 0.00044288 0.01926125
v -0.00931824 0.00296812 0.01677632
v -0.00931824 0.00296812 0.01926125
v 0.0089063 0.00296812 0.01926125
v 0.0089063 0.00296812 0.01677632
v -0.00615159 0.02891065 0.01673128
v -0.01209725 0.02329791 0.01673128
v -0.01209725 0.02329791 0.01926125
v -0.00615159 0.02891064 0.01926125
v -0.00445705 0.02632822 0.01926125
v -0.00020597 0.02750417 0.01926125
v -0.00020597 0.03030325 0.01926125
v -0.00615159 0.02891064 0.01926125
v 0.00404507 0.02632822 0.01926125
v 0.00573965 0.02891064 0.01926125
v 0.01168528 0.02329791 0.01673128
v 0.00573965 0.02891065 0.01673128
v 0.00573965 0.02891064 0.01926125
v 0.01168528 0.02329791 0.01926125
v -0.00931824 0.02232669 0.01677632
v -0.00931824 0.02232669 0.01926125
v -0.00020597 0.03030325 0.01673128
v -0.00020597 0.03030325 0.01926125
v 0.01168528 0.02017395 0.01673128
v 0.01168528 0.02329791 0.01673128
v 0.01168528 0.02329791 0.01926125
v 0.01168528 0.02017395 0.01926125
v 0.01168528 0.00044288 0.01673128
v 0.01168528 0.0069822 0.01673128
v 0.01168528 0.0069822 0.01926125
v 0.01168528 0.00044288 0.01926125
v -0.03202693 0.03142504 0.01695024
v 0.03082315 0.03142504 0.01695024
v 0.03082315 0.06285008 0.01695024
v -0.03202693 0.06285008 0.01695024
v -0.09487701 0.03142504 0.01695024
v -0.03202693 0.03142504 0.01695024
v -0.03202693 0.06285008 0.01695024
v -0.09487701 0.06285008 0.01695024
v -0.08737761 0.04439172 0.01806631
v -0.07402227 0.04439172 0.01806631
v -0.07402227 0.04532533 0.01806631
v -0.08737761 0.04532533 0.01806631
v -0.0873776 0.04439172 0.01754868
v -0.07402227 0.04439172 0.01754868
v -0.07402227 0.04439172 0.01806631
v -0.08737761 0.04439172 0.01806631
v -0.08737761 0.04532533 0.01806631
v -0.07402227 0.04532533 0.01806631
v -0.07402227 0.04532533 0.01754868
v -0.0873776 0.04532533 0.01754868
v -0.08737761 0.04824104 0.01806631
v -0.07402227 0.04824104 0.01806631
v -0.07402227 0.04917465 0.01806631
v -0.08737761 0.04917465 0.01806631
v -0.0873776 0.04824104 0.01754868
v -0.07402227 0.04824104 0.01754868
v -0.07402227 0.04824104 0.01806631
v -0.08737761 0.04824104 0.01806631
v -0.08737761 0.04917465 0.01806631
v -0.07402227 0.04917465 0.01806631
v -0.07402227 0.04917465 0.01754868
v -0.0873776 0.04917465 0.01754868
v -0.08023312 0.04067906 0.01827433
v -0.08023312 0.05403441 0.01827433
v -0.08116674 0.05403441 0.01827433
v -0.08116674 0.04067906 0.01827433
v -0.08023312 0.04067906 0.0173407
v -0.08023312 0.05403441 0.0173407
v -0.08023312 0.05403441 0.01827433
v -0.08023312 0.04067906 0.01827433
v -0.08116674 0.04067906 0.01827433
v -0.08116674 0.05403441 0.01827433
v -0.08116674 0.05403441 0.0173407
v -0.08116674 0.04067906 0.0173407
v -0.08320296 0.05339955 0.01839388
v -0.08674276 0.04985975 0.01839388
v -0.08674276 0.04985975 0.01719025
v -0.08320296 0.05339955 0.01719025
v -0.07465712 0.04985975 0.01839388
v -0.07819692 0.05339955 0.01839388
v -0.07819692 0.05339955 0.01719025
v -0.07465712 0.04985975 0.01719025
v -0.07465712 0.04985975 0.01719025
v -0.08674276 0.04985975 0.01719025
v -0.08674276 0.04131391 0.01719025
v -0.0746571 0.04131391 0.01719025
v -0.07819692 0.05339955 0.01839388
v -0.07465712 0.04985975 0.01839388
v -0.0734417 0.05036319 0.01839388
v -0.07769347 0.05461497 0.01839388
v -0.08674276 0.04985975 0.01839388
v -0.08320296 0.05339955 0.01839388
v -0.0837064 0.05461497 0.01839388
v -0.08795817 0.05036319 0.01839388
v -0.0837064 0.05461497 0.01695023
v -0.08795817 0.05036319 0.01695023
v -0.08795817 0.05036319 0.01839388
v -0.0837064 0.05461497 0.01839388
v -0.0734417 0.05036319 0.01695023
v -0.07769347 0.05461497 0.01695023
v -0.07769347 0.05461497 0.01839388
v -0.0734417 0.05036319 0.01839388
v -0.0746571 0.04131391 0.01839388
v -0.0746571 0.04131391 0.01719025
v -0.0746571 0.04131391 0.01839388
v -0.07344169 0.04009849 0.01839388
v -0.07344169 0.04009849 0.01695023
v -0.07344169 0.04009849 0.01839388
v -0.08674276 0.04131391 0.01839388
v -0.08674276 0.04131391 0.01719025
v -0.08674276 0.04131391 0.01839388
v -0.08795818 0.04009849 0.01839388
v -0.08795818 0.04009849 0.01695023
v -0.08795818 0.04009849 0.01839388
v -0.0746571 0.04131391 0.01719025
v -0.08674276 0.04131391 0.01719025
v -0.08795818 0.04009849 0.01695023
v -0.07344169 0.04009849 0.01695023
v -0.07769347 0.05461497 0.01695023
v -0.0837064 0.05461497 0.01695023
v -0.08320296 0.05339955 0.01719025
v -0.07819692 0.05339955 0.01719025
v -0.05689204 0.04439172 0.01806631
v -0.0435367 0.04439172 0.01806631
v -0.0435367 0.04532533 0.01806631
v -0.05689204 0.04532533 0.01806631
v -0.05689204 0.04439172 0.01754868
v -0.0435367 0.04439172 0.01754868
v -0.0435367 0.04439172 0.01806631
v -0.05689204 0.04439172 0.01806631
v -0.05689204 0.04532533 0.01806631
v -0.0435367 0.04532533 0.01806631
v -0.0435367 0.04532533 0.01754868
v -0.05689204 0.04532533 0.01754868
v -0.05689204 0.04824104 0.01806631
v -0.0435367 0.04824104 0.01806631
v -0.0435367 0.04917465 0.01806631
v -0.05689204 0.04917465 0.01806631
v -0.05689204 0.04824104 0.01754868
v -0.0435367 0.04824104 0.01754868
v -0.0435367 0.04824104 0.01806631
v -0.05689204 0.04824104 0.01806631
v -0.05689204 0.04917465 0.01806631
v -0.0435367 0.04917465 0.01806631
v -0.0435367 0.04917465 0.01754868
v -0.05689204 0.04917465 0.01754868
v -0.04974756 0.04067906 0.01827433
v -0.04974756 0.05403441 0.01827433
v -0.05068118 0.05403441 0.01827433
v -0.05068118 0.04067906 0.01827433
v -0.04974756 0.04067906 0.0173407
v -0.04974756 0.05403441 0.0173407
v -0.04974756 0.05403441 0.01827433
v -0.04974756 0.04067906 0.01827433
v -0.05068118 0.04067906 0.01827433
v -0.05068118 0.05403441 0.01827433
v -0.05068118 0.05403441 0.0173407
v -0.05068118 0.04067906 0.0173407
v -0.05271739 0.05339955 0.01839388
v -0.0562572 0.04985975 0.01839388
v -0.0562572 0.04985975 0.01719025
v -0.05271739 0.05339955 0.01719025
v -0.04417156 0.04985975 0.01839388
v -0.04771135 0.05339955 0.01839388
v -0.04771135 0.05339955 0.01719025
v -0.04417156 0.04985975 0.01719025
v -0.04417156 0.04985975 0.01719025
v -0.0562572 0.04985975 0.01719025
v -0.0562572 0.04131391 0.01719025
v -0.04417154 0.04131391 0.01719025
v -0.04771135 0.05339955 0.01839388
v -0.04417156 0.04985975 0.01839388
v -0.04295614 0.05036319 0.01839388
v -0.04720791 0.05461497 0.01839388
v -0.0562572 0.04985975 0.01839388
v -0.05271739 0.05339955 0.01839388
v -0.05322083 0.05461497 0.01839388
v -0.05747261 0.05036319 0.01839388
v -0.05322083 0.05461497 0.01695023
v -0.05747261 0.05036319 0.01695023
v -0.05747261 0.05036319 0.01839388
v -0.05322083 0.05461497 0.01839388
v -0.04295614 0.05036319 0.01695023
v -0.04720791 0.05461497 0.01695023
v -0.04720791 0.05461497 0.01839388
v -0.04295614 0.05036319 0.01839388
v -0.04417154 0.04131391 0.01839388
v -0.04417154 0.04131391 0.01719025
v -0.04417154 0.04131391 0.01839388
v -0.04295612 0.04009849 0.01839388
v -0.04295612 0.04009849 0.01695023
v -0.04295612 0.04009849 0.01839388
v -0.0562572 0.04131391 0.01839388
v -0.0562572 0.04131391 0.01719025
v -0.0562572 0.04131391 0.01839388
v -0.05747261 0.04009849 0.01839388
v -0.05747261 0.04009849 0.01695023
v -0.05747261 0.04009849 0.01839388
v -0.04417154 0.04131391 0.01719025
v -0.0562572 0.04131391 0.01719025
v -0.05747261 0.04009849 0.01695023
v -0.04295612 0.04009849 0.01695023
v -0.04720791 0.05461497 0.01695023
v -0.05322083 0.05461497 0.01695023
v -0.05271739 0.05339955 0.01719025
v -0.04771135 0.05339955 0.01719025
v 0.03082315 0.03142504 0.01695024
v 0.09367323 0.03142504 0.01695024
v 0.09367323 0.06285008 0.01695024
v 0.03082315 0.06285008 0.01695024
v 0.03832255 0.04439172 0.01806631
v 0.05167789 0.04439172 0.01806631
v 0.05167789 0.04532533 0.01806631
v 0.03832255 0.04532533 0.01806631
v 0.03832256 0.04439172 0.01754868
v 0.05167789 0.04439172 0.01754868
v 0.05167789 0.04439172 0.01806631
v 0.03832255 0.04439172 0.01806631
v 0.03832255 0.04532533 0.01806631
v 0.05167789 0.04532533 0.01806631
v 0.05167789 0.04532533 0.01754868
v 0.03832256 0.04532533 0.01754868
v 0.03832255 0.04824104 0.01806631
v 0.05167789 0.04824104 0.01806631
v 0.05167789 0.04917465 0.01806631
v 0.03832255 0.04917465 0.01806631
v 0.03832256 0.04824104 0.01754868
v 0.05167789 0.04824104 0.01754868
v 0.05167789 0.04824104 0.01806631
v 0.03832255 0.04824104 0.01806631
v 0.03832255 0.04917465 0.01806631
v 0.05167789 0.04917465 0.01806631
v 0.05167789 0.04917465 0.01754868
v 0.03832256 0.04917465 0.01754868
v 0.04546704 0.04067906 0.01827433
v 0.04546704 0.05403441 0.01827433
v 0.04453342 0.05403441 0.01827433
v 0.04453342 0.04067906 0.01827433
v 0.04546704 0.04067906 0.0173407
v 0.04546704 0.05403441 0.0173407
v 0.04546704 0.05403441 0.01827433
v 0.04546704 0.04067906 0.01827433
v 0.04453342 0.04067906 0.01827433
v 0.04453342 0.05403441 0.01827433
v 0.04453342 0.05403441 0.0173407
v 0.04453342 0.04067906 0.0173407
v 0.0424972 0.05339955 0.01839388
v 0.0389574 0.04985975 0.01839388
v 0.0389574 0.04985975 0.01719025
v 0.0424972 0.05339955 0.01719025
v 0.05104304 0.04985975 0.01839388
v 0.04750325 0.05339955 0.01839388
v 0.04750325 0.05339955 0.01719025
v 0.05104304 0.04985975 0.01719025
v 0.05104304 0.04985975 0.01719025
v 0.0389574 0.04985975 0.01719025
v 0.0389574 0.04131391 0.01719025
v 0.05104306 0.04131391 0.01719025
v 0.04750325 0.05339955 0.01839388
v 0.05104304 0.04985975 0.01839388
v 0.05225846 0.05036319 0.01839388
v 0.04800669 0.05461497 0.01839388
v 0.0389574 0.04985975 0.01839388
v 0.0424972 0.05339955 0.01839388
v 0.04199376 0.05461497 0.01839388
v 0.03774199 0.05036319 0.01839388
v 0.04199376 0.05461497 0.01695023
v 0.03774199 0.05036319 0.01695023
v 0.03774199 0.05036319 0.01839388
v 0.04199376 0.05461497 0.01839388
v 0.05225846 0.05036319 0.01695023
v 0.04800669 0.05461497 0.01695023
v 0.04800669 0.05461497 0.01839388
v 0.05225846 0.05036319 0.01839388
v 0.05104306 0.04131391 0.01839388
v 0.05104306 0.04131391 0.01719025
v 0.05104306 0.04131391 0.01839388
v 0.05225847 0.04009849 0.01839388
v 0.05225847 0.04009849 0.01695023
v 0.05225847 0.04009849 0.01839388
v 0.0389574 0.04131391 0.01839388
v 0.0389574 0.04131391 0.01719025
v 0.0389574 0.04131391 0.01839388
v 0.03774198 0.04009849 0.01839388
v 0.03774198 0.04009849 0.01695023
v 0.03774198 0.04009849 0.01839388
v 0.05104306 0.04131391 0.01719025
v 0.0389574 0.04131391 0.01719025
v 0.03774198 0.04009849 0.01695023
v 0.05225847 0.04009849 0.01695023
v 0.04800669 0.05461497 0.01695023
v 0.04199376 0.05461497 0.01695023
v 0.0424972 0.05339955 0.01719025
v 0.04750325 0.05339955 0.01719025
v 0.06880812 0.04439172 0.01806631
v 0.08216346 0.04439172 0.01806631
v 0.08216346 0.04532533 0.01806631
v 0.06880812 0.04532533 0.01806631
v 0.06880813 0.04439172 0.01754868
v 0.08216346 0.04439172 0.01754868
v 0.08216346 0.04439172 0.01806631
v 0.06880812 0.04439172 0.01806631
v 0.06880812 0.04532533 0.01806631
v 0.08216346 0.04532533 0.01806631
v 0.08216346 0.04532533 0.01754868
v 0.06880813 0.04532533 0.01754868
v 0.06880812 0.04824104 0.01806631
v 0.08216346 0.04824104 0.01806631
v 0.08216346 0.04917465 0.01806631
v 0.06880812 0.04917465 0.01806631
v 0.06880813 0.04824104 0.01754868
v 0.08216346 0.04824104 0.01754868
v 0.08216346 0.04824104 0.01806631
v 0.06880812 0.04824104 0.01806631
v 0.06880812 0.04917465 0.01806631
v 0.08216346 0.04917465 0.01806631
v 0.08216346 0.04917465 0.01754868
v 0.06880813 0.04917465 0.01754868
v 0.0759526 0.04067906 0.01827433
v 0.0759526 0.05403441 0.01827433
v 0.07501898 0.05403441 0.01827433
v 0.07501898 0.04067906 0.01827433
v 0.0759526 0.04067906 0.0173407
v 0.0759526 0.05403441 0.0173407
v 0.0759526 0.05403441 0.01827433
v 0.0759526 0.04067906 0.01827433
v 0.07501898 0.04067906 0.01827433
v 0.07501898 0.05403441 0.01827433
v 0.07501898 0.05403441 0.0173407
v 0.07501898 0.04067906 0.0173407
v 0.07298277 0.05339955 0.01839388
v 0.06944296 0.04985975 0.01839388
v 0.06944296 0.04985975 0.01719025
v 0.07298277 0.05339955 0.01719025
v 0.08152861 0.04985975 0.01839388
v 0.07798881 0.05339955 0.01839388
v 0.07798881 0.05339955 0.01719025
v 0.08152861 0.04985975 0.01719025
v 0.08152861 0.04985975 0.01719025
v 0.06944296 0.04985975 0.01719025
v 0.06944296 0.04131391 0.01719025
v 0.08152862 0.04131391 0.01719025
v 0.07798881 0.05339955 0.01839388
v 0.08152861 0.04985975 0.01839388
v 0.08274402 0.05036319 0.01839388
v 0.07849226 0.05461497 0.01839388
v 0.06944296 0.04985975 0.01839388
v 0.07298277 0.05339955 0.01839388
v 0.07247933 0.05461497 0.01839388
v 0.06822755 0.05036319 0.01839388
v 0.07247933 0.05461497 0.01695023
v 0.06822755 0.05036319 0.01695023
v 0.06822755 0.05036319 0.01839388
v 0.07247933 0.05461497 0.01839388
v 0.08274402 0.05036319 0.01695023
v 0.07849226 0.05461497 0.01695023
v 0.07849226 0.05461497 0.01839388
v 0.08274402 0.05036319 0.01839388
v 0.08152862 0.04131391 0.01839388
v 0.08152862 0.04131391 0.01719025
v 0.08152862 0.04131391 0.01839388
v 0.08274404 0.04009849 0.01839388
v 0.08274404 0.04009849 0.01695023
v 0.08274404 0.04009849 0.01839388
v 0.06944296 0.04131391 0.01839388
v 0.06944296 0.04131391 0.01719025
v 0.06944296 0.04131391 0.01839388
v 0.06822755 0.04009849 0.01839388
v 0.06822755 0.04009849 0.01695023
v 0.06822755 0.04009849 0.01839388
v 0.08152862 0.04131391 0.01719025
v 0.06944296 0.04131391 0.01719025
v 0.06822755 0.04009849 0.01695023
v 0.08274404 0.04009849 0.01695023
v 0.07849226 0.05461497 0.01695023
v 0.07247933 0.05461497 0.01695023
v 0.07298277 0.05339955 0.01719025
v 0.07798881 0.05339955 0.01719025
v -0.09487702 0.03142504 0.01695024
v -0.09487702 0.06285008 0.01695024
v -0.09487702 0.06285008 -0.04589985
v -0.09487702 0.03142504 -0.04589985
v 0.09367328 0.03142504 0.01695022
v 0.09367328 0.03142504 -0.04589986
v 0.09367328 0.06285008 -0.04589986
v 0.09367328 0.06285008 0.01695022
v 0.09367328 0.03142504 -0.04589986
v 0.09367328 0.03142504 -0.10874994
v 0.09367328 0.06285008 -0.10874994
v 0.09367328 0.06285008 -0.04589986
v 0.09367328 0.03142504 -0.10874994
v 0.0308232 0.03142504 -0.10874994
v 0.0308232 0.06285007 -0.10874994
v 0.09367328 0.06285007 -0.10874994
v 0.0308232 0.03142504 -0.10874994
v -0.03202688 0.03142504 -0.10874994
v -0.03202688 0.06285007 -0.10874994
v 0.0308232 0.06285007 -0.10874994
v -0.03202688 0.03142504 -0.10874994
v -0.03202688 0.03142504 -0.04589986
v -0.03202688 0.06285007 -0.04589986
v -0.03202688 0.06285007 -0.10874994
v -0.03202688 0.03142504 -0.04589986
v -0.09487696 0.03142504 -0.04589986
v -0.09487696 0.06285007 -0.04589986
v -0.03202688 0.06285007 -0.04589986
v -0.09599309 0.04439172 -0.03693953
v -0.09599309 0.04439172 -0.02358419
v -0.09599309 0.04532533 -0.02358419
v -0.09599309 0.04532533 -0.03693953
v -0.09547546 0.04439172 -0.03693953
v -0.09547546 0.04439172 -0.02358419
v -0.09599309 0.04439172 -0.02358419
v -0.09599309 0.04439172 -0.03693953
v -0.09599309 0.04532533 -0.03693953
v -0.09599309 0.04532533 -0.02358419
v -0.09547546 0.04532533 -0.02358419
v -0.09547546 0.04532533 -0.03693953
v -0.09599309 0.04824104 -0.03693953
v -0.09599309 0.04824104 -0.02358419
v -0.09599309 0.04917465 -0.02358419
v -0.09599309 0.04917465 -0.03693953
v -0.09547546 0.04824104 -0.03693953
v -0.09547546 0.04824104 -0.02358419
v -0.09599309 0.04824104 -0.02358419
v -0.09599309 0.04824104 -0.03693953
v -0.09599309 0.04917465 -0.03693953
v -0.09599309 0.04917465 -0.02358419
v -0.09547546 0.04917465 -0.02358419
v -0.09547546 0.04917465 -0.03693953
v -0.09620111 0.04067907 -0.02979505
v -0.09620111 0.05403441 -0.02979505
v -0.09620111 0.05403441 -0.03072867
v -0.09620111 0.04067907 -0.03072867
v -0.09526748 0.04067907 -0.02979505
v -0.09526748 0.05403441 -0.02979505
v -0.09620111 0.05403441 -0.02979505
v -0.09620111 0.04067907 -0.02979505
v -0.09620111 0.04067907 -0.03072867
v -0.09620111 0.05403441 -0.03072867
v -0.09526748 0.05403441 -0.03072867
v -0.09526748 0.04067907 -0.03072867
v -0.09632066 0.05339955 -0.03276488
v -0.09632066 0.04985975 -0.03630469
v -0.09511703 0.04985975 -0.03630469
v -0.09511703 0.05339955 -0.03276488
v -0.09632066 0.04985975 -0.02421905
v -0.09632066 0.05339955 -0.02775884
v -0.09511703 0.05339955 -0.02775884
v -0.09511703 0.04985975 -0.02421905
v -0.09511703 0.04985975 -0.02421905
v -0.09511703 0.04985975 -0.03630469
v -0.09511703 0.04131391 -0.03630469
v -0.09511703 0.04131391 -0.02421903
v -0.09632066 0.05339955 -0.02775884
v -0.09632066 0.04985975 -0.02421905
v -0.09632066 0.05036319 -0.02300363
v -0.09632066 0.05461497 -0.0272554
v -0.09632066 0.04985975 -0.03630469
v -0.09632066 0.05339955 -0.03276488
v -0.09632066 0.05461497 -0.03326832
v -0.09632066 0.05036319 -0.0375201
v -0.09487701 0.05461497 -0.03326832
v -0.09487701 0.05036319 -0.0375201
v -0.09632066 0.05036319 -0.0375201
v -0.09632066 0.05461497 -0.03326832
v -0.09487701 0.05036319 -0.02300363
v -0.09487701 0.05461497 -0.0272554
v -0.09632066 0.05461497 -0.0272554
v -0.09632066 0.05036319 -0.02300363
v -0.09632066 0.04131391 -0.02421903
v -0.09511703 0.04131391 -0.02421903
v -0.09632066 0.04131391 -0.02421903
v -0.09632066 0.04009849 -0.02300361
v -0.09487701 0.04009849 -0.02300361
v -0.09632066 0.04009849 -0.02300361
v -0.09632066 0.04131391 -0.03630469
v -0.09511703 0.04131391 -0.03630469
v -0.09632066 0.04131391 -0.03630469
v -0.09632066 0.04009849 -0.0375201
v -0.09487701 0.04009849 -0.0375201
v -0.09632066 0.04009849 -0.0375201
v -0.09511703 0.04131391 -0.02421903
v -0.09511703 0.04131391 -0.03630469
v -0.09487701 0.04009849 -0.0375201
v -0.09487701 0.04009849 -0.02300361
v -0.09487701 0.05461497 -0.0272554
v -0.09487701 0.05461497 -0.03326832
v -0.09511703 0.05339955 -0.03276488
v -0.09511703 0.05339955 -0.02775884
v -0.0959931 0.04439172 -0.00645397
v -0.0959931 0.04439172 0.00690137
v -0.0959931 0.04532533 0.00690137
v -0.0959931 0.04532533 -0.00645397
v -0.09547547 0.04439172 -0.00645396
v -0.09547547 0.04439172 0.00690137
v -0.0959931 0.04439172 0.00690137
v -0.0959931 0.04439172 -0.00645397
v -0.0959931 0.04532533 -0.00645397
v -0.0959931 0.04532533 0.00690137
v -0.09547547 0.04532533 0.00690137
v -0.09547547 0.04532533 -0.00645396
v -0.0959931 0.04824104 -0.00645397
v -0.0959931 0.04824104 0.00690137
v -0.0959931 0.04917465 0.00690137
v -0.0959931 0.04917465 -0.00645397
v -0.09547547 0.04824104 -0.00645396
v -0.09547547 0.04824104 0.00690137
v -0.0959931 0.04824104 0.00690137
v -0.0959931 0.04824104 -0.00645397
v -0.0959931 0.04917465 -0.00645397
v -0.0959931 0.04917465 0.00690137
v -0.09547547 0.04917465 0.00690137
v -0.09547547 0.04917465 -0.00645396
v -0.09620112 0.04067907 0.00069051
v -0.09620112 0.05403441 0.00069051
v -0.09620112 0.05403441 -0.0002431
v -0.09620112 0.04067907 -0.0002431
v -0.09526749 0.04067907 0.00069051
v -0.09526749 0.05403441 0.00069051
v -0.09620112 0.05403441 0.00069051
v -0.09620112 0.04067907 0.00069051
v -0.09620112 0.04067907 -0.0002431
v -0.09620112 0.05403441 -0.0002431
v -0.09526749 0.05403441 -0.0002431
v -0.09526749 0.04067907 -0.0002431
v -0.09632066 0.05339955 -0.00227932
v -0.09632066 0.04985975 -0.00581912
v -0.09511704 0.04985975 -0.00581912
v -0.09511704 0.05339955 -0.00227932
v -0.09632066 0.04985975 0.00626652
v -0.09632066 0.05339955 0.00272672
v -0.09511704 0.05339955 0.00272672
v -0.09511704 0.04985975 0.00626652
v -0.09511704 0.04985975 0.00626652
v -0.09511704 0.04985975 -0.00581912
v -0.09511704 0.04131391 -0.00581912
v -0.09511704 0.04131391 0.00626653
v -0.09632066 0.05339955 0.00272672
v -0.09632066 0.04985975 0.00626652
v -0.09632066 0.05036319 0.00748194
v -0.09632066 0.05461497 0.00323017
v -0.09632066 0.04985975 -0.00581912
v -0.09632066 0.05339955 -0.00227932
v -0.09632066 0.05461497 -0.00278276
v -0.09632066 0.05036319 -0.00703453
v -0.09487702 0.05461497 -0.00278276
v -0.09487702 0.05036319 -0.00703453
v -0.09632066 0.05036319 -0.00703453
v -0.09632066 0.05461497 -0.00278276
v -0.09487702 0.05036319 0.00748194
v -0.09487702 0.05461497 0.00323017
v -0.09632066 0.05461497 0.00323017
v -0.09632066 0.05036319 0.00748194
v -0.09632066 0.04131391 0.00626653
v -0.09511704 0.04131391 0.00626653
v -0.09632066 0.04131391 0.00626653
v -0.09632066 0.04009849 0.00748195
v -0.09487702 0.04009849 0.00748195
v -0.09632066 0.04009849 0.00748195
v -0.09632066 0.04131391 -0.00581912
v -0.09511704 0.04131391 -0.00581912
v -0.09632066 0.04131391 -0.00581912
v -0.09632066 0.04009849 -0.00703454
v -0.09487702 0.04009849 -0.00703454
v -0.09632066 0.04009849 -0.00703454
v -0.09511704 0.04131391 0.00626653
v -0.09511704 0.04131391 -0.00581912
v -0.09487702 0.04009849 -0.00703454
v -0.09487702 0.04009849 0.00748195
v -0.09487702 0.05461497 0.00323017
v -0.09487702 0.05461497 -0.00278276
v -0.09511704 0.05339955 -0.00227932
v -0.09511704 0.05339955 0.00272672
v -0.03314295 0.04439172 -0.09995063
v -0.03314295 0.04439172 -0.08659529
v -0.03314295 0.04532533 -0.08659529
v -0.03314295 0.04532533 -0.09995063
v -0.03262532 0.04439172 -0.09995062
v -0.03262532 0.04439172 -0.08659529
v -0.03314295 0.04439172 -0.08659529
v -0.03314295 0.04439172 -0.09995063
v -0.03314295 0.04532533 -0.09995063
v -0.03314295 0.04532533 -0.08659529
v -0.03262532 0.04532533 -0.08659529
v -0.03262532 0.04532533 -0.09995062
v -0.03314295 0.04824104 -0.09995063
v -0.03314295 0.04824104 -0.08659529
v -0.03314295 0.04917465 -0.08659529
v -0.03314295 0.04917465 -0.09995063
v -0.03262532 0.04824104 -0.09995062
v -0.03262532 0.04824104 -0.08659529
v -0.03314295 0.04824104 -0.08659529
v -0.03314295 0.04824104 -0.09995063
v -0.03314295 0.04917465 -0.09995063
v -0.03314295 0.04917465 -0.08659529
v -0.03262532 0.04917465 -0.08659529
v -0.03262532 0.04917465 -0.09995062
v -0.03335097 0.04067907 -0.09280615
v -0.03335097 0.05403441 -0.09280615
v -0.03335097 0.05403441 -0.09373976
v -0.03335097 0.04067907 -0.09373976
v -0.03241734 0.04067907 -0.09280615
v -0.03241734 0.05403441 -0.09280615
v -0.03335097 0.05403441 -0.09280615
v -0.03335097 0.04067907 -0.09280615
v -0.03335097 0.04067907 -0.09373976
v -0.03335097 0.05403441 -0.09373976
v -0.03241734 0.05403441 -0.09373976
v -0.03241734 0.04067907 -0.09373976
v -0.03347052 0.05339955 -0.09577598
v -0.03347052 0.04985975 -0.09931578
v -0.03226689 0.04985975 -0.09931578
v -0.03226689 0.05339955 -0.09577598
v -0.03347052 0.04985975 -0.08723014
v -0.03347052 0.05339955 -0.09076994
v -0.03226689 0.05339955 -0.09076994
v -0.03226689 0.04985975 -0.08723014
v -0.03226689 0.04985975 -0.08723014
v -0.03226689 0.04985975 -0.09931578
v -0.03226689 0.04131391 -0.09931578
v -0.03226689 0.04131391 -0.08723013
v -0.03347052 0.05339955 -0.09076994
v -0.03347052 0.04985975 -0.08723014
v -0.03347052 0.05036319 -0.08601473
v -0.03347052 0.05461497 -0.09026649
v -0.03347052 0.04985975 -0.09931578
v -0.03347052 0.05339955 -0.09577598
v -0.03347052 0.05461497 -0.09627942
v -0.03347052 0.05036319 -0.10053119
v -0.03202687 0.05461497 -0.09627942
v -0.03202687 0.05036319 -0.10053119
v -0.03347052 0.05036319 -0.10053119
v -0.03347052 0.05461497 -0.09627942
v -0.03202687 0.05036319 -0.08601473
v -0.03202687 0.05461497 -0.09026649
v -0.03347052 0.05461497 -0.09026649
v -0.03347052 0.05036319 -0.08601473
v -0.03347052 0.04131391 -0.08723013
v -0.03226689 0.04131391 -0.08723013
v -0.03347052 0.04131391 -0.08723013
v -0.03347052 0.04009849 -0.08601471
v -0.03202687 0.04009849 -0.08601471
v -0.03347052 0.04009849 -0.08601471
v -0.03347052 0.04131391 -0.09931578
v -0.03226689 0.04131391 -0.09931578
v -0.03347052 0.04131391 -0.09931578
v -0.03347052 0.04009849 -0.1005312
v -0.03202687 0.04009849 -0.1005312
v -0.03347052 0.04009849 -0.1005312
v -0.03226689 0.04131391 -0.08723013
v -0.03226689 0.04131391 -0.09931578
v -0.03202687 0.04009849 -0.1005312
v -0.03202687 0.04009849 -0.08601471
v -0.03202687 0.05461497 -0.09026649
v -0.03202687 0.05461497 -0.09627942
v -0.03226689 0.05339955 -0.09577598
v -0.03226689 0.05339955 -0.09076994
v -0.03314296 0.04439172 -0.06946507
v -0.03314296 0.04439172 -0.05610973
v -0.03314296 0.04532533 -0.05610973
v -0.03314296 0.04532533 -0.06946507
v -0.03262533 0.04439172 -0.06946506
v -0.03262533 0.04439172 -0.05610973
v -0.03314296 0.04439172 -0.05610973
v -0.03314296 0.04439172 -0.06946507
v -0.03314296 0.04532533 -0.06946507
v -0.03314296 0.04532533 -0.05610973
v -0.03262533 0.04532533 -0.05610973
v -0.03262533 0.04532533 -0.06946506
v -0.03314296 0.04824104 -0.06946507
v -0.03314296 0.04824104 -0.05610973
v -0.03314296 0.04917465 -0.05610973
v -0.03314296 0.04917465 -0.06946507
v -0.03262533 0.04824104 -0.06946506
v -0.03262533 0.04824104 -0.05610973
v -0.03314296 0.04824104 -0.05610973
v -0.03314296 0.04824104 -0.06946507
v -0.03314296 0.04917465 -0.06946507
v -0.03314296 0.04917465 -0.05610973
v -0.03262533 0.04917465 -0.05610973
v -0.03262533 0.04917465 -0.06946506
v -0.03335098 0.04067907 -0.06232058
v -0.03335098 0.05403441 -0.06232058
v -0.03335098 0.05403441 -0.0632542
v -0.03335098 0.04067907 -0.0632542
v -0.03241734 0.04067907 -0.06232058
v -0.03241734 0.05403441 -0.06232058
v -0.03335098 0.05403441 -0.06232058
v -0.03335098 0.04067907 -0.06232058
v -0.03335098 0.04067907 -0.0632542
v -0.03335098 0.05403441 -0.0632542
v -0.03241734 0.05403441 -0.0632542
v -0.03241734 0.04067907 -0.0632542
v -0.03347052 0.05339955 -0.06529042
v -0.03347052 0.04985975 -0.06883022
v -0.0322669 0.04985975 -0.06883022
v -0.0322669 0.05339955 -0.06529042
v -0.03347052 0.04985975 -0.05674458
v -0.03347052 0.05339955 -0.06028438
v -0.0322669 0.05339955 -0.06028438
v -0.0322669 0.04985975 -0.05674458
v -0.0322669 0.04985975 -0.05674458
v -0.0322669 0.04985975 -0.06883022
v -0.0322669 0.04131391 -0.06883022
v -0.0322669 0.04131391 -0.05674456
v -0.03347052 0.05339955 -0.06028438
v -0.03347052 0.04985975 -0.05674458
v -0.03347052 0.05036319 -0.05552916
v -0.03347052 0.05461497 -0.05978093
v -0.03347052 0.04985975 -0.06883022
v -0.03347052 0.05339955 -0.06529042
v -0.03347052 0.05461497 -0.06579386
v -0.03347052 0.05036319 -0.07004563
v -0.03202688 0.05461497 -0.06579386
v -0.03202688 0.05036319 -0.07004563
v -0.03347052 0.05036319 -0.07004563
v -0.03347052 0.05461497 -0.06579386
v -0.03202688 0.05036319 -0.05552916
v -0.03202688 0.05461497 -0.05978093
v -0.03347052 0.05461497 -0.05978093
v -0.03347052 0.05036319 -0.05552916
v -0.03347052 0.04131391 -0.05674456
v -0.0322669 0.04131391 -0.05674456
v -0.03347052 0.04131391 -0.05674456
v -0.03347052 0.04009849 -0.05552915
v -0.03202688 0.04009849 -0.05552915
v -0.03347052 0.04009849 -0.05552915
v -0.03347052 0.04131391 -0.06883022
v -0.0322669 0.04131391 -0.06883022
v -0.03347052 0.04131391 -0.06883022
v -0.03347052 0.04009849 -0.07004564
v -0.03202688 0.04009849 -0.07004564
v -0.03347052 0.04009849 -0.07004564
v -0.0322669 0.04131391 -0.05674456
v -0.0322669 0.04131391 -0.06883022
v -0.03202688 0.04009849 -0.07004564
v -0.03202688 0.04009849 -0.05552915
v -0.03202688 0.05461497 -0.05978093
v -0.03202688 0.05461497 -0.06579386
v -0.0322669 0.05339955 -0.06529042
v -0.0322669 0.05339955 -0.06028438
v -0.04172328 0.04439172 -0.0470159
v -0.05507862 0.04439172 -0.0470159
v -0.05507862 0.04532533 -0.0470159
v -0.04172328 0.04532533 -0.0470159
v -0.04172328 0.04439172 -0.04649827
v -0.05507862 0.04439172 -0.04649827
v -0.05507862 0.04439172 -0.0470159
v -0.04172328 0.04439172 -0.0470159
v -0.04172328 0.04532533 -0.0470159
v -0.05507862 0.04532533 -0.0470159
v -0.05507862 0.04532533 -0.04649827
v -0.04172328 0.04532533 -0.04649827
v -0.04172328 0.04824104 -0.0470159
v -0.05507862 0.04824104 -0.0470159
v -0.05507862 0.04917465 -0.0470159
v -0.04172328 0.04917465 -0.0470159
v -0.04172328 0.04824104 -0.04649827
v -0.05507862 0.04824104 -0.04649827
v -0.05507862 0.04824104 -0.0470159
v -0.04172328 0.04824104 -0.0470159
v -0.04172328 0.04917465 -0.0470159
v -0.05507862 0.04917465 -0.0470159
v -0.05507862 0.04917465 -0.04649827
v -0.04172328 0.04917465 -0.04649827
v -0.04886776 0.04067907 -0.04722392
v -0.04886776 0.05403441 -0.04722392
v -0.04793414 0.05403441 -0.04722392
v -0.04793414 0.04067907 -0.04722392
v -0.04886776 0.04067907 -0.04629028
v -0.04886776 0.05403441 -0.04629028
v -0.04886776 0.05403441 -0.04722392
v -0.04886776 0.04067907 -0.04722392
v -0.04793414 0.04067907 -0.04722392
v -0.04793414 0.05403441 -0.04722392
v -0.04793414 0.05403441 -0.04629028
v -0.04793414 0.04067907 -0.04629028
v -0.04589793 0.05339955 -0.04734346
v -0.04235812 0.04985975 -0.04734346
v -0.04235812 0.04985975 -0.04613984
v -0.04589793 0.05339955 -0.04613984
v -0.05444376 0.04985975 -0.04734346
v -0.05090397 0.05339955 -0.04734346
v -0.05090397 0.05339955 -0.04613984
v -0.05444376 0.04985975 -0.04613984
v -0.05444376 0.04985975 -0.04613984
v -0.04235812 0.04985975 -0.04613984
v -0.04235812 0.04131391 -0.04613984
v -0.05444378 0.04131391 -0.04613984
v -0.05090397 0.05339955 -0.04734346
v -0.05444376 0.04985975 -0.04734346
v -0.05565918 0.05036319 -0.04734346
v -0.05140741 0.05461497 -0.04734346
v -0.04235812 0.04985975 -0.04734346
v -0.04589793 0.05339955 -0.04734346
v -0.04539449 0.05461497 -0.04734346
v -0.04114271 0.05036319 -0.04734346
v -0.04539449 0.05461497 -0.04589982
v -0.04114271 0.05036319 -0.04589982
v -0.04114271 0.05036319 -0.04734346
v -0.04539449 0.05461497 -0.04734346
v -0.05565918 0.05036319 -0.04589982
v -0.05140741 0.05461497 -0.04589982
v -0.05140741 0.05461497 -0.04734346
v -0.05565918 0.05036319 -0.04734346
v -0.05444378 0.04131391 -0.04734346
v -0.05444378 0.04131391 -0.04613984
v -0.05444378 0.04131391 -0.04734346
v -0.0556592 0.04009849 -0.04734346
v -0.0556592 0.04009849 -0.04589982
v -0.0556592 0.04009849 -0.04734346
v -0.04235812 0.04131391 -0.04734346
v -0.04235812 0.04131391 -0.04613984
v -0.04235812 0.04131391 -0.04734346
v -0.04114271 0.04009849 -0.04734346
v -0.04114271 0.04009849 -0.04589982
v -0.04114271 0.04009849 -0.04734346
v -0.05444378 0.04131391 -0.04613984
v -0.04235812 0.04131391 -0.04613984
v -0.04114271 0.04009849 -0.04589982
v -0.0556592 0.04009849 -0.04589982
v -0.05140741 0.05461497 -0.04589982
v -0.04539449 0.05461497 -0.04589982
v -0.04589793 0.05339955 -0.04613984
v -0.05090397 0.05339955 -0.04613984
v -0.07220884 0.04439172 -0.04701591
v -0.08556418 0.04439172 -0.04701591
v -0.08556418 0.04532533 -0.04701591
v -0.07220884 0.04532533 -0.04701591
v -0.07220885 0.04439172 -0.04649828
v -0.08556418 0.04439172 -0.04649828
v -0.08556418 0.04439172 -0.04701591
v -0.07220884 0.04439172 -0.04701591
v -0.07220884 0.04532533 -0.04701591
v -0.08556418 0.04532533 -0.04701591
v -0.08556418 0.04532533 -0.04649828
v -0.07220885 0.04532533 -0.04649828
v -0.07220884 0.04824104 -0.04701591
v -0.08556418 0.04824104 -0.04701591
v -0.08556418 0.04917465 -0.04701591
v -0.07220884 0.04917465 -0.04701591
v -0.07220885 0.04824104 -0.04649828
v -0.08556418 0.04824104 -0.04649828
v -0.08556418 0.04824104 -0.04701591
v -0.07220884 0.04824104 -0.04701591
v -0.07220884 0.04917465 -0.04701591
v -0.08556418 0.04917465 -0.04701591
v -0.08556418 0.04917465 -0.04649828
v -0.07220885 0.04917465 -0.04649828
v -0.07935332 0.04067907 -0.04722392
v -0.07935332 0.05403441 -0.04722392
v -0.07841971 0.05403441 -0.04722392
v -0.07841971 0.04067907 -0.04722392
v -0.07935332 0.04067907 -0.04629029
v -0.07935332 0.05403441 -0.04629029
v -0.07935332 0.05403441 -0.04722392
v -0.07935332 0.04067907 -0.04722392
v -0.07841971 0.04067907 -0.04722392
v -0.07841971 0.05403441 -0.04722392
v -0.07841971 0.05403441 -0.04629029
v -0.07841971 0.04067907 -0.04629029
v -0.07638349 0.05339955 -0.04734347
v -0.07284369 0.04985975 -0.04734347
v -0.07284369 0.04985975 -0.04613985
v -0.07638349 0.05339955 -0.04613985
v -0.08492933 0.04985975 -0.04734347
v -0.08138953 0.05339955 -0.04734347
v -0.08138953 0.05339955 -0.04613985
v -0.08492933 0.04985975 -0.04613985
v -0.08492933 0.04985975 -0.04613985
v -0.07284369 0.04985975 -0.04613985
v -0.07284369 0.04131391 -0.04613985
v -0.08492934 0.04131391 -0.04613985
v -0.08138953 0.05339955 -0.04734347
v -0.08492933 0.04985975 -0.04734347
v -0.08614475 0.05036319 -0.04734347
v -0.08189298 0.05461497 -0.04734347
v -0.07284369 0.04985975 -0.04734347
v -0.07638349 0.05339955 -0.04734347
v -0.07588005 0.05461497 -0.04734347
v -0.07162828 0.05036319 -0.04734347
v -0.07588005 0.05461497 -0.04589982
v -0.07162828 0.05036319 -0.04589982
v -0.07162828 0.05036319 -0.04734347
v -0.07588005 0.05461497 -0.04734347
v -0.08614475 0.05036319 -0.04589982
v -0.08189298 0.05461497 -0.04589982
v -0.08189298 0.05461497 -0.04734347
v -0.08614475 0.05036319 -0.04734347
v -0.08492934 0.04131391 -0.04734347
v -0.08492934 0.04131391 -0.04613985
v -0.08492934 0.04131391 -0.04734347
v -0.08614476 0.04009849 -0.04734347
v -0.08614476 0.04009849 -0.04589982
v -0.08614476 0.04009849 -0.04734347
v -0.07284369 0.04131391 -0.04734347
v -0.07284369 0.04131391 -0.04613985
v -0.07284369 0.04131391 -0.04734347
v -0.07162827 0.04009849 -0.04734347
v -0.07162827 0.04009849 -0.04589982
v -0.07162827 0.04009849 -0.04734347
v -0.08492934 0.04131391 -0.04613985
v -0.07284369 0.04131391 -0.04613985
v -0.07162827 0.04009849 -0.04589982
v -0.08614476 0.04009849 -0.04589982
v -0.08189298 0.05461497 -0.04589982
v -0.07588005 0.05461497 -0.04589982
v -0.07638349 0.05339955 -0.04613985
v -0.08138953 0.05339955 -0.04613985
v 0.02147451 0.04439172 -0.10986602
v 0.00811917 0.04439172 -0.10986602
v 0.00811917 0.04532533 -0.10986602
v 0.02147451 0.04532533 -0.10986602
v 0.0214745 0.04439172 -0.10934839
v 0.00811917 0.04439172 -0.10934839
v 0.00811917 0.04439172 -0.10986602
v 0.02147451 0.04439172 -0.10986602
v 0.02147451 0.04532533 -0.10986602
v 0.00811917 0.04532533 -0.10986602
v 0.00811917 0.04532533 -0.10934839
v 0.0214745 0.04532533 -0.10934839
v 0.02147451 0.04824104 -0.10986602
v 0.00811917 0.04824104 -0.10986602
v 0.00811917 0.04917465 -0.10986602
v 0.02147451 0.04917465 -0.10986602
v 0.0214745 0.04824104 -0.10934839
v 0.00811917 0.04824104 -0.10934839
v 0.00811917 0.04824104 -0.10986602
v 0.02147451 0.04824104 -0.10986602
v 0.02147451 0.04917465 -0.10986602
v 0.00811917 0.04917465 -0.10986602
v 0.00811917 0.04917465 -0.10934839
v 0.0214745 0.04917465 -0.10934839
v 0.01433002 0.04067907 -0.11007404
v 0.01433002 0.05403441 -0.11007404
v 0.01526364 0.05403441 -0.11007404
v 0.01526364 0.04067907 -0.11007404
v 0.01433002 0.04067907 -0.10914041
v 0.01433002 0.05403441 -0.10914041
v 0.01433002 0.05403441 -0.11007404
v 0.01433002 0.04067907 -0.11007404
v 0.01526364 0.04067907 -0.11007404
v 0.01526364 0.05403441 -0.11007404
v 0.01526364 0.05403441 -0.10914041
v 0.01526364 0.04067907 -0.10914041
v 0.01729986 0.05339955 -0.11019359
v 0.02083966 0.04985975 -0.11019359
v 0.02083966 0.04985975 -0.10898996
v 0.01729986 0.05339955 -0.10898996
v 0.00875402 0.04985975 -0.11019359
v 0.01229381 0.05339955 -0.11019359
v 0.01229381 0.05339955 -0.10898996
v 0.00875402 0.04985975 -0.10898996
v 0.00875402 0.04985975 -0.10898996
v 0.02083966 0.04985975 -0.10898996
v 0.02083966 0.04131391 -0.10898996
v 0.008754 0.04131391 -0.10898996
v 0.01229381 0.05339955 -0.11019359
v 0.00875402 0.04985975 -0.11019359
v 0.0075386 0.05036319 -0.11019359
v 0.01179037 0.05461497 -0.11019359
v 0.02083966 0.04985975 -0.11019359
v 0.01729986 0.05339955 -0.11019359
v 0.0178033 0.05461497 -0.11019359
v 0.02205507 0.05036319 -0.11019359
v 0.0178033 0.05461497 -0.10874994
v 0.02205507 0.05036319 -0.10874994
v 0.02205507 0.05036319 -0.11019359
v 0.0178033 0.05461497 -0.11019359
v 0.0075386 0.05036319 -0.10874994
v 0.01179037 0.05461497 -0.10874994
v 0.01179037 0.05461497 -0.11019359
v 0.0075386 0.05036319 -0.11019359
v 0.008754 0.04131391 -0.11019359
v 0.008754 0.04131391 -0.10898996
v 0.008754 0.04131391 -0.11019359
v 0.00753859 0.04009849 -0.11019359
v 0.00753859 0.04009849 -0.10874994
v 0.00753859 0.04009849 -0.11019359
v 0.02083966 0.04131391 -0.11019359
v 0.02083966 0.04131391 -0.10898996
v 0.02083966 0.04131391 -0.11019359
v 0.02205508 0.04009849 -0.11019359
v 0.02205508 0.04009849 -0.10874994
v 0.02205508 0.04009849 -0.11019359
v 0.008754 0.04131391 -0.10898996
v 0.02083966 0.04131391 -0.10898996
v 0.02205508 0.04009849 -0.10874994
v 0.00753859 0.04009849 -0.10874994
v 0.01179037 0.05461497 -0.10874994
v 0.0178033 0.05461497 -0.10874994
v 0.01729986 0.05339955 -0.10898996
v 0.01229381 0.05339955 -0.10898996
v -0.00901106 0.04439172 -0.10986604
v -0.0223664 0.04439172 -0.10986604
v -0.0223664 0.04532533 -0.10986604
v -0.00901106 0.04532533 -0.10986604
v -0.00901107 0.04439172 -0.10934841
v -0.0223664 0.04439172 -0.10934841
v -0.0223664 0.04439172 -0.10986604
v -0.00901106 0.04439172 -0.10986604
v -0.00901106 0.04532533 -0.10986604
v -0.0223664 0.04532533 -0.10986604
v -0.0223664 0.04532533 -0.10934841
v -0.00901107 0.04532533 -0.10934841
v -0.00901106 0.04824104 -0.10986604
v -0.0223664 0.04824104 -0.10986604
v -0.0223664 0.04917465 -0.10986604
v -0.00901106 0.04917465 -0.10986604
v -0.00901107 0.04824104 -0.10934841
v -0.0223664 0.04824104 -0.10934841
v -0.0223664 0.04824104 -0.10986604
v -0.00901106 0.04824104 -0.10986604
v -0.00901106 0.04917465 -0.10986604
v -0.0223664 0.04917465 -0.10986604
v -0.0223664 0.04917465 -0.10934841
v -0.00901107 0.04917465 -0.10934841
v -0.01615554 0.04067907 -0.11007405
v -0.01615554 0.05403441 -0.11007405
v -0.01522192 0.05403441 -0.11007405
v -0.01522192 0.04067907 -0.11007405
v -0.01615554 0.04067907 -0.10914042
v -0.01615554 0.05403441 -0.10914042
v -0.01615554 0.05403441 -0.11007405
v -0.01615554 0.04067907 -0.11007405
v -0.01522192 0.04067907 -0.11007405
v -0.01522192 0.05403441 -0.11007405
v -0.01522192 0.05403441 -0.10914042
v -0.01522192 0.04067907 -0.10914042
v -0.01318571 0.05339955 -0.1101936
v -0.0096459 0.04985975 -0.1101936
v -0.0096459 0.04985975 -0.10898998
v -0.01318571 0.05339955 -0.10898998
v -0.02173155 0.04985975 -0.1101936
v -0.01819175 0.05339955 -0.1101936
v -0.01819175 0.05339955 -0.10898998
v -0.02173155 0.04985975 -0.10898998
v -0.02173155 0.04985975 -0.10898998
v -0.0096459 0.04985975 -0.10898998
v -0.0096459 0.04131391 -0.10898998
v -0.02173156 0.04131391 -0.10898998
v -0.01819175 0.05339955 -0.1101936
v -0.02173155 0.04985975 -0.1101936
v -0.02294696 0.05036319 -0.1101936
v -0.0186952 0.05461497 -0.1101936
v -0.0096459 0.04985975 -0.1101936
v -0.01318571 0.05339955 -0.1101936
v -0.01268227 0.05461497 -0.1101936
v -0.00843049 0.05036319 -0.1101936
v -0.01268227 0.05461497 -0.10874995
v -0.00843049 0.05036319 -0.10874995
v -0.00843049 0.05036319 -0.1101936
v -0.01268227 0.05461497 -0.1101936
v -0.02294696 0.05036319 -0.10874995
v -0.0186952 0.05461497 -0.10874995
v -0.0186952 0.05461497 -0.1101936
v -0.02294696 0.05036319 -0.1101936
v -0.02173156 0.04131391 -0.1101936
v -0.02173156 0.04131391 -0.10898998
v -0.02173156 0.04131391 -0.1101936
v -0.02294698 0.04009849 -0.1101936
v -0.02294698 0.04009849 -0.10874995
v -0.02294698 0.04009849 -0.1101936
v -0.0096459 0.04131391 -0.1101936
v -0.0096459 0.04131391 -0.10898998
v -0.0096459 0.04131391 -0.1101936
v -0.00843049 0.04009849 -0.1101936
v -0.00843049 0.04009849 -0.10874995
v -0.00843049 0.04009849 -0.1101936
v -0.02173156 0.04131391 -0.10898998
v -0.0096459 0.04131391 -0.10898998
v -0.00843049 0.04009849 -0.10874995
v -0.02294698 0.04009849 -0.10874995
v -0.0186952 0.05461497 -0.10874995
v -0.01268227 0.05461497 -0.10874995
v -0.01318571 0.05339955 -0.10898998
v -0.01819175 0.05339955 -0.10898998
v 0.08139875 0.04439172 -0.10986602
v 0.06804341 0.04439172 -0.10986602
v 0.06804341 0.04532533 -0.10986602
v 0.08139875 0.04532533 -0.10986602
v 0.08139874 0.04439172 -0.10934839
v 0.06804341 0.04439172 -0.10934839
v 0.06804341 0.04439172 -0.10986602
v 0.08139875 0.04439172 -0.10986602
v 0.08139875 0.04532533 -0.10986602
v 0.06804341 0.04532533 -0.10986602
v 0.06804341 0.04532533 -0.10934839
v 0.08139874 0.04532533 -0.10934839
v 0.08139875 0.04824104 -0.10986602
v 0.06804341 0.04824104 -0.10986602
v 0.06804341 0.04917465 -0.10986602
v 0.08139875 0.04917465 -0.10986602
v 0.08139874 0.04824104 -0.10934839
v 0.06804341 0.04824104 -0.10934839
v 0.06804341 0.04824104 -0.10986602
v 0.08139875 0.04824104 -0.10986602
v 0.08139875 0.04917465 -0.10986602
v 0.06804341 0.04917465 -0.10986602
v 0.06804341 0.04917465 -0.10934839
v 0.08139874 0.04917465 -0.10934839
v 0.07425427 0.04067907 -0.11007404
v 0.07425427 0.05403441 -0.11007404
v 0.07518788 0.05403441 -0.11007404
v 0.07518788 0.04067907 -0.11007404
v 0.07425427 0.04067907 -0.10914041
v 0.07425427 0.05403441 -0.10914041
v 0.07425427 0.05403441 -0.11007404
v 0.07425427 0.04067907 -0.11007404
v 0.07518788 0.04067907 -0.11007404
v 0.07518788 0.05403441 -0.11007404
v 0.07518788 0.05403441 -0.10914041
v 0.07518788 0.04067907 -0.10914041
v 0.0772241 0.05339955 -0.11019359
v 0.0807639 0.04985975 -0.11019359
v 0.0807639 0.04985975 -0.10898996
v 0.0772241 0.05339955 -0.10898996
v 0.06867826 0.04985975 -0.11019359
v 0.07221806 0.05339955 -0.11019359
v 0.07221806 0.05339955 -0.10898996
v 0.06867826 0.04985975 -0.10898996
v 0.06867826 0.04985975 -0.10898996
v 0.0807639 0.04985975 -0.10898996
v 0.0807639 0.04131391 -0.10898996
v 0.06867825 0.04131391 -0.10898996
v 0.07221806 0.05339955 -0.11019359
v 0.06867826 0.04985975 -0.11019359
v 0.06746284 0.05036319 -0.11019359
v 0.07171461 0.05461497 -0.11019359
v 0.0807639 0.04985975 -0.11019359
v 0.0772241 0.05339955 -0.11019359
v 0.07772754 0.05461497 -0.11019359
v 0.08197931 0.05036319 -0.11019359
v 0.07772754 0.05461497 -0.10874994
v 0.08197931 0.05036319 -0.10874994
v 0.08197931 0.05036319 -0.11019359
v 0.07772754 0.05461497 -0.11019359
v 0.06746284 0.05036319 -0.10874994
v 0.07171461 0.05461497 -0.10874994
v 0.07171461 0.05461497 -0.11019359
v 0.06746284 0.05036319 -0.11019359
v 0.06867825 0.04131391 -0.11019359
v 0.06867825 0.04131391 -0.10898996
v 0.06867825 0.04131391 -0.11019359
v 0.06746283 0.04009849 -0.11019359
v 0.06746283 0.04009849 -0.10874994
v 0.06746283 0.04009849 -0.11019359
v 0.0807639 0.04131391 -0.11019359
v 0.0807639 0.04131391 -0.10898996
v 0.0807639 0.04131391 -0.11019359
v 0.08197932 0.04009849 -0.11019359
v 0.08197932 0.04009849 -0.10874994
v 0.08197932 0.04009849 -0.11019359
v 0.06867825 0.04131391 -0.10898996
v 0.0807639 0.04131391 -0.10898996
v 0.08197932 0.04009849 -0.10874994
v 0.06746283 0.04009849 -0.10874994
v 0.07171461 0.05461497 -0.10874994
v 0.07772754 0.05461497 -0.10874994
v 0.0772241 0.05339955 -0.10898996
v 0.07221806 0.05339955 -0.10898996
v 0.05091318 0.04439172 -0.10986604
v 0.03755784 0.04439172 -0.10986604
v 0.03755784 0.04532533 -0.10986604
v 0.05091318 0.04532533 -0.10986604
v 0.05091318 0.04439172 -0.10934841
v 0.03755784 0.04439172 -0.10934841
v 0.03755784 0.04439172 -0.10986604
v 0.05091318 0.04439172 -0.10986604
v 0.05091318 0.04532533 -0.10986604
v 0.03755784 0.04532533 -0.10986604
v 0.03755784 0.04532533 -0.10934841
v 0.05091318 0.04532533 -0.10934841
v 0.05091318 0.04824104 -0.10986604
v 0.03755784 0.04824104 -0.10986604
v 0.03755784 0.04917465 -0.10986604
v 0.05091318 0.04917465 -0.10986604
v 0.05091318 0.04824104 -0.10934841
v 0.03755784 0.04824104 -0.10934841
v 0.03755784 0.04824104 -0.10986604
v 0.05091318 0.04824104 -0.10986604
v 0.05091318 0.04917465 -0.10986604
v 0.03755784 0.04917465 -0.10986604
v 0.03755784 0.04917465 -0.10934841
v 0.05091318 0.04917465 -0.10934841
v 0.0437687 0.04067907 -0.11007405
v 0.0437687 0.05403441 -0.11007405
v 0.04470232 0.05403441 -0.11007405
v 0.04470232 0.04067907 -0.11007405
v 0.0437687 0.04067907 -0.10914042
v 0.0437687 0.05403441 -0.10914042
v 0.0437687 0.05403441 -0.11007405
v 0.0437687 0.04067907 -0.11007405
v 0.04470232 0.04067907 -0.11007405
v 0.04470232 0.05403441 -0.11007405
v 0.04470232 0.05403441 -0.10914042
v 0.04470232 0.04067907 -0.10914042
v 0.04673853 0.05339955 -0.1101936
v 0.05027834 0.04985975 -0.1101936
v 0.05027834 0.04985975 -0.10898998
v 0.04673853 0.05339955 -0.10898998
v 0.0381927 0.04985975 -0.1101936
v 0.04173249 0.05339955 -0.1101936
v 0.04173249 0.05339955 -0.10898998
v 0.0381927 0.04985975 -0.10898998
v 0.0381927 0.04985975 -0.10898998
v 0.05027834 0.04985975 -0.10898998
v 0.05027834 0.04131391 -0.10898998
v 0.03819268 0.04131391 -0.10898998
v 0.04173249 0.05339955 -0.1101936
v 0.0381927 0.04985975 -0.1101936
v 0.03697728 0.05036319 -0.1101936
v 0.04122905 0.05461497 -0.1101936
v 0.05027834 0.04985975 -0.1101936
v 0.04673853 0.05339955 -0.1101936
v 0.04724197 0.05461497 -0.1101936
v 0.05149375 0.05036319 -0.1101936
v 0.04724197 0.05461497 -0.10874995
v 0.05149375 0.05036319 -0.10874995
v 0.05149375 0.05036319 -0.1101936
v 0.04724197 0.05461497 -0.1101936
v 0.03697728 0.05036319 -0.10874995
v 0.04122905 0.05461497 -0.10874995
v 0.04122905 0.05461497 -0.1101936
v 0.03697728 0.05036319 -0.1101936
v 0.03819268 0.04131391 -0.1101936
v 0.03819268 0.04131391 -0.10898998
v 0.03819268 0.04131391 -0.1101936
v 0.03697726 0.04009849 -0.1101936
v 0.03697726 0.04009849 -0.10874995
v 0.03697726 0.04009849 -0.1101936
v 0.05027834 0.04131391 -0.1101936
v 0.05027834 0.04131391 -0.10898998
v 0.05027834 0.04131391 -0.1101936
v 0.05149376 0.04009849 -0.1101936
v 0.05149376 0.04009849 -0.10874995
v 0.05149376 0.04009849 -0.1101936
v 0.03819268 0.04131391 -0.10898998
v 0.05027834 0.04131391 -0.10898998
v 0.05149376 0.04009849 -0.10874995
v 0.03697726 0.04009849 -0.10874995
v 0.04122905 0.05461497 -0.10874995
v 0.04724197 0.05461497 -0.10874995
v 0.04673853 0.05339955 -0.10898998
v 0.04173249 0.05339955 -0.10898998
v 0.0947894 0.04439172 -0.05456029
v 0.0947894 0.04439172 -0.06791562
v 0.0947894 0.04532533 -0.06791562
v 0.0947894 0.04532533 -0.05456029
v 0.09427177 0.04439172 -0.05456029
v 0.09427177 0.04439172 -0.06791562
v 0.0947894 0.04439172 -0.06791562
v 0.0947894 0.04439172 -0.05456029
v 0.0947894 0.04532533 -0.05456029
v 0.0947894 0.04532533 -0.06791562
v 0.09427177 0.04532533 -0.06791562
v 0.09427177 0.04532533 -0.05456029
v 0.0947894 0.04824104 -0.05456029
v 0.0947894 0.04824104 -0.06791562
v 0.0947894 0.04917465 -0.06791562
v 0.0947894 0.04917465 -0.05456029
v 0.09427177 0.04824104 -0.05456029
v 0.09427177 0.04824104 -0.06791562
v 0.0947894 0.04824104 -0.06791562
v 0.0947894 0.04824104 -0.05456029
v 0.0947894 0.04917465 -0.05456029
v 0.0947894 0.04917465 -0.06791562
v 0.09427177 0.04917465 -0.06791562
v 0.09427177 0.04917465 -0.05456029
v 0.09499742 0.04067907 -0.06170476
v 0.09499742 0.05403441 -0.06170476
v 0.09499742 0.05403441 -0.06077114
v 0.09499742 0.04067907 -0.06077114
v 0.09406378 0.04067907 -0.06170476
v 0.09406378 0.05403441 -0.06170476
v 0.09499742 0.05403441 -0.06170476
v 0.09499742 0.04067907 -0.06170476
v 0.09499742 0.04067907 -0.06077114
v 0.09499742 0.05403441 -0.06077114
v 0.09406378 0.05403441 -0.06077114
v 0.09406378 0.04067907 -0.06077114
v 0.09511696 0.05339955 -0.05873493
v 0.09511696 0.04985975 -0.05519512
v 0.09391334 0.04985975 -0.05519512
v 0.09391334 0.05339955 -0.05873493
v 0.09511696 0.04985975 -0.06728076
v 0.09511696 0.05339955 -0.06374098
v 0.09391334 0.05339955 -0.06374098
v 0.09391334 0.04985975 -0.06728076
v 0.09391334 0.04985975 -0.06728076
v 0.09391334 0.04985975 -0.05519512
v 0.09391334 0.04131391 -0.05519512
v 0.09391334 0.04131391 -0.06728078
v 0.09511696 0.05339955 -0.06374098
v 0.09511696 0.04985975 -0.06728076
v 0.09511696 0.05036319 -0.06849618
v 0.09511696 0.05461497 -0.06424441
v 0.09511696 0.04985975 -0.05519512
v 0.09511696 0.05339955 -0.05873493
v 0.09511696 0.05461497 -0.05823149
v 0.09511696 0.05036319 -0.05397972
v 0.09367332 0.05461497 -0.05823149
v 0.09367332 0.05036319 -0.05397972
v 0.09511696 0.05036319 -0.05397972
v 0.09511696 0.05461497 -0.05823149
v 0.09367332 0.05036319 -0.06849618
v 0.09367332 0.05461497 -0.06424441
v 0.09511696 0.05461497 -0.06424441
v 0.09511696 0.05036319 -0.06849618
v 0.09511696 0.04131391 -0.06728078
v 0.09391334 0.04131391 -0.06728078
v 0.09511696 0.04131391 -0.06728078
v 0.09511696 0.04009849 -0.0684962
v 0.09367332 0.04009849 -0.0684962
v 0.09511696 0.04009849 -0.0684962
v 0.09511696 0.04131391 -0.05519512
v 0.09391334 0.04131391 -0.05519512
v 0.09511696 0.04131391 -0.05519512
v 0.09511696 0.04009849 -0.05397971
v 0.09367332 0.04009849 -0.05397971
v 0.09511696 0.04009849 -0.05397971
v 0.09391334 0.04131391 -0.06728078
v 0.09391334 0.04131391 -0.05519512
v 0.09367332 0.04009849 -0.05397971
v 0.09367332 0.04009849 -0.0684962
v 0.09367332 0.05461497 -0.06424441
v 0.09367332 0.05461497 -0.05823149
v 0.09391334 0.05339955 -0.05873493
v 0.09391334 0.05339955 -0.06374098
v 0.09478942 0.04439172 -0.08504584
v 0.09478942 0.04439172 -0.09840118
v 0.09478942 0.04532533 -0.09840118
v 0.09478942 0.04532533 -0.08504584
v 0.09427179 0.04439172 -0.08504585
v 0.09427179 0.04439172 -0.09840118
v 0.09478942 0.04439172 -0.09840118
v 0.09478942 0.04439172 -0.08504584
v 0.09478942 0.04532533 -0.08504584
v 0.09478942 0.04532533 -0.09840118
v 0.09427179 0.04532533 -0.09840118
v 0.09427179 0.04532533 -0.08504585
v 0.09478942 0.04824104 -0.08504584
v 0.09478942 0.04824104 -0.09840118
v 0.09478942 0.04917465 -0.09840118
v 0.09478942 0.04917465 -0.08504584
v 0.09427179 0.04824104 -0.08504585
v 0.09427179 0.04824104 -0.09840118
v 0.09478942 0.04824104 -0.09840118
v 0.09478942 0.04824104 -0.08504584
v 0.09478942 0.04917465 -0.08504584
v 0.09478942 0.04917465 -0.09840118
v 0.09427179 0.04917465 -0.09840118
v 0.09427179 0.04917465 -0.08504585
v 0.09499743 0.04067907 -0.09219032
v 0.09499743 0.05403441 -0.09219032
v 0.09499743 0.05403441 -0.09125671
v 0.09499743 0.04067907 -0.09125671
v 0.0940638 0.04067907 -0.09219032
v 0.0940638 0.05403441 -0.09219032
v 0.09499743 0.05403441 -0.09219032
v 0.09499743 0.04067907 -0.09219032
v 0.09499743 0.04067907 -0.09125671
v 0.09499743 0.05403441 -0.09125671
v 0.0940638 0.05403441 -0.09125671
v 0.0940638 0.04067907 -0.09125671
v 0.09511698 0.05339955 -0.08922049
v 0.09511698 0.04985975 -0.08568069
v 0.09391335 0.04985975 -0.08568069
v 0.09391335 0.05339955 -0.08922049
v 0.09511698 0.04985975 -0.09776633
v 0.09511698 0.05339955 -0.09422653
v 0.09391335 0.05339955 -0.09422653
v 0.09391335 0.04985975 -0.09776633
v 0.09391335 0.04985975 -0.09776633
v 0.09391335 0.04985975 -0.08568069
v 0.09391335 0.04131391 -0.08568069
v 0.09391335 0.04131391 -0.09776634
v 0.09511698 0.05339955 -0.09422653
v 0.09511698 0.04985975 -0.09776633
v 0.09511698 0.05036319 -0.09898175
v 0.09511698 0.05461497 -0.09472998
v 0.09511698 0.04985975 -0.08568069
v 0.09511698 0.05339955 -0.08922049
v 0.09511698 0.05461497 -0.08871705
v 0.09511698 0.05036319 -0.08446528
v 0.09367333 0.05461497 -0.08871705
v 0.09367333 0.05036319 -0.08446528
v 0.09511698 0.05036319 -0.08446528
v 0.09511698 0.05461497 -0.08871705
v 0.09367333 0.05036319 -0.09898175
v 0.09367333 0.05461497 -0.09472998
v 0.09511698 0.05461497 -0.09472998
v 0.09511698 0.05036319 -0.09898175
v 0.09511698 0.04131391 -0.09776634
v 0.09391335 0.04131391 -0.09776634
v 0.09511698 0.04131391 -0.09776634
v 0.09511698 0.04009849 -0.09898176
v 0.09367333 0.04009849 -0.09898176
v 0.09511698 0.04009849 -0.09898176
v 0.09511698 0.04131391 -0.08568069
v 0.09391335 0.04131391 -0.08568069
v 0.09511698 0.04131391 -0.08568069
v 0.09511698 0.04009849 -0.08446527
v 0.09367333 0.04009849 -0.08446527
v 0.09511698 0.04009849 -0.08446527
v 0.09391335 0.04131391 -0.09776634
v 0.09391335 0.04131391 -0.08568069
v 0.09367333 0.04009849 -0.08446527
v 0.09367333 0.04009849 -0.09898176
v 0.09367333 0.05461497 -0.09472998
v 0.09367333 0.05461497 -0.08871705
v 0.09391335 0.05339955 -0.08922049
v 0.09391335 0.05339955 -0.09422653
v 0.0947894 0.04439172 0.01194801
v 0.0947894 0.04439172 -0.00140732
v 0.0947894 0.04532533 -0.00140732
v 0.0947894 0.04532533 0.01194801
v 0.09427177 0.04439172 0.01194801
v 0.09427177 0.04439172 -0.00140732
v 0.0947894 0.04439172 -0.00140732
v 0.0947894 0.04439172 0.01194801
v 0.0947894 0.04532533 0.01194801
v 0.0947894 0.04532533 -0.00140732
v 0.09427177 0.04532533 -0.00140732
v 0.09427177 0.04532533 0.01194801
v 0.0947894 0.04824104 0.01194801
v 0.0947894 0.04824104 -0.00140732
v 0.0947894 0.04917465 -0.00140732
v 0.0947894 0.04917465 0.01194801
v 0.09427177 0.04824104 0.01194801
v 0.09427177 0.04824104 -0.00140732
v 0.0947894 0.04824104 -0.00140732
v 0.0947894 0.04824104 0.01194801
v 0.0947894 0.04917465 0.01194801
v 0.0947894 0.04917465 -0.00140732
v 0.09427177 0.04917465 -0.00140732
v 0.09427177 0.04917465 0.01194801
v 0.09499742 0.04067907 0.00480354
v 0.09499742 0.05403441 0.00480354
v 0.09499742 0.05403441 0.00573716
v 0.09499742 0.04067907 0.00573716
v 0.09406378 0.04067907 0.00480354
v 0.09406378 0.05403441 0.00480354
v 0.09499742 0.05403441 0.00480354
v 0.09499742 0.04067907 0.00480354
v 0.09499742 0.04067907 0.00573716
v 0.09499742 0.05403441 0.00573716
v 0.09406378 0.05403441 0.00573716
v 0.09406378 0.04067907 0.00573716
v 0.09511696 0.05339955 0.00777337
v 0.09511696 0.04985975 0.01131318
v 0.09391334 0.04985975 0.01131318
v 0.09391334 0.05339955 0.00777337
v 0.09511696 0.04985975 -0.00077247
v 0.09511696 0.05339955 0.00276732
v 0.09391334 0.05339955 0.00276732
v 0.09391334 0.04985975 -0.00077247
v 0.09391334 0.04985975 -0.00077247
v 0.09391334 0.04985975 0.01131318
v 0.09391334 0.04131391 0.01131318
v 0.09391334 0.04131391 -0.00077248
v 0.09511696 0.05339955 0.00276732
v 0.09511696 0.04985975 -0.00077247
v 0.09511696 0.05036319 -0.00198788
v 0.09511696 0.05461497 0.00226388
v 0.09511696 0.04985975 0.01131318
v 0.09511696 0.05339955 0.00777337
v 0.09511696 0.05461497 0.00827681
v 0.09511696 0.05036319 0.01252858
v 0.09367332 0.05461497 0.00827681
v 0.09367332 0.05036319 0.01252858
v 0.09511696 0.05036319 0.01252858
v 0.09511696 0.05461497 0.00827681
v 0.09367332 0.05036319 -0.00198788
v 0.09367332 0.05461497 0.00226388
v 0.09511696 0.05461497 0.00226388
v 0.09511696 0.05036319 -0.00198788
v 0.09511696 0.04131391 -0.00077248
v 0.09391334 0.04131391 -0.00077248
v 0.09511696 0.04131391 -0.00077248
v 0.09511696 0.04009849 -0.0019879
v 0.09367332 0.04009849 -0.0019879
v 0.09511696 0.04009849 -0.0019879
v 0.09511696 0.04131391 0.01131318
v 0.09391334 0.04131391 0.01131318
v 0.09511696 0.04131391 0.01131318
v 0.09511696 0.04009849 0.01252859
v 0.09367332 0.04009849 0.01252859
v 0.09511696 0.04009849 0.01252859
v 0.09391334 0.04131391 -0.00077248
v 0.09391334 0.04131391 0.01131318
v 0.09367332 0.04009849 0.01252859
v 0.09367332 0.04009849 -0.0019879
v 0.09367332 0.05461497 0.00226388
v 0.09367332 0.05461497 0.00827681
v 0.09391334 0.05339955 0.00777337
v 0.09391334 0.05339955 0.00276732
v 0.09478942 0.04439172 -0.01853754
v 0.09478942 0.04439172 -0.03189288
v 0.09478942 0.04532533 -0.03189288
v 0.09478942 0.04532533 -0.01853754
v 0.09427179 0.04439172 -0.01853755
v 0.09427179 0.04439172 -0.03189288
v 0.09478942 0.04439172 -0.03189288
v 0.09478942 0.04439172 -0.01853754
v 0.09478942 0.04532533 -0.01853754
v 0.09478942 0.04532533 -0.03189288
v 0.09427179 0.04532533 -0.03189288
v 0.09427179 0.04532533 -0.01853755
v 0.09478942 0.04824104 -0.01853754
v 0.09478942 0.04824104 -0.03189288
v 0.09478942 0.04917465 -0.03189288
v 0.09478942 0.04917465 -0.01853754
v 0.09427179 0.04824104 -0.01853755
v 0.09427179 0.04824104 -0.03189288
v 0.09478942 0.04824104 -0.03189288
v 0.09478942 0.04824104 -0.01853754
v 0.09478942 0.04917465 -0.01853754
v 0.09478942 0.04917465 -0.03189288
v 0.09427179 0.04917465 -0.03189288
v 0.09427179 0.04917465 -0.01853755
v 0.09499743 0.04067907 -0.02568202
v 0.09499743 0.05403441 -0.02568202
v 0.09499743 0.05403441 -0.02474841
v 0.09499743 0.04067907 -0.02474841
v 0.0940638 0.04067907 -0.02568202
v 0.0940638 0.05403441 -0.02568202
v 0.09499743 0.05403441 -0.02568202
v 0.09499743 0.04067907 -0.02568202
v 0.09499743 0.04067907 -0.02474841
v 0.09499743 0.05403441 -0.02474841
v 0.0940638 0.05403441 -0.02474841
v 0.0940638 0.04067907 -0.02474841
v 0.09511698 0.05339955 -0.02271219
v 0.09511698 0.04985975 -0.01917239
v 0.09391335 0.04985975 -0.01917239
v 0.09391335 0.05339955 -0.02271219
v 0.09511698 0.04985975 -0.03125803
v 0.09511698 0.05339955 -0.02771823
v 0.09391335 0.05339955 -0.02771823
v 0.09391335 0.04985975 -0.03125803
v 0.09391335 0.04985975 -0.03125803
v 0.09391335 0.04985975 -0.01917239
v 0.09391335 0.04131391 -0.01917239
v 0.09391335 0.04131391 -0.03125804
v 0.09511698 0.05339955 -0.02771823
v 0.09511698 0.04985975 -0.03125803
v 0.09511698 0.05036319 -0.03247345
v 0.09511698 0.05461497 -0.02822168
v 0.09511698 0.04985975 -0.01917239
v 0.09511698 0.05339955 -0.02271219
v 0.09511698 0.05461497 -0.02220875
v 0.09511698 0.05036319 -0.01795698
v 0.09367333 0.05461497 -0.02220875
v 0.09367333 0.05036319 -0.01795698
v 0.09511698 0.05036319 -0.01795698
v 0.09511698 0.05461497 -0.02220875
v 0.09367333 0.05036319 -0.03247345
v 0.09367333 0.05461497 -0.02822168
v 0.09511698 0.05461497 -0.02822168
v 0.09511698 0.05036319 -0.03247345
v 0.09511698 0.04131391 -0.03125804
v 0.09391335 0.04131391 -0.03125804
v 0.09511698 0.04131391 -0.03125804
v 0.09511698 0.04009849 -0.03247346
v 0.09367333 0.04009849 -0.03247346
v 0.09511698 0.04009849 -0.03247346
v 0.09511698 0.04131391 -0.01917239
v 0.09391335 0.04131391 -0.01917239
v 0.09511698 0.04131391 -0.01917239
v 0.09511698 0.04009849 -0.01795697
v 0.09367333 0.04009849 -0.01795697
v 0.09511698 0.04009849 -0.01795697
v 0.09391335 0.04131391 -0.03125804
v 0.09391335 0.04131391 -0.01917239
v 0.09367333 0.04009849 -0.01795697
v 0.09367333 0.04009849 -0.03247346
v 0.09367333 0.05461497 -0.02822168
v 0.09367333 0.05461497 -0.02220875
v 0.09391335 0.05339955 -0.02271219
v 0.09391335 0.05339955 -0.02771823
v 0.03980178 0.06285008 0.01695024
v 0.04429105 0.06285008 0.01796958
v 0.04429105 0.0650251 0.01785526
v 0.03980178 0.06455607 0.01695024
v 0.0802054 0.06285008 0.01796958
v 0.08469467 0.06285008 0.01695024
v 0.08469467 0.06455607 0.01695024
v 0.0802054 0.0650251 0.01785526
v 0.04878035 0.06285008 0.01695024
v 0.04878035 0.06455607 0.01695024
v 0.07122682 0.06285008 0.01796958
v 0.07571609 0.06285008 0.01695024
v 0.07571609 0.06455607 0.01695024
v 0.07122682 0.0650251 0.01785526
v 0.03531247 0.06285008 0.01796958
v 0.03980178 0.06285008 0.01695024
v 0.03980178 0.06455607 0.01695024
v 0.03531247 0.0650251 0.01785526
v 0.05326963 0.06285008 0.01796958
v 0.05775893 0.06285008 0.01695024
v 0.05775893 0.06455607 0.01695024
v 0.05326963 0.0650251 0.01785526
v 0.06224821 0.06285008 0.01796958
v 0.06673751 0.06285008 0.01695024
v 0.06673751 0.06455607 0.01695024
v 0.06224821 0.0650251 0.01785526
v 0.06673751 0.06285008 0.01695024
v 0.06673751 0.06455607 0.01695024
v 0.07571609 0.06285008 0.01695024
v 0.07571609 0.06455607 0.01695024
v 0.05775893 0.06285008 0.01695024
v 0.05775893 0.06455607 0.01695024
v 0.04878035 0.06285008 0.01695024
v 0.04878035 0.06455607 0.01695024
v 0.09367328 0.06285008 -0.0144748
v 0.09367328 0.06455607 -0.0144748
v 0.09367329 0.06455607 0.01695024
v 0.09367329 0.06285008 0.01695024
v 0.03980175 0.07985452 -0.00216187
v 0.03980175 0.08750373 -0.00824754
v 0.03531247 0.08809462 -0.00741693
v 0.03531247 0.08054805 -0.00141483
v 0.08918398 0.06285008 0.01796958
v 0.09367329 0.06285008 0.01695024
v 0.09367329 0.06455607 0.01695024
v 0.08918398 0.0650251 0.01785525
v 0.09367325 0.07220528 -0.0144748
v 0.09367325 0.07220528 0.00611022
v 0.09367325 0.09515295 -0.01309245
v 0.09367325 0.09515295 -0.0144748
v 0.08918397 0.09617229 -0.0144748
v 0.08918397 0.09604597 -0.01260098
v 0.03980175 0.09515295 -0.01309244
v 0.03980178 0.09515295 -0.01447479
v 0.03531247 0.09617229 -0.01447479
v 0.03531247 0.09604597 -0.01260097
v 0.03980175 0.07220528 0.00611024
v 0.03531247 0.07299764 0.0067515
v 0.09367325 0.0798545 -0.0144748
v 0.09367325 0.08750373 -0.0144748
v 0.09367325 0.08750373 -0.00824755
v 0.09367325 0.0798545 -0.00216188
v 0.09367325 0.09515295 -0.0144748
v 0.09367325 0.09515295 -0.01309245
v 0.04429105 0.08054805 -0.00141483
v 0.04429105 0.08809462 -0.00741694
v 0.03980175 0.08750373 -0.00824754
v 0.03980175 0.07985452 -0.00216187
v 0.03082317 0.06285008 0.01695024
v 0.0308232 0.06455607 0.01695024
v 0.04878032 0.07985452 -0.00216188
v 0.04878032 0.08750373 -0.00824754
v 0.05326963 0.08054805 -0.00141483
v 0.05326963 0.08809462 -0.00741694
v 0.04878032 0.08750373 -0.00824754
v 0.04878032 0.07985452 -0.00216188
v 0.0577589 0.07985452 -0.00216188
v 0.0577589 0.08750373 -0.00824754
v 0.06224821 0.08054805 -0.00141484
v 0.06224821 0.08809462 -0.00741694
v 0.0577589 0.08750373 -0.00824754
v 0.0577589 0.07985452 -0.00216188
v 0.06673751 0.07985452 -0.00216188
v 0.06673751 0.08750373 -0.00824755
v 0.07122679 0.08054805 -0.00141484
v 0.07122679 0.08809462 -0.00741694
v 0.06673751 0.08750373 -0.00824755
v 0.06673751 0.07985452 -0.00216188
v 0.07571609 0.07985452 -0.00216188
v 0.07571609 0.08750373 -0.00824755
v 0.0802054 0.08054805 -0.00141485
v 0.0802054 0.08809462 -0.00741694
v 0.07571609 0.08750373 -0.00824755
v 0.07571609 0.07985452 -0.00216188
v 0.08469467 0.07985452 -0.00216188
v 0.08469467 0.08750373 -0.00824755
v 0.08918397 0.08054805 -0.00141485
v 0.08918397 0.08809461 -0.00741694
v 0.08469467 0.08750373 -0.00824755
v 0.08469467 0.07985452 -0.00216188
v 0.03082317 0.08750373 -0.00824754
v 0.03082317 0.07985452 -0.00216187
v 0.04429105 0.07299764 0.0067515
v 0.03980175 0.07220528 0.00611024
v 0.09367325 0.0798545 -0.00216188
v 0.09367325 0.08750373 -0.00824755
v 0.04878032 0.07220528 0.00611024
v 0.05326963 0.07299764 0.0067515
v 0.04878032 0.07220528 0.00611024
v 0.0577589 0.07220528 0.00611024
v 0.06224821 0.07299764 0.0067515
v 0.0577589 0.07220528 0.00611024
v 0.06673751 0.07220528 0.00611024
v 0.07122679 0.07299764 0.0067515
v 0.06673751 0.07220528 0.00611024
v 0.07571609 0.07220528 0.00611022
v 0.0802054 0.07299764 0.0067515
v 0.07571609 0.07220528 0.00611022
v 0.08469467 0.07220528 0.00611022
v 0.08918397 0.07299764 0.00675149
v 0.08469467 0.07220528 0.00611022
v 0.08469467 0.06455607 0.01695024
v 0.03082317 0.07220528 0.00611024
v 0.09367325 0.07220528 0.00611022
v 0.04429105 0.09604597 -0.01260098
v 0.03980175 0.09515295 -0.01309244
v 0.04878032 0.09515295 -0.01309244
v 0.05326963 0.09604597 -0.01260098
v 0.04878032 0.09515295 -0.01309244
v 0.0577589 0.09515295 -0.01309244
v 0.06224821 0.09604597 -0.01260098
v 0.0577589 0.09515295 -0.01309244
v 0.06673751 0.09515295 -0.01309245
v 0.07122679 0.09604597 -0.01260098
v 0.06673751 0.09515295 -0.01309245
v 0.07571609 0.09515295 -0.01309245
v 0.0802054 0.09604597 -0.01260098
v 0.07571609 0.09515295 -0.01309245
v 0.08469467 0.09515295 -0.01309245
v 0.08469467 0.09515295 -0.01309245
v 0.03082317 0.09515295 -0.01309244
v 0.04429105 0.09617229 -0.0144748
v 0.03980178 0.09515295 -0.01447479
v 0.04878035 0.09515295 -0.01447479
v 0.05326963 0.09617229 -0.0144748
v 0.04878035 0.09515295 -0.01447479
v 0.05775893 0.09515295 -0.01447479
v 0.06224821 0.09617229 -0.0144748
v 0.05775893 0.09515295 -0.01447479
v 0.06673751 0.09515295 -0.0144748
v 0.07122679 0.09617229 -0.0144748
v 0.06673751 0.09515295 -0.0144748
v 0.07571609 0.09515295 -0.0144748
v 0.0802054 0.09617229 -0.0144748
v 0.07571609 0.09515295 -0.0144748
v 0.08469467 0.09515295 -0.0144748
v 0.08469467 0.09515295 -0.0144748
v 0.03082317 0.09515295 -0.01447479
v 0.08469467 0.06285008 0.01695024
v 0.0846947 0.06285008 -0.04589988
v 0.08020543 0.06285008 -0.04691923
v 0.08020543 0.0650251 -0.04680491
v 0.0846947 0.06455607 -0.04589988
v 0.04429108 0.06285008 -0.04691922
v 0.03980181 0.06285008 -0.04589987
v 0.03980181 0.06455607 -0.04589987
v 0.04429108 0.0650251 -0.0468049
v 0.07571612 0.06285008 -0.04589988
v 0.07571612 0.06455607 -0.04589988
v 0.05326966 0.06285008 -0.04691922
v 0.04878038 0.06285008 -0.04589987
v 0.04878038 0.06455607 -0.04589987
v 0.05326966 0.0650251 -0.04680491
v 0.089184 0.06285008 -0.04691923
v 0.0846947 0.06285008 -0.04589988
v 0.0846947 0.06455607 -0.04589988
v 0.089184 0.0650251 -0.04680491
v 0.07122685 0.06285008 -0.04691923
v 0.06673754 0.06285008 -0.04589988
v 0.06673754 0.06455607 -0.04589988
v 0.07122685 0.0650251 -0.04680491
v 0.06224827 0.06285008 -0.04691923
v 0.05775896 0.06285008 -0.04589988
v 0.05775896 0.06455607 -0.04589988
v 0.06224827 0.0650251 -0.04680491
v 0.05775896 0.06285008 -0.04589988
v 0.05775896 0.06455607 -0.04589988
v 0.04878038 0.06285008 -0.04589987
v 0.04878038 0.06455607 -0.04589987
v 0.06673754 0.06285008 -0.04589988
v 0.06673754 0.06455607 -0.04589988
v 0.07571612 0.06285008 -0.04589988
v 0.07571612 0.06455607 -0.04589988
v 0.09367331 0.08750373 -0.0144748
v 0.09367331 0.08750373 -0.02070206
v 0.09367331 0.09515295 -0.01585716
v 0.09367331 0.09515295 -0.0144748
v 0.08469473 0.07985452 -0.02678777
v 0.08469473 0.08750373 -0.0207021
v 0.089184 0.08809462 -0.02153271
v 0.089184 0.08054805 -0.02753481
v 0.0353125 0.06285008 -0.04691921
v 0.0308232 0.06285008 -0.04589987
v 0.0308232 0.06455607 -0.04589987
v 0.0353125 0.0650251 -0.04680488
v 0.09367331 0.07220528 -0.0144748
v 0.09367331 0.07220528 -0.03505983
v 0.09367331 0.0798545 -0.02678773
v 0.09367331 0.0798545 -0.0144748
v 0.03082323 0.09515295 -0.01585718
v 0.03082323 0.09515295 -0.01447483
v 0.0353125 0.09617229 -0.01447483
v 0.0353125 0.09604597 -0.01634865
v 0.08469473 0.09515295 -0.0158572
v 0.0846947 0.09515295 -0.01447485
v 0.089184 0.09617229 -0.01447485
v 0.089184 0.09604597 -0.01634867
v 0.08469473 0.07220528 -0.03505988
v 0.089184 0.07299764 -0.03570115
v 0.09367328 0.06455607 -0.04589985
v 0.09367328 0.06285008 -0.04589985
v 0.08020543 0.08054805 -0.02753481
v 0.08020543 0.08809462 -0.02153271
v 0.08469473 0.08750373 -0.0207021
v 0.08469473 0.07985452 -0.02678777
v 0.09367331 0.06285008 -0.04589988
v 0.09367328 0.06455607 -0.04589988
v 0.07571615 0.07985452 -0.02678777
v 0.07571615 0.08750373 -0.02070209
v 0.07122685 0.08054805 -0.0275348
v 0.07122685 0.08809462 -0.02153271
v 0.07571615 0.08750373 -0.02070209
v 0.07571615 0.07985452 -0.02678777
v 0.06673757 0.07985452 -0.02678776
v 0.06673757 0.08750373 -0.02070209
v 0.06224827 0.08054805 -0.0275348
v 0.06224827 0.08809462 -0.0215327
v 0.06673757 0.08750373 -0.02070209
v 0.06673757 0.07985452 -0.02678776
v 0.05775896 0.07985452 -0.02678776
v 0.05775896 0.08750373 -0.02070208
v 0.05326969 0.08054805 -0.0275348
v 0.05326969 0.08809462 -0.0215327
v 0.05775896 0.08750373 -0.02070208
v 0.05775896 0.07985452 -0.02678776
v 0.04878038 0.07985452 -0.02678775
v 0.04878038 0.08750373 -0.02070208
v 0.04429108 0.08054805 -0.02753479
v 0.04429108 0.08809462 -0.0215327
v 0.04878038 0.08750373 -0.02070208
v 0.04878038 0.07985452 -0.02678775
v 0.03980181 0.07985452 -0.02678775
v 0.03980181 0.08750373 -0.02070208
v 0.0353125 0.08054805 -0.02753479
v 0.0353125 0.08809461 -0.0215327
v 0.03980181 0.08750373 -0.02070208
v 0.03980181 0.07985452 -0.02678775
v 0.09367331 0.08750373 -0.0207021
v 0.09367331 0.07985452 -0.02678777
v 0.08020543 0.07299764 -0.03570115
v 0.08469473 0.07220528 -0.03505988
v 0.03082323 0.0798545 -0.02678775
v 0.03082323 0.08750373 -0.02070208
v 0.07571615 0.07220528 -0.03505987
v 0.07122685 0.07299764 -0.03570115
v 0.07571615 0.07220528 -0.03505987
v 0.06673757 0.07220528 -0.03505986
v 0.06224827 0.07299764 -0.03570114
v 0.06673757 0.07220528 -0.03505986
v 0.05775896 0.07220528 -0.03505986
v 0.05326969 0.07299764 -0.03570113
v 0.05775896 0.07220528 -0.03505986
v 0.04878038 0.07220528 -0.03505986
v 0.04429108 0.07299764 -0.03570113
v 0.04878038 0.07220528 -0.03505986
v 0.03980181 0.07220528 -0.03505986
v 0.0353125 0.07299764 -0.03570112
v 0.03980181 0.07220528 -0.03505986
v 0.03980181 0.06455607 -0.04589987
v 0.09367331 0.07220528 -0.03505988
v 0.03082323 0.07220528 -0.03505985
v 0.08020543 0.09604597 -0.01634866
v 0.08469473 0.09515295 -0.0158572
v 0.07571615 0.09515295 -0.0158572
v 0.07122685 0.09604597 -0.01634865
v 0.07571615 0.09515295 -0.0158572
v 0.06673757 0.09515295 -0.01585719
v 0.06224827 0.09604597 -0.01634865
v 0.06673757 0.09515295 -0.01585719
v 0.05775896 0.09515295 -0.01585719
v 0.05326969 0.09604597 -0.01634865
v 0.05775896 0.09515295 -0.01585719
v 0.04878038 0.09515295 -0.01585719
v 0.04429108 0.09604597 -0.01634865
v 0.04878038 0.09515295 -0.01585719
v 0.03980181 0.09515295 -0.01585719
v 0.03980181 0.09515295 -0.01585719
v 0.09367331 0.09515295 -0.0158572
v 0.08020543 0.09617229 -0.01447484
v 0.0846947 0.09515295 -0.01447485
v 0.07571612 0.09515295 -0.01447485
v 0.07122685 0.09617229 -0.01447483
v 0.07571612 0.09515295 -0.01447485
v 0.06673754 0.09515295 -0.01447484
v 0.06224827 0.09617229 -0.01447483
v 0.06673754 0.09515295 -0.01447484
v 0.05775896 0.09515295 -0.01447483
v 0.05326969 0.09617229 -0.01447483
v 0.05775896 0.09515295 -0.01447483
v 0.04878038 0.09515295 -0.01447483
v 0.04429108 0.09617229 -0.01447483
v 0.04878038 0.09515295 -0.01447483
v 0.03980181 0.09515295 -0.01447483
v 0.03980181 0.09515295 -0.01447483
v 0.09367331 0.09515295 -0.01447485
v 0.03980181 0.06285008 -0.04589987
v 0.03980178 0.06285008 -0.04589988
v 0.04429105 0.06285008 -0.04488054
v 0.04429105 0.0650251 -0.04499486
v 0.03980178 0.06455607 -0.04589988
v 0.0802054 0.06285008 -0.04488054
v 0.08469467 0.06285008 -0.04589988
v 0.08469467 0.06455607 -0.04589988
v 0.0802054 0.0650251 -0.04499486
v 0.04878035 0.06285008 -0.04589988
v 0.04878035 0.06455607 -0.04589988
v 0.07122682 0.06285008 -0.04488054
v 0.07571609 0.06285008 -0.04589988
v 0.07571609 0.06455607 -0.04589988
v 0.07122682 0.0650251 -0.04499486
v 0.03531247 0.06285008 -0.04488054
v 0.03980178 0.06285008 -0.04589988
v 0.03980178 0.06455607 -0.04589988
v 0.03531247 0.0650251 -0.04499486
v 0.05326963 0.06285008 -0.04488054
v 0.05775893 0.06285008 -0.04589988
v 0.05775893 0.06455607 -0.04589988
v 0.05326963 0.0650251 -0.04499486
v 0.06224821 0.06285008 -0.04488054
v 0.06673751 0.06285008 -0.04589988
v 0.06673751 0.06455607 -0.04589988
v 0.06224821 0.0650251 -0.04499486
v 0.06673751 0.06285008 -0.04589988
v 0.06673751 0.06455607 -0.04589988
v 0.07571609 0.06285008 -0.04589988
v 0.07571609 0.06455607 -0.04589988
v 0.05775893 0.06285008 -0.04589988
v 0.05775893 0.06455607 -0.04589988
v 0.04878035 0.06285008 -0.04589988
v 0.04878035 0.06455607 -0.04589988
v 0.09367328 0.06285008 -0.07732492
v 0.09367328 0.06455607 -0.07732492
v 0.09367329 0.06455607 -0.04589988
v 0.09367329 0.06285008 -0.04589988
v 0.03980175 0.07985452 -0.06501199
v 0.03980175 0.08750373 -0.07109766
v 0.03531247 0.08809462 -0.07026705
v 0.03531247 0.08054805 -0.06426495
v 0.08918398 0.06285008 -0.04488054
v 0.09367329 0.06285008 -0.04589988
v 0.09367329 0.06455607 -0.04589988
v 0.08918398 0.0650251 -0.04499487
v 0.09367325 0.07220528 -0.07732492
v 0.09367325 0.07220528 -0.0567399
v 0.09367325 0.09515295 -0.07594257
v 0.09367325 0.09515295 -0.07732492
v 0.08918397 0.09617229 -0.07732492
v 0.08918397 0.09604597 -0.0754511
v 0.03980175 0.09515295 -0.07594255
v 0.03980178 0.09515295 -0.07732491
v 0.03531247 0.09617229 -0.07732491
v 0.03531247 0.09604597 -0.07545109
v 0.03980175 0.07220528 -0.05673988
v 0.03531247 0.07299764 -0.05609861
v 0.09367325 0.0798545 -0.07732492
v 0.09367325 0.08750373 -0.07732492
v 0.09367325 0.08750373 -0.07109767
v 0.09367325 0.0798545 -0.065012
v 0.09367325 0.09515295 -0.07732492
v 0.09367325 0.09515295 -0.07594257
v 0.04429105 0.08054805 -0.06426495
v 0.04429105 0.08809462 -0.07026706
v 0.03980175 0.08750373 -0.07109766
v 0.03980175 0.07985452 -0.06501199
v 0.03082317 0.06285008 -0.04589988
v 0.0308232 0.06455607 -0.04589988
v 0.04878032 0.07985452 -0.06501199
v 0.04878032 0.08750373 -0.07109766
v 0.05326963 0.08054805 -0.06426495
v 0.05326963 0.08809462 -0.07026706
v 0.04878032 0.08750373 -0.07109766
v 0.04878032 0.07985452 -0.06501199
v 0.0577589 0.07985452 -0.06501199
v 0.0577589 0.08750373 -0.07109766
v 0.06224821 0.08054805 -0.06426496
v 0.06224821 0.08809462 -0.07026706
v 0.0577589 0.08750373 -0.07109766
v 0.0577589 0.07985452 -0.06501199
v 0.06673751 0.07985452 -0.06501199
v 0.06673751 0.08750373 -0.07109767
v 0.07122679 0.08054805 -0.06426496
v 0.07122679 0.08809462 -0.07026706
v 0.06673751 0.08750373 -0.07109767
v 0.06673751 0.07985452 -0.06501199
v 0.07571609 0.07985452 -0.065012
v 0.07571609 0.08750373 -0.07109767
v 0.0802054 0.08054805 -0.06426497
v 0.0802054 0.08809462 -0.07026706
v 0.07571609 0.08750373 -0.07109767
v 0.07571609 0.07985452 -0.065012
v 0.08469467 0.07985452 -0.065012
v 0.08469467 0.08750373 -0.07109767
v 0.08918397 0.08054805 -0.06426497
v 0.08918397 0.08809461 -0.07026706
v 0.08469467 0.08750373 -0.07109767
v 0.08469467 0.07985452 -0.065012
v 0.03082317 0.08750373 -0.07109766
v 0.03082317 0.07985452 -0.06501199
v 0.04429105 0.07299764 -0.05609861
v 0.03980175 0.07220528 -0.05673988
v 0.09367325 0.0798545 -0.065012
v 0.09367325 0.08750373 -0.07109767
v 0.04878032 0.07220528 -0.05673988
v 0.05326963 0.07299764 -0.05609861
v 0.04878032 0.07220528 -0.05673988
v 0.0577589 0.07220528 -0.05673988
v 0.06224821 0.07299764 -0.05609861
v 0.0577589 0.07220528 -0.05673988
v 0.06673751 0.07220528 -0.05673988
v 0.07122679 0.07299764 -0.05609861
v 0.06673751 0.07220528 -0.05673988
v 0.07571609 0.07220528 -0.0567399
v 0.0802054 0.07299764 -0.05609862
v 0.07571609 0.07220528 -0.0567399
v 0.08469467 0.07220528 -0.0567399
v 0.08918397 0.07299764 -0.05609863
v 0.08469467 0.07220528 -0.0567399
v 0.08469467 0.06455607 -0.04589988
v 0.03082317 0.07220528 -0.05673988
v 0.09367325 0.07220528 -0.0567399
v 0.04429105 0.09604597 -0.0754511
v 0.03980175 0.09515295 -0.07594255
v 0.04878032 0.09515295 -0.07594256
v 0.05326963 0.09604597 -0.0754511
v 0.04878032 0.09515295 -0.07594256
v 0.0577589 0.09515295 -0.07594256
v 0.06224821 0.09604597 -0.0754511
v 0.0577589 0.09515295 -0.07594256
v 0.06673751 0.09515295 -0.07594257
v 0.07122679 0.09604597 -0.0754511
v 0.06673751 0.09515295 -0.07594257
v 0.07571609 0.09515295 -0.07594257
v 0.0802054 0.09604597 -0.0754511
v 0.07571609 0.09515295 -0.07594257
v 0.08469467 0.09515295 -0.07594257
v 0.08469467 0.09515295 -0.07594257
v 0.03082317 0.09515295 -0.07594255
v 0.04429105 0.09617229 -0.07732492
v 0.03980178 0.09515295 -0.07732491
v 0.04878035 0.09515295 -0.07732491
v 0.05326963 0.09617229 -0.07732492
v 0.04878035 0.09515295 -0.07732491
v 0.05775893 0.09515295 -0.07732491
v 0.06224821 0.09617229 -0.07732492
v 0.05775893 0.09515295 -0.07732491
v 0.06673751 0.09515295 -0.07732492
v 0.07122679 0.09617229 -0.07732492
v 0.06673751 0.09515295 -0.07732492
v 0.07571609 0.09515295 -0.07732492
v 0.0802054 0.09617229 -0.07732492
v 0.07571609 0.09515295 -0.07732492
v 0.08469467 0.09515295 -0.07732492
v 0.08469467 0.09515295 -0.07732492
v 0.03082317 0.09515295 -0.07732491
v 0.08469467 0.06285008 -0.04589988
v 0.0846947 0.06285008 -0.10875
v 0.08020543 0.06285008 -0.10976934
v 0.08020543 0.0650251 -0.10965502
v 0.0846947 0.06455607 -0.10875
v 0.04429108 0.06285008 -0.10976934
v 0.03980181 0.06285008 -0.10874998
v 0.03980181 0.06455607 -0.10874998
v 0.04429108 0.0650251 -0.10965502
v 0.07571612 0.06285008 -0.10875
v 0.07571612 0.06455607 -0.10875
v 0.05326966 0.06285008 -0.10976934
v 0.04878038 0.06285008 -0.10875
v 0.04878038 0.06455607 -0.10875
v 0.05326966 0.0650251 -0.10965502
v 0.089184 0.06285008 -0.10976934
v 0.0846947 0.06285008 -0.10875
v 0.0846947 0.06455607 -0.10875
v 0.089184 0.0650251 -0.10965502
v 0.07122685 0.06285008 -0.10976934
v 0.06673754 0.06285008 -0.10875
v 0.06673754 0.06455607 -0.10875
v 0.07122685 0.0650251 -0.10965502
v 0.06224827 0.06285008 -0.10976934
v 0.05775896 0.06285008 -0.10875
v 0.05775896 0.06455607 -0.10875
v 0.06224827 0.0650251 -0.10965502
v 0.05775896 0.06285008 -0.10875
v 0.05775896 0.06455607 -0.10875
v 0.04878038 0.06285008 -0.10875
v 0.04878038 0.06455607 -0.10875
v 0.06673754 0.06285008 -0.10875
v 0.06673754 0.06455607 -0.10875
v 0.07571612 0.06285008 -0.10875
v 0.07571612 0.06455607 -0.10875
v 0.09367331 0.08750373 -0.07732492
v 0.09367331 0.08750373 -0.08355217
v 0.09367331 0.09515295 -0.07870728
v 0.09367331 0.09515295 -0.07732492
v 0.08469473 0.07985452 -0.08963789
v 0.08469473 0.08750373 -0.08355222
v 0.089184 0.08809462 -0.08438282
v 0.089184 0.08054805 -0.09038492
v 0.0353125 0.06285008 -0.10976933
v 0.0308232 0.06285008 -0.10874998
v 0.0308232 0.06455607 -0.10874998
v 0.0353125 0.0650251 -0.10965499
v 0.09367331 0.07220528 -0.07732492
v 0.09367331 0.07220528 -0.09790995
v 0.09367331 0.0798545 -0.08963784
v 0.09367331 0.0798545 -0.07732492
v 0.03082323 0.09515295 -0.0787073
v 0.03082323 0.09515295 -0.07732495
v 0.0353125 0.09617229 -0.07732495
v 0.0353125 0.09604597 -0.07919877
v 0.08469473 0.09515295 -0.07870732
v 0.0846947 0.09515295 -0.07732497
v 0.089184 0.09617229 -0.07732497
v 0.089184 0.09604597 -0.07919879
v 0.08469473 0.07220528 -0.09790999
v 0.089184 0.07299764 -0.09855127
v 0.09367328 0.06455607 -0.10874997
v 0.09367328 0.06285008 -0.10874997
v 0.08020543 0.08054805 -0.09038492
v 0.08020543 0.08809462 -0.08438282
v 0.08469473 0.08750373 -0.08355222
v 0.08469473 0.07985452 -0.08963789
v 0.09367331 0.06285008 -0.10875
v 0.09367328 0.06455607 -0.10875
v 0.07571615 0.07985452 -0.08963789
v 0.07571615 0.08750373 -0.08355221
v 0.07122685 0.08054805 -0.09038492
v 0.07122685 0.08809462 -0.08438282
v 0.07571615 0.08750373 -0.08355221
v 0.07571615 0.07985452 -0.08963789
v 0.06673757 0.07985452 -0.08963788
v 0.06673757 0.08750373 -0.08355221
v 0.06224827 0.08054805 -0.09038491
v 0.06224827 0.08809462 -0.08438281
v 0.06673757 0.08750373 -0.08355221
v 0.06673757 0.07985452 -0.08963788
v 0.05775896 0.07985452 -0.08963788
v 0.05775896 0.08750373 -0.0835522
v 0.05326969 0.08054805 -0.09038491
v 0.05326969 0.08809462 -0.08438281
v 0.05775896 0.08750373 -0.0835522
v 0.05775896 0.07985452 -0.08963788
v 0.04878038 0.07985452 -0.08963787
v 0.04878038 0.08750373 -0.0835522
v 0.04429108 0.08054805 -0.09038491
v 0.04429108 0.08809462 -0.08438281
v 0.04878038 0.08750373 -0.0835522
v 0.04878038 0.07985452 -0.08963787
v 0.03980181 0.07985452 -0.08963787
v 0.03980181 0.08750373 -0.0835522
v 0.0353125 0.08054805 -0.09038491
v 0.0353125 0.08809461 -0.08438281
v 0.03980181 0.08750373 -0.0835522
v 0.03980181 0.07985452 -0.08963787
v 0.09367331 0.08750373 -0.08355222
v 0.09367331 0.07985452 -0.08963789
v 0.08020543 0.07299764 -0.09855127
v 0.08469473 0.07220528 -0.09790999
v 0.03082323 0.0798545 -0.08963787
v 0.03082323 0.08750373 -0.0835522
v 0.07571615 0.07220528 -0.09790999
v 0.07122685 0.07299764 -0.09855127
v 0.07571615 0.07220528 -0.09790999
v 0.06673757 0.07220528 -0.09790998
v 0.06224827 0.07299764 -0.09855126
v 0.06673757 0.07220528 -0.09790998
v 0.05775896 0.07220528 -0.09790998
v 0.05326969 0.07299764 -0.09855125
v 0.05775896 0.07220528 -0.09790998
v 0.04878038 0.07220528 -0.09790998
v 0.04429108 0.07299764 -0.09855125
v 0.04878038 0.07220528 -0.09790998
v 0.03980181 0.07220528 -0.09790998
v 0.0353125 0.07299764 -0.09855124
v 0.03980181 0.07220528 -0.09790998
v 0.03980181 0.06455607 -0.10874998
v 0.09367331 0.07220528 -0.09790999
v 0.03082323 0.07220528 -0.09790997
v 0.08020543 0.09604597 -0.07919878
v 0.08469473 0.09515295 -0.07870732
v 0.07571615 0.09515295 -0.07870732
v 0.07122685 0.09604597 -0.07919877
v 0.07571615 0.09515295 -0.07870732
v 0.06673757 0.09515295 -0.07870731
v 0.06224827 0.09604597 -0.07919877
v 0.06673757 0.09515295 -0.07870731
v 0.05775896 0.09515295 -0.0787073
v 0.05326969 0.09604597 -0.07919877
v 0.05775896 0.09515295 -0.0787073
v 0.04878038 0.09515295 -0.0787073
v 0.04429108 0.09604597 -0.07919877
v 0.04878038 0.09515295 -0.0787073
v 0.03980181 0.09515295 -0.0787073
v 0.03980181 0.09515295 -0.0787073
v 0.09367331 0.09515295 -0.07870732
v 0.08020543 0.09617229 -0.07732496
v 0.0846947 0.09515295 -0.07732497
v 0.07571612 0.09515295 -0.07732497
v 0.07122685 0.09617229 -0.07732495
v 0.07571612 0.09515295 -0.07732497
v 0.06673754 0.09515295 -0.07732496
v 0.06224827 0.09617229 -0.07732495
v 0.06673754 0.09515295 -0.07732496
v 0.05775896 0.09515295 -0.07732495
v 0.05326969 0.09617229 -0.07732495
v 0.05775896 0.09515295 -0.07732495
v 0.04878038 0.09515295 -0.07732495
v 0.04429108 0.09617229 -0.07732495
v 0.04878038 0.09515295 -0.07732495
v 0.03980181 0.09515295 -0.07732495
v 0.03980181 0.09515295 -0.07732495
v 0.09367331 0.09515295 -0.07732497
v 0.03980181 0.06285008 -0.10874998
v 0.0308232 0.06285008 -0.05487848
v 0.03184255 0.06285008 -0.05936776
v 0.03172823 0.0650251 -0.05936776
v 0.0308232 0.06455607 -0.05487848
v 0.03184254 0.06285008 -0.0952821
v 0.0308232 0.06285008 -0.09977138
v 0.0308232 0.06455607 -0.09977138
v 0.03172822 0.0650251 -0.0952821
v 0.0308232 0.06285008 -0.06385706
v 0.0308232 0.06455607 -0.06385706
v 0.03184254 0.06285008 -0.08630352
v 0.0308232 0.06285008 -0.0907928
v 0.0308232 0.06455607 -0.0907928
v 0.03172822 0.0650251 -0.08630352
v 0.03184255 0.06285008 -0.05038918
v 0.0308232 0.06285008 -0.05487848
v 0.0308232 0.06455607 -0.05487848
v 0.03172823 0.0650251 -0.05038918
v 0.03184254 0.06285008 -0.06834634
v 0.0308232 0.06285008 -0.07283564
v 0.0308232 0.06455607 -0.07283564
v 0.03172822 0.0650251 -0.06834634
v 0.03184254 0.06285008 -0.07732492
v 0.0308232 0.06285008 -0.08181422
v 0.0308232 0.06455607 -0.08181422
v 0.03172822 0.0650251 -0.07732492
v 0.0308232 0.06285008 -0.08181422
v 0.0308232 0.06455607 -0.08181422
v 0.0308232 0.06285008 -0.0907928
v 0.0308232 0.06455607 -0.0907928
v 0.0308232 0.06285008 -0.07283564
v 0.0308232 0.06455607 -0.07283564
v 0.0308232 0.06285008 -0.06385706
v 0.0308232 0.06455607 -0.06385706
v -0.00060184 0.06285008 -0.10874998
v -0.00060184 0.06455607 -0.10874998
v 0.0308232 0.06455607 -0.10875
v 0.0308232 0.06285008 -0.10875
v 0.01171109 0.07985452 -0.05487845
v 0.00562543 0.08750373 -0.05487845
v 0.00645603 0.08809462 -0.05038918
v 0.01245813 0.08054805 -0.05038918
v 0.03184254 0.06285008 -0.10426069
v 0.0308232 0.06285008 -0.10875
v 0.0308232 0.06455607 -0.10875
v 0.03172821 0.0650251 -0.10426069
v -0.00060184 0.07220528 -0.10874995
v 0.01998318 0.07220528 -0.10874995
v 0.00078051 0.09515295 -0.10874995
v -0.00060184 0.09515295 -0.10874995
v -0.00060184 0.09617229 -0.10426068
v 0.00127198 0.09604597 -0.10426068
v 0.00078053 0.09515295 -0.05487845
v -0.00060183 0.09515295 -0.05487848
v -0.00060183 0.09617229 -0.05038918
v 0.00127199 0.09604597 -0.05038918
v 0.0199832 0.07220528 -0.05487845
v 0.02062447 0.07299764 -0.05038918
v -0.00060184 0.0798545 -0.10874995
v -0.00060184 0.08750373 -0.10874995
v 0.00562541 0.08750373 -0.10874995
v 0.01171108 0.0798545 -0.10874995
v -0.00060184 0.09515295 -0.10874995
v 0.00078051 0.09515295 -0.10874995
v 0.01245813 0.08054805 -0.05936776
v 0.00645602 0.08809462 -0.05936776
v 0.00562543 0.08750373 -0.05487845
v 0.01171109 0.07985452 -0.05487845
v 0.0308232 0.06285008 -0.04589988
v 0.0308232 0.06455607 -0.04589991
v 0.01171109 0.07985452 -0.06385703
v 0.00562543 0.08750373 -0.06385703
v 0.01245813 0.08054805 -0.06834634
v 0.00645602 0.08809462 -0.06834634
v 0.00562543 0.08750373 -0.06385703
v 0.01171109 0.07985452 -0.06385703
v 0.01171109 0.07985452 -0.07283561
v 0.00562543 0.08750373 -0.07283561
v 0.01245812 0.08054805 -0.07732492
v 0.00645602 0.08809462 -0.07732492
v 0.00562543 0.08750373 -0.07283561
v 0.01171109 0.07985452 -0.07283561
v 0.01171109 0.07985452 -0.08181422
v 0.00562541 0.08750373 -0.08181422
v 0.01245812 0.08054805 -0.08630349
v 0.00645602 0.08809462 -0.08630349
v 0.00562541 0.08750373 -0.08181422
v 0.01171109 0.07985452 -0.08181422
v 0.01171108 0.07985452 -0.0907928
v 0.00562541 0.08750373 -0.0907928
v 0.01245811 0.08054805 -0.0952821
v 0.00645602 0.08809462 -0.0952821
v 0.00562541 0.08750373 -0.0907928
v 0.01171108 0.07985452 -0.0907928
v 0.01171108 0.07985452 -0.09977138
v 0.00562541 0.08750373 -0.09977138
v 0.01245811 0.08054805 -0.10426068
v 0.00645602 0.08809461 -0.10426068
v 0.00562541 0.08750373 -0.09977138
v 0.01171108 0.07985452 -0.09977138
v 0.00562542 0.08750373 -0.04589988
v 0.01171109 0.07985452 -0.04589988
v 0.02062447 0.07299764 -0.05936776
v 0.0199832 0.07220528 -0.05487845
v 0.01171108 0.0798545 -0.10874995
v 0.00562541 0.08750373 -0.10874995
v 0.0199832 0.07220528 -0.06385703
v 0.02062447 0.07299764 -0.06834634
v 0.0199832 0.07220528 -0.06385703
v 0.0199832 0.07220528 -0.07283561
v 0.02062447 0.07299764 -0.07732492
v 0.0199832 0.07220528 -0.07283561
v 0.0199832 0.07220528 -0.08181422
v 0.02062447 0.07299764 -0.08630349
v 0.0199832 0.07220528 -0.08181422
v 0.01998318 0.07220528 -0.0907928
v 0.02062446 0.07299764 -0.0952821
v 0.01998318 0.07220528 -0.0907928
v 0.01998318 0.07220528 -0.09977138
v 0.02062445 0.07299764 -0.10426068
v 0.01998318 0.07220528 -0.09977138
v 0.0308232 0.06455607 -0.09977138
v 0.0199832 0.07220528 -0.04589988
v 0.01998318 0.07220528 -0.10874995
v 0.00127199 0.09604597 -0.05936776
v 0.00078053 0.09515295 -0.05487845
v 0.00078052 0.09515295 -0.06385703
v 0.00127199 0.09604597 -0.06834634
v 0.00078052 0.09515295 -0.06385703
v 0.00078052 0.09515295 -0.07283561
v 0.00127198 0.09604597 -0.07732492
v 0.00078052 0.09515295 -0.07283561
v 0.00078051 0.09515295 -0.08181422
v 0.00127198 0.09604597 -0.08630349
v 0.00078051 0.09515295 -0.08181422
v 0.00078051 0.09515295 -0.0907928
v 0.00127198 0.09604597 -0.0952821
v 0.00078051 0.09515295 -0.0907928
v 0.00078051 0.09515295 -0.09977138
v 0.00078051 0.09515295 -0.09977138
v 0.00078053 0.09515295 -0.04589988
v -0.00060183 0.09617229 -0.05936776
v -0.00060183 0.09515295 -0.05487848
v -0.00060183 0.09515295 -0.06385706
v -0.00060183 0.09617229 -0.06834634
v -0.00060183 0.09515295 -0.06385706
v -0.00060183 0.09515295 -0.07283564
v -0.00060184 0.09617229 -0.07732492
v -0.00060183 0.09515295 -0.07283564
v -0.00060184 0.09515295 -0.08181422
v -0.00060184 0.09617229 -0.08630349
v -0.00060184 0.09515295 -0.08181422
v -0.00060184 0.09515295 -0.0907928
v -0.00060184 0.09617229 -0.0952821
v -0.00060184 0.09515295 -0.0907928
v -0.00060184 0.09515295 -0.09977138
v -0.00060184 0.09515295 -0.09977138
v -0.00060183 0.09515295 -0.04589988
v 0.0308232 0.06285008 -0.09977138
v -0.03202692 0.06285008 -0.0997714
v -0.03304626 0.06285008 -0.09528213
v -0.03293195 0.0650251 -0.09528213
v -0.03202692 0.06455607 -0.0997714
v -0.03304626 0.06285008 -0.05936778
v -0.03202691 0.06285008 -0.05487851
v -0.03202691 0.06455607 -0.05487851
v -0.03293193 0.0650251 -0.05936778
v -0.03202692 0.06285008 -0.09079283
v -0.03202692 0.06455607 -0.09079283
v -0.03304626 0.06285008 -0.06834636
v -0.03202692 0.06285008 -0.06385708
v -0.03202692 0.06455607 -0.06385708
v -0.03293193 0.0650251 -0.06834636
v -0.03304626 0.06285008 -0.10426071
v -0.03202692 0.06285008 -0.0997714
v -0.03202692 0.06455607 -0.0997714
v -0.03293195 0.0650251 -0.10426071
v -0.03304626 0.06285008 -0.08630355
v -0.03202692 0.06285008 -0.08181425
v -0.03202692 0.06455607 -0.08181425
v -0.03293195 0.0650251 -0.08630355
v -0.03304626 0.06285008 -0.07732498
v -0.03202692 0.06285008 -0.07283566
v -0.03202692 0.06455607 -0.07283566
v -0.03293195 0.0650251 -0.07732498
v -0.03202692 0.06285008 -0.07283566
v -0.03202692 0.06455607 -0.07283566
v -0.03202692 0.06285008 -0.06385708
v -0.03202692 0.06455607 -0.06385708
v -0.03202692 0.06285008 -0.08181425
v -0.03202692 0.06455607 -0.08181425
v -0.03202692 0.06285008 -0.09079283
v -0.03202692 0.06455607 -0.09079283
v -0.00060184 0.08750373 -0.10875001
v -0.00682909 0.08750373 -0.10875001
v -0.0019842 0.09515295 -0.10875001
v -0.00060184 0.09515295 -0.10875001
v -0.01291481 0.07985452 -0.09977144
v -0.00682914 0.08750373 -0.09977144
v -0.00765974 0.08809462 -0.10426071
v -0.01366184 0.08054805 -0.10426071
v -0.03304625 0.06285008 -0.0503892
v -0.03202691 0.06285008 -0.0458999
v -0.03202691 0.06455607 -0.0458999
v -0.03293192 0.0650251 -0.0503892
v -0.00060184 0.07220528 -0.10875001
v -0.02118687 0.07220528 -0.10875001
v -0.01291476 0.0798545 -0.10875001
v -0.00060184 0.0798545 -0.10875001
v -0.00198422 0.09515295 -0.04589994
v -0.00060186 0.09515295 -0.04589994
v -0.00060186 0.09617229 -0.05038921
v -0.00247569 0.09604597 -0.05038921
v -0.00198424 0.09515295 -0.09977144
v -0.00060189 0.09515295 -0.09977141
v -0.00060189 0.09617229 -0.10426071
v -0.00247571 0.09604597 -0.10426071
v -0.02118691 0.07220528 -0.09977144
v -0.02182819 0.07299764 -0.10426071
v -0.03202689 0.06455607 -0.10874998
v -0.03202689 0.06285008 -0.10874998
v -0.01366184 0.08054805 -0.09528213
v -0.00765974 0.08809462 -0.09528213
v -0.00682914 0.08750373 -0.09977144
v -0.01291481 0.07985452 -0.09977144
v -0.03202692 0.06285008 -0.10875001
v -0.03202692 0.06455607 -0.10874998
v -0.01291481 0.07985452 -0.09079286
v -0.00682913 0.08750373 -0.09079286
v -0.01366184 0.08054805 -0.08630355
v -0.00765974 0.08809462 -0.08630355
v -0.00682913 0.08750373 -0.09079286
v -0.01291481 0.07985452 -0.09079286
v -0.01291479 0.07985452 -0.08181428
v -0.00682913 0.08750373 -0.08181428
v -0.01366184 0.08054805 -0.07732498
v -0.00765973 0.08809462 -0.07732498
v -0.00682913 0.08750373 -0.08181428
v -0.01291479 0.07985452 -0.08181428
v -0.01291479 0.07985452 -0.07283566
v -0.00682912 0.08750373 -0.07283567
v -0.01366184 0.08054805 -0.06834639
v -0.00765973 0.08809462 -0.0683464
v -0.00682912 0.08750373 -0.07283567
v -0.01291479 0.07985452 -0.07283566
v -0.01291479 0.07985452 -0.06385708
v -0.00682911 0.08750373 -0.06385709
v -0.01366182 0.08054805 -0.05936778
v -0.00765973 0.08809462 -0.05936779
v -0.00682911 0.08750373 -0.06385709
v -0.01291479 0.07985452 -0.06385708
v -0.01291479 0.07985452 -0.05487851
v -0.00682911 0.08750373 -0.05487851
v -0.01366182 0.08054805 -0.0503892
v -0.00765973 0.08809461 -0.05038921
v -0.00682911 0.08750373 -0.05487851
v -0.01291479 0.07985452 -0.05487851
v -0.00682914 0.08750373 -0.10875001
v -0.01291481 0.07985452 -0.10875001
v -0.02182819 0.07299764 -0.09528213
v -0.02118691 0.07220528 -0.09977144
v -0.01291479 0.0798545 -0.04589993
v -0.00682911 0.08750373 -0.04589994
v -0.02118691 0.07220528 -0.09079286
v -0.02182819 0.07299764 -0.08630355
v -0.02118691 0.07220528 -0.09079286
v -0.02118691 0.07220528 -0.08181428
v -0.02182817 0.07299764 -0.07732498
v -0.02118691 0.07220528 -0.08181428
v -0.02118691 0.07220528 -0.07283566
v -0.02182817 0.07299764 -0.06834639
v -0.02118691 0.07220528 -0.07283566
v -0.02118689 0.07220528 -0.06385708
v -0.02182817 0.07299764 -0.05936778
v -0.02118689 0.07220528 -0.06385708
v -0.02118689 0.07220528 -0.05487851
v -0.02182815 0.07299764 -0.0503892
v -0.02118689 0.07220528 -0.05487851
v -0.03202691 0.06455607 -0.05487851
v -0.02118691 0.07220528 -0.10875001
v -0.02118689 0.07220528 -0.04589993
v -0.0024757 0.09604597 -0.09528213
v -0.00198424 0.09515295 -0.09977144
v -0.00198424 0.09515295 -0.09079286
v -0.00247569 0.09604597 -0.08630355
v -0.00198424 0.09515295 -0.09079286
v -0.00198423 0.09515295 -0.08181428
v -0.00247569 0.09604597 -0.07732498
v -0.00198423 0.09515295 -0.08181428
v -0.00198423 0.09515295 -0.07283567
v -0.00247569 0.09604597 -0.0683464
v -0.00198423 0.09515295 -0.07283567
v -0.00198422 0.09515295 -0.06385709
v -0.00247569 0.09604597 -0.05936779
v -0.00198422 0.09515295 -0.06385709
v -0.00198422 0.09515295 -0.05487851
v -0.00198422 0.09515295 -0.05487851
v -0.00198424 0.09515295 -0.10875001
v -0.00060188 0.09617229 -0.09528213
v -0.00060189 0.09515295 -0.09977141
v -0.00060189 0.09515295 -0.09079283
v -0.00060187 0.09617229 -0.08630355
v -0.00060189 0.09515295 -0.09079283
v -0.00060188 0.09515295 -0.08181425
v -0.00060187 0.09617229 -0.07732498
v -0.00060188 0.09515295 -0.08181425
v -0.00060187 0.09515295 -0.07283567
v -0.00060187 0.09617229 -0.0683464
v -0.00060187 0.09515295 -0.07283567
v -0.00060186 0.09515295 -0.06385709
v -0.00060186 0.09617229 -0.05936779
v -0.00060186 0.09515295 -0.06385709
v -0.00060186 0.09515295 -0.05487851
v -0.00060186 0.09515295 -0.05487851
v -0.00060189 0.09515295 -0.10875001
v -0.03202691 0.06285008 -0.05487851
v -0.0020041 0.06661296 -0.04153855
v -0.0020041 0.06285008 -0.04589983
v -0.09487702 0.06285008 -0.04589984
v -0.09487702 0.06661296 -0.04153856
v -0.0020041 0.06285007 0.01695025
v -0.0020041 0.06661295 0.01258897
v -0.09487702 0.06661296 0.01258897
v -0.09487702 0.06285008 0.01695024
v -0.0020041 0.06661295 0.01258897
v -0.0020041 0.07806387 0.0055275
v -0.09487702 0.07806388 0.00552749
v -0.09487702 0.06661296 0.01258897
v -0.0020041 0.07806387 0.0055275
v -0.0020041 0.0902485 -0.00544287
v -0.09487702 0.09024851 -0.00544287
v -0.09487702 0.07806388 0.00552749
v -0.0020041 0.0902485 -0.00544287
v -0.0020041 0.09277257 -0.01447479
v -0.09487702 0.09277257 -0.0144748
v -0.09487702 0.09024851 -0.00544287
v -0.0020041 0.09277257 -0.01447479
v -0.0020041 0.0902485 -0.02350671
v -0.09487702 0.09024851 -0.02350672
v -0.09487702 0.09277257 -0.0144748
v -0.0020041 0.07806387 -0.03447708
v -0.09487702 0.07806388 -0.03447709
v -0.0020041 0.07806387 -0.03447708
v -0.0020041 0.06661296 -0.04153855
v -0.09487702 0.06661296 -0.04153856
v -0.09487702 0.07806388 -0.03447709
v -0.09487702 0.09277257 -0.0144748
v -0.09487702 0.09024851 -0.00544287
v -0.09985159 0.09024851 -0.00544287
v -0.09985159 0.09277257 -0.0144748
v -0.09487702 0.07806388 -0.03447709
v -0.09487702 0.09024851 -0.02350672
v -0.09985159 0.09024851 -0.02350672
v -0.09985159 0.07806388 -0.03447709
v -0.09487702 0.06285008 -0.04589984
v -0.09487702 0.06661296 -0.04153856
v -0.09985159 0.06661296 -0.04153856
v -0.09985159 0.06285008 -0.04589984
v -0.09487702 0.07806388 0.00552749
v -0.09985159 0.07806388 0.00552749
v -0.09487702 0.06661296 0.01258897
v -0.09487702 0.06285008 0.01695024
v -0.09985159 0.06285008 0.01695024
v -0.09985159 0.06661296 0.01258897
v -0.09487702 0.09717343 -0.0144748
v -0.09985159 0.09717343 -0.0144748
v -0.09985159 0.09398539 -0.00311834
v -0.09487702 0.09398539 -0.00311834
v -0.09487702 0.08069824 -0.03800243
v -0.09985159 0.08069824 -0.03800243
v -0.09985159 0.09398539 -0.02583126
v -0.09487702 0.09398539 -0.02583126
v -0.09487702 0.06617154 -0.04878717
v -0.09985159 0.06617154 -0.04878717
v -0.09985159 0.06946271 -0.04489218
v -0.09487702 0.06946271 -0.04489218
v -0.09985159 0.08069824 0.00905283
v -0.09487702 0.08069824 0.00905283
v -0.09487702 0.06946271 0.01594259
v -0.09985159 0.06946271 0.01594259
v -0.09985159 0.06617154 0.01983757
v -0.09487702 0.06617154 0.01983757
v -0.09487702 0.09277257 -0.0144748
v -0.09487702 0.09717343 -0.0144748
v -0.09487702 0.09398539 -0.00311834
v -0.09487702 0.09024851 -0.00544287
v -0.09985159 0.09024851 -0.00544287
v -0.09985159 0.09398539 -0.00311834
v -0.09985159 0.09717343 -0.0144748
v -0.09985159 0.09277257 -0.0144748
v -0.09487702 0.08069824 0.00905283
v -0.09487702 0.07806388 0.00552749
v -0.09985159 0.07806388 0.00552749
v -0.09985159 0.08069824 0.00905283
v -0.09487702 0.06946271 0.01594259
v -0.09487702 0.06661296 0.01258897
v -0.09487702 0.06617154 0.01983757
v -0.09487702 0.06285008 0.01695024
v -0.09985159 0.06661296 0.01258897
v -0.09985159 0.06946271 0.01594259
v -0.09985159 0.06285008 0.01695024
v -0.09985159 0.06617154 0.01983757
v -0.09487702 0.06285008 -0.04589984
v -0.09487702 0.06617154 -0.04878717
v -0.09487702 0.06946271 -0.04489218
v -0.09487702 0.06661296 -0.04153856
v -0.09985159 0.06661296 -0.04153856
v -0.09985159 0.06946271 -0.04489218
v -0.09985159 0.06617154 -0.04878717
v -0.09985159 0.06285008 -0.04589984
v -0.09487702 0.08069824 -0.03800243
v -0.09487702 0.07806388 -0.03447709
v -0.09985159 0.07806388 -0.03447709
v -0.09985159 0.08069824 -0.03800243
v -0.09487702 0.09398539 -0.02583126
v -0.09487702 0.09024851 -0.02350672
v -0.09985159 0.09024851 -0.02350672
v -0.09985159 0.09398539 -0.02583126
v -0.09487702 0.09717343 -0.0144748
v -0.09487702 0.07806388 -0.03447709
v -0.09487702 0.07806388 -0.01447483
v -0.09487702 0.06661296 -0.04153856
v -0.09487702 0.06661296 -0.01447483
v -0.09487702 0.06661296 0.01258897
v -0.09487702 0.06285008 -0.01447483
v -0.09487702 0.06285008 0.01695024
v -0.09487702 0.07806388 0.00552749
v -0.09487702 0.06285008 -0.04589984
v -0.03202696 0.06285008 -0.03692127
v -0.0330463 0.06285008 -0.032432
v -0.03293198 0.0650251 -0.032432
v -0.03202696 0.06455607 -0.03692127
v -0.03304629 0.06285008 0.00348234
v -0.03202694 0.06285008 0.00797162
v -0.03202694 0.06455607 0.00797162
v -0.03293197 0.0650251 0.00348234
v -0.03202696 0.06285008 -0.0279427
v -0.03202696 0.06455607 -0.0279427
v -0.03304629 0.06285008 -0.00549623
v -0.03202694 0.06285008 -0.00100696
v -0.03202694 0.06455607 -0.00100696
v -0.03293197 0.0650251 -0.00549623
v -0.0330463 0.06285008 -0.04141058
v -0.03202696 0.06285008 -0.03692127
v -0.03202696 0.06455607 -0.03692127
v -0.03293198 0.0650251 -0.04141058
v -0.03304629 0.06285008 -0.02345342
v -0.03202694 0.06285008 -0.01896412
v -0.03202694 0.06455607 -0.01896412
v -0.03293197 0.0650251 -0.02345342
v -0.03304629 0.06285008 -0.01447484
v -0.03202694 0.06285008 -0.00998554
v -0.03202694 0.06455607 -0.00998554
v -0.03293197 0.0650251 -0.01447484
v -0.03202694 0.06285008 -0.00998554
v -0.03202694 0.06455607 -0.00998554
v -0.03202694 0.06285008 -0.00100696
v -0.03202694 0.06455607 -0.00100696
v -0.03202694 0.06285008 -0.01896412
v -0.03202694 0.06455607 -0.01896412
v -0.03202696 0.06285008 -0.0279427
v -0.03202696 0.06455607 -0.0279427
v -0.0006019 0.06285008 0.01695022
v -0.0006019 0.06455607 0.01695022
v -0.03202694 0.06455607 0.01695024
v -0.03202694 0.06285008 0.01695024
v -0.01291485 0.07985452 -0.0369213
v -0.00682918 0.08750373 -0.0369213
v -0.00765978 0.08809462 -0.04141058
v -0.01366188 0.08054805 -0.04141058
v -0.03304629 0.06285008 0.01246093
v -0.03202694 0.06285008 0.01695024
v -0.03202694 0.06455607 0.01695024
v -0.03293195 0.0650251 0.01246093
v -0.0006019 0.07220528 0.01695019
v -0.02118693 0.07220528 0.01695019
v -0.00198426 0.09515295 0.01695019
v -0.0006019 0.09515295 0.01695019
v -0.0006019 0.09617229 0.01246092
v -0.00247572 0.09604597 0.01246092
v -0.00198428 0.09515295 -0.03692131
v -0.00060192 0.09515295 -0.03692128
v -0.00060192 0.09617229 -0.04141059
v -0.00247575 0.09604597 -0.04141059
v -0.02118695 0.07220528 -0.0369213
v -0.02182822 0.07299764 -0.04141058
v -0.0006019 0.0798545 0.01695019
v -0.0006019 0.08750373 0.01695019
v -0.00682915 0.08750373 0.01695019
v -0.01291482 0.0798545 0.01695019
v -0.0006019 0.09515295 0.01695019
v -0.00198426 0.09515295 0.01695019
v -0.01366188 0.08054805 -0.032432
v -0.00765977 0.08809462 -0.032432
v -0.00682918 0.08750373 -0.0369213
v -0.01291485 0.07985452 -0.0369213
v -0.03202694 0.06285008 -0.0458999
v -0.03202694 0.06455607 -0.04589985
v -0.01291484 0.07985452 -0.02794273
v -0.00682918 0.08750373 -0.02794273
v -0.01366188 0.08054805 -0.02345342
v -0.00765977 0.08809462 -0.02345342
v -0.00682918 0.08750373 -0.02794273
v -0.01291484 0.07985452 -0.02794273
v -0.01291484 0.07985452 -0.01896415
v -0.00682918 0.08750373 -0.01896415
v -0.01366187 0.08054805 -0.01447484
v -0.00765977 0.08809462 -0.01447484
v -0.00682918 0.08750373 -0.01896415
v -0.01291484 0.07985452 -0.01896415
v -0.01291484 0.07985452 -0.00998555
v -0.00682916 0.08750373 -0.00998555
v -0.01366187 0.08054805 -0.00549627
v -0.00765977 0.08809462 -0.00549627
v -0.00682916 0.08750373 -0.00998555
v -0.01291484 0.07985452 -0.00998555
v -0.01291482 0.07985452 -0.00100697
v -0.00682915 0.08750373 -0.00100697
v -0.01366186 0.08054805 0.00348234
v -0.00765977 0.08809462 0.00348234
v -0.00682915 0.08750373 -0.00100697
v -0.01291482 0.07985452 -0.00100697
v -0.01291482 0.07985452 0.00797161
v -0.00682915 0.08750373 0.00797161
v -0.01366186 0.08054805 0.01246092
v -0.00765977 0.08809461 0.01246092
v -0.00682915 0.08750373 0.00797161
v -0.01291482 0.07985452 0.00797161
v -0.00682918 0.08750373 -0.0458999
v -0.01291485 0.07985452 -0.0458999
v -0.02182821 0.07299764 -0.032432
v -0.02118695 0.07220528 -0.0369213
v -0.01291482 0.0798545 0.01695019
v -0.00682915 0.08750373 0.01695019
v -0.02118694 0.07220528 -0.02794273
v -0.02182822 0.07299764 -0.02345342
v -0.02118694 0.07220528 -0.02794273
v -0.02118695 0.07220528 -0.01896415
v -0.02182821 0.07299764 -0.01447484
v -0.02118695 0.07220528 -0.01896415
v -0.02118694 0.07220528 -0.00998554
v -0.02182821 0.07299764 -0.00549626
v -0.02118694 0.07220528 -0.00998554
v -0.02118693 0.07220528 -0.00100696
v -0.0218282 0.07299764 0.00348234
v -0.02118693 0.07220528 -0.00100696
v -0.02118693 0.07220528 0.00797161
v -0.0218282 0.07299764 0.01246092
v -0.02118693 0.07220528 0.00797161
v -0.03202694 0.06455607 0.00797162
v -0.02118695 0.07220528 -0.0458999
v -0.02118693 0.07220528 0.01695019
v -0.00247574 0.09604597 -0.03243201
v -0.00198428 0.09515295 -0.03692131
v -0.00198427 0.09515295 -0.02794273
v -0.00247574 0.09604597 -0.02345343
v -0.00198427 0.09515295 -0.02794273
v -0.00198427 0.09515295 -0.01896415
v -0.00247573 0.09604597 -0.01447485
v -0.00198427 0.09515295 -0.01896415
v -0.00198426 0.09515295 -0.00998555
v -0.00247573 0.09604597 -0.00549627
v -0.00198426 0.09515295 -0.00998555
v -0.00198426 0.09515295 -0.00100697
v -0.00247572 0.09604597 0.00348234
v -0.00198426 0.09515295 -0.00100697
v -0.00198426 0.09515295 0.00797161
v -0.00198426 0.09515295 0.00797161
v -0.00198428 0.09515295 -0.0458999
v -0.00060192 0.09617229 -0.03243201
v -0.00060192 0.09515295 -0.03692128
v -0.00060192 0.09515295 -0.0279427
v -0.00060192 0.09617229 -0.02345343
v -0.00060192 0.09515295 -0.0279427
v -0.00060192 0.09515295 -0.01896412
v -0.00060191 0.09617229 -0.01447485
v -0.00060192 0.09515295 -0.01896412
v -0.00060191 0.09515295 -0.00998555
v -0.00060191 0.09617229 -0.00549627
v -0.00060191 0.09515295 -0.00998555
v -0.0006019 0.09515295 -0.00100697
v -0.0006019 0.09617229 0.00348234
v -0.0006019 0.09515295 -0.00100697
v -0.0006019 0.09515295 0.00797161
v -0.0006019 0.09515295 0.00797161
v -0.00060192 0.09515295 -0.0458999
v -0.03202694 0.06285008 0.00797162
v 0.03082318 0.06285008 0.00797163
v 0.03184252 0.06285008 0.00348236
v 0.0317282 0.0650251 0.00348236
v 0.03082318 0.06455607 0.00797163
v 0.03184252 0.06285008 -0.03243198
v 0.03082315 0.06285008 -0.03692126
v 0.03082315 0.06455607 -0.03692126
v 0.03172818 0.0650251 -0.03243198
v 0.03082318 0.06285008 -0.00100694
v 0.03082318 0.06455607 -0.00100694
v 0.03184252 0.06285008 -0.02345341
v 0.03082317 0.06285008 -0.02794268
v 0.03082317 0.06455607 -0.02794268
v 0.03172818 0.0650251 -0.02345341
v 0.03184252 0.06285008 0.01246094
v 0.03082318 0.06285008 0.00797163
v 0.03082318 0.06455607 0.00797163
v 0.0317282 0.0650251 0.01246094
v 0.03184252 0.06285008 -0.00549621
v 0.03082318 0.06285008 -0.00998552
v 0.03082318 0.06455607 -0.00998552
v 0.0317282 0.0650251 -0.00549621
v 0.03184252 0.06285008 -0.01447479
v 0.03082317 0.06285008 -0.0189641
v 0.03082317 0.06455607 -0.0189641
v 0.0317282 0.0650251 -0.01447479
v 0.03082317 0.06285008 -0.0189641
v 0.03082317 0.06455607 -0.0189641
v 0.03082317 0.06285008 -0.02794268
v 0.03082317 0.06455607 -0.02794268
v 0.03082318 0.06285008 -0.00998552
v 0.03082318 0.06455607 -0.00998552
v 0.03082318 0.06285008 -0.00100694
v 0.03082318 0.06455607 -0.00100694
v -0.0006019 0.08750373 0.01695025
v 0.00562535 0.08750373 0.01695025
v 0.00078045 0.09515295 0.01695025
v -0.0006019 0.09515295 0.01695025
v 0.01171106 0.07985452 0.00797167
v 0.00562539 0.08750373 0.00797167
v 0.006456 0.08809462 0.01246095
v 0.0124581 0.08054805 0.01246095
v 0.0318425 0.06285008 -0.04141056
v 0.03082315 0.06285008 -0.04589987
v 0.03082315 0.06455607 -0.04589987
v 0.03172816 0.0650251 -0.04141056
v -0.0006019 0.07220528 0.01695025
v 0.01998312 0.07220528 0.01695025
v 0.01171102 0.0798545 0.01695025
v -0.0006019 0.0798545 0.01695025
v 0.00078046 0.09515295 -0.04589984
v -0.00060189 0.09515295 -0.04589984
v -0.00060189 0.09617229 -0.04141056
v 0.00127194 0.09604597 -0.04141056
v 0.0007805 0.09515295 0.00797167
v -0.00060186 0.09515295 0.00797164
v -0.00060186 0.09617229 0.01246095
v 0.00127196 0.09604597 0.01246095
v 0.01998317 0.07220528 0.00797167
v 0.02062444 0.07299764 0.01246094
v 0.03082315 0.06455607 0.01695022
v 0.03082315 0.06285008 0.01695022
v 0.0124581 0.08054805 0.00348237
v 0.006456 0.08809462 0.00348237
v 0.00562539 0.08750373 0.00797167
v 0.01171106 0.07985452 0.00797167
v 0.03082318 0.06285008 0.01695025
v 0.03082318 0.06455607 0.01695022
v 0.01171106 0.07985452 -0.00100691
v 0.00562538 0.08750373 -0.00100691
v 0.01245809 0.08054805 -0.00549621
v 0.006456 0.08809462 -0.00549621
v 0.00562538 0.08750373 -0.00100691
v 0.01171106 0.07985452 -0.00100691
v 0.01171105 0.07985452 -0.00998549
v 0.00562538 0.08750373 -0.00998549
v 0.01245809 0.08054805 -0.01447479
v 0.00645598 0.08809462 -0.01447479
v 0.00562538 0.08750373 -0.00998549
v 0.01171105 0.07985452 -0.00998549
v 0.01171104 0.07985452 -0.0189641
v 0.00562537 0.08750373 -0.01896409
v 0.01245809 0.08054805 -0.02345338
v 0.00645598 0.08809462 -0.02345337
v 0.00562537 0.08750373 -0.01896409
v 0.01171104 0.07985452 -0.0189641
v 0.01171104 0.07985452 -0.02794268
v 0.00562536 0.08750373 -0.02794267
v 0.01245807 0.08054805 -0.03243198
v 0.00645598 0.08809462 -0.03243198
v 0.00562536 0.08750373 -0.02794267
v 0.01171104 0.07985452 -0.02794268
v 0.01171104 0.07985452 -0.03692126
v 0.00562536 0.08750373 -0.03692125
v 0.01245807 0.08054805 -0.04141056
v 0.00645598 0.08809461 -0.04141056
v 0.00562536 0.08750373 -0.03692125
v 0.01171104 0.07985452 -0.03692126
v 0.00562539 0.08750373 0.01695025
v 0.01171106 0.07985452 0.01695025
v 0.02062444 0.07299764 0.00348237
v 0.01998317 0.07220528 0.00797167
v 0.01171104 0.0798545 -0.04589984
v 0.00562536 0.08750373 -0.04589984
v 0.01998316 0.07220528 -0.00100691
v 0.02062444 0.07299764 -0.00549621
v 0.01998316 0.07220528 -0.00100691
v 0.01998316 0.07220528 -0.00998549
v 0.02062442 0.07299764 -0.01447479
v 0.01998316 0.07220528 -0.00998549
v 0.01998316 0.07220528 -0.0189641
v 0.02062442 0.07299764 -0.02345338
v 0.01998316 0.07220528 -0.0189641
v 0.01998314 0.07220528 -0.02794268
v 0.02062442 0.07299764 -0.03243198
v 0.01998314 0.07220528 -0.02794268
v 0.01998314 0.07220528 -0.03692126
v 0.0206244 0.07299764 -0.04141056
v 0.01998314 0.07220528 -0.03692126
v 0.03082315 0.06455607 -0.03692126
v 0.01998317 0.07220528 0.01695025
v 0.01998314 0.07220528 -0.04589984
v 0.00127196 0.09604597 0.00348237
v 0.0007805 0.09515295 0.00797167
v 0.00078049 0.09515295 -0.00100691
v 0.00127195 0.09604597 -0.00549621
v 0.00078049 0.09515295 -0.00100691
v 0.00078048 0.09515295 -0.00998549
v 0.00127194 0.09604597 -0.01447479
v 0.00078048 0.09515295 -0.00998549
v 0.00078048 0.09515295 -0.01896409
v 0.00127194 0.09604597 -0.02345337
v 0.00078048 0.09515295 -0.01896409
v 0.00078047 0.09515295 -0.02794267
v 0.00127194 0.09604597 -0.03243198
v 0.00078047 0.09515295 -0.02794267
v 0.00078047 0.09515295 -0.03692125
v 0.00078047 0.09515295 -0.03692125
v 0.0007805 0.09515295 0.01695025
v -0.00060187 0.09617229 0.00348237
v -0.00060186 0.09515295 0.00797164
v -0.00060186 0.09515295 -0.00100694
v -0.00060187 0.09617229 -0.00549621
v -0.00060186 0.09515295 -0.00100694
v -0.00060187 0.09515295 -0.00998552
v -0.00060188 0.09617229 -0.01447479
v -0.00060187 0.09515295 -0.00998552
v -0.00060188 0.09515295 -0.01896409
v -0.00060188 0.09617229 -0.02345337
v -0.00060188 0.09515295 -0.01896409
v -0.00060189 0.09515295 -0.02794267
v -0.00060189 0.09617229 -0.03243198
v -0.00060189 0.09515295 -0.02794267
v -0.00060189 0.09515295 -0.03692125
v -0.00060189 0.09515295 -0.03692125
v -0.00060186 0.09515295 0.01695025
v 0.03082315 0.06285008 -0.03692126
v 0.00388746 0.06285008 0.01695024
v 0.00837674 0.06285008 0.01796958
v 0.00837674 0.0650251 0.01785526
v 0.00388746 0.06455607 0.01695024
v 0.01286604 0.06285008 0.01695024
v 0.01286604 0.06455607 0.01695024
v -0.00060184 0.06285008 0.01796958
v 0.00388746 0.06285008 0.01695024
v 0.00388746 0.06455607 0.01695024
v -0.00060184 0.0650251 0.01785526
v 0.01735531 0.06285008 0.01796958
v 0.02184462 0.06285008 0.01695024
v 0.02184462 0.06455607 0.01695024
v 0.01735531 0.0650251 0.01785526
v 0.02633389 0.06285008 0.01796958
v 0.0308232 0.06285008 0.01695024
v 0.0308232 0.06455607 0.01695024
v 0.02633389 0.0650251 0.01785526
v 0.02184462 0.06285008 0.01695024
v 0.02184462 0.06455607 0.01695024
v 0.01286604 0.06285008 0.01695024
v 0.01286604 0.06455607 0.01695024
v 0.00388743 0.07985452 -0.00216187
v 0.00388743 0.08750373 -0.00824754
v -0.00060184 0.08809462 -0.00741693
v -0.00060184 0.08054805 -0.00141483
v 0.00388743 0.09515295 -0.01309244
v 0.00388746 0.09515295 -0.01447479
v -0.00060184 0.09617229 -0.01447479
v -0.00060184 0.09604597 -0.01260097
v 0.00388743 0.07220528 0.00611024
v -0.00060184 0.07299764 0.0067515
v 0.00837674 0.08054805 -0.00141483
v 0.00837674 0.08809462 -0.00741694
v 0.00388743 0.08750373 -0.00824754
v 0.00388743 0.07985452 -0.00216187
v 0.01286601 0.07985452 -0.00216188
v 0.01286601 0.08750373 -0.00824754
v 0.01735531 0.08054805 -0.00141483
v 0.01735531 0.08809462 -0.00741694
v 0.01286601 0.08750373 -0.00824754
v 0.01286601 0.07985452 -0.00216188
v 0.02184459 0.07985452 -0.00216188
v 0.02184459 0.08750373 -0.00824754
v 0.02633389 0.08054805 -0.00141484
v 0.02633389 0.08809462 -0.00741694
v 0.02184459 0.08750373 -0.00824754
v 0.02184459 0.07985452 -0.00216188
v 0.0308232 0.07985452 -0.00216188
v 0.0308232 0.08750373 -0.00824755
v 0.00837674 0.07299764 0.0067515
v 0.00388743 0.07220528 0.00611024
v 0.01286601 0.07220528 0.00611024
v 0.01735531 0.07299764 0.0067515
v 0.01286601 0.07220528 0.00611024
v 0.02184459 0.07220528 0.00611024
v 0.02633389 0.07299764 0.0067515
v 0.02184459 0.07220528 0.00611024
v 0.0308232 0.07220528 0.00611024
v 0.00837674 0.09604597 -0.01260098
v 0.00388743 0.09515295 -0.01309244
v 0.01286601 0.09515295 -0.01309244
v 0.01735531 0.09604597 -0.01260098
v 0.01286601 0.09515295 -0.01309244
v 0.02184459 0.09515295 -0.01309244
v 0.02633389 0.09604597 -0.01260098
v 0.02184459 0.09515295 -0.01309244
v 0.0308232 0.09515295 -0.01309245
v 0.00837674 0.09617229 -0.0144748
v 0.00388746 0.09515295 -0.01447479
v 0.01286604 0.09515295 -0.01447479
v 0.01735531 0.09617229 -0.0144748
v 0.01286604 0.09515295 -0.01447479
v 0.02184462 0.09515295 -0.01447479
v 0.02633389 0.09617229 -0.0144748
v 0.02184462 0.09515295 -0.01447479
v 0.0308232 0.09515295 -0.0144748
v 0.00837677 0.06285008 -0.04691922
v 0.00388749 0.06285008 -0.04589987
v 0.00388749 0.06455607 -0.04589987
v 0.00837677 0.0650251 -0.0468049
v 0.01735534 0.06285008 -0.04691922
v 0.01286607 0.06285008 -0.04589987
v 0.01286607 0.06455607 -0.04589987
v 0.01735534 0.0650251 -0.04680491
v 0.02633395 0.06285008 -0.04691923
v 0.02184465 0.06285008 -0.04589988
v 0.02184465 0.06455607 -0.04589988
v 0.02633395 0.0650251 -0.04680491
v 0.02184465 0.06285008 -0.04589988
v 0.02184465 0.06455607 -0.04589988
v 0.01286607 0.06285008 -0.04589987
v 0.01286607 0.06455607 -0.04589987
v 0.03082323 0.06285008 -0.04589988
v 0.03082323 0.06455607 -0.04589988
v 0.02633395 0.08054805 -0.0275348
v 0.02633395 0.08809462 -0.0215327
v 0.03082326 0.08750373 -0.02070209
v 0.03082326 0.07985452 -0.02678776
v 0.02184465 0.07985452 -0.02678776
v 0.02184465 0.08750373 -0.02070208
v 0.01735537 0.08054805 -0.0275348
v 0.01735537 0.08809462 -0.0215327
v 0.02184465 0.08750373 -0.02070208
v 0.02184465 0.07985452 -0.02678776
v 0.01286607 0.07985452 -0.02678775
v 0.01286607 0.08750373 -0.02070208
v 0.00837677 0.08054805 -0.02753479
v 0.00837677 0.08809462 -0.0215327
v 0.01286607 0.08750373 -0.02070208
v 0.01286607 0.07985452 -0.02678775
v 0.00388749 0.07985452 -0.02678775
v 0.00388749 0.08750373 -0.02070208
v -0.00060181 0.08054805 -0.02753479
v -0.00060181 0.08809461 -0.0215327
v 0.00388749 0.08750373 -0.02070208
v 0.00388749 0.07985452 -0.02678775
v 0.02633395 0.07299764 -0.03570114
v 0.03082326 0.07220528 -0.03505986
v 0.02184465 0.07220528 -0.03505986
v 0.01735537 0.07299764 -0.03570113
v 0.02184465 0.07220528 -0.03505986
v 0.01286607 0.07220528 -0.03505986
v 0.00837677 0.07299764 -0.03570113
v 0.01286607 0.07220528 -0.03505986
v 0.00388749 0.07220528 -0.03505986
v -0.00060181 0.0650251 -0.04680488
v -0.00060181 0.07299764 -0.03570112
v 0.00388749 0.07220528 -0.03505986
v 0.00388749 0.06455607 -0.04589987
v 0.02633395 0.09604597 -0.01634865
v 0.03082326 0.09515295 -0.01585719
v 0.02184465 0.09515295 -0.01585719
v 0.01735537 0.09604597 -0.01634865
v 0.02184465 0.09515295 -0.01585719
v 0.01286607 0.09515295 -0.01585719
v 0.00837677 0.09604597 -0.01634865
v 0.01286607 0.09515295 -0.01585719
v 0.00388749 0.09515295 -0.01585719
v -0.00060181 0.09604597 -0.01634865
v 0.00388749 0.09515295 -0.01585719
v 0.02633395 0.09617229 -0.01447483
v 0.03082323 0.09515295 -0.01447484
v 0.02184465 0.09515295 -0.01447483
v 0.01735537 0.09617229 -0.01447483
v 0.02184465 0.09515295 -0.01447483
v 0.01286607 0.09515295 -0.01447483
v 0.00837677 0.09617229 -0.01447483
v 0.01286607 0.09515295 -0.01447483
v 0.00388749 0.09515295 -0.01447483
v -0.00060181 0.09617229 -0.01447483
v 0.00388749 0.09515295 -0.01447483
v 0.00388749 0.06285008 -0.04589987
v -0.00060181 0.06285008 -0.04691921
v 0.00388746 0.06285008 -0.04589988
v 0.00837674 0.06285008 -0.04488054
v 0.00837674 0.0650251 -0.04499486
v 0.00388746 0.06455607 -0.04589988
v 0.01286604 0.06285008 -0.04589988
v 0.01286604 0.06455607 -0.04589988
v -0.00060184 0.06285008 -0.04488054
v 0.00388746 0.06285008 -0.04589988
v 0.00388746 0.06455607 -0.04589988
v -0.00060184 0.0650251 -0.04499486
v 0.01735531 0.06285008 -0.04488054
v 0.02184462 0.06285008 -0.04589988
v 0.02184462 0.06455607 -0.04589988
v 0.01735531 0.0650251 -0.04499486
v 0.02633389 0.06285008 -0.04488054
v 0.0308232 0.06285008 -0.04589988
v 0.0308232 0.06455607 -0.04589988
v 0.02633389 0.0650251 -0.04499486
v 0.02184462 0.06285008 -0.04589988
v 0.02184462 0.06455607 -0.04589988
v 0.01286604 0.06285008 -0.04589988
v 0.01286604 0.06455607 -0.04589988
v 0.00388743 0.07985452 -0.06501199
v 0.00388743 0.08750373 -0.07109766
v -0.00060184 0.08809462 -0.07026705
v -0.00060184 0.08054805 -0.06426495
v 0.00388743 0.09515295 -0.07594255
v 0.00388746 0.09515295 -0.07732491
v -0.00060184 0.09617229 -0.07732491
v -0.00060184 0.09604597 -0.07545109
v 0.00388743 0.07220528 -0.05673988
v -0.00060184 0.07299764 -0.05609861
v 0.00837674 0.08054805 -0.06426495
v 0.00837674 0.08809462 -0.07026706
v 0.00388743 0.08750373 -0.07109766
v 0.00388743 0.07985452 -0.06501199
v 0.01286601 0.07985452 -0.06501199
v 0.01286601 0.08750373 -0.07109766
v 0.01735531 0.08054805 -0.06426495
v 0.01735531 0.08809462 -0.07026706
v 0.01286601 0.08750373 -0.07109766
v 0.01286601 0.07985452 -0.06501199
v 0.02184459 0.07985452 -0.06501199
v 0.02184459 0.08750373 -0.07109766
v 0.02633389 0.08054805 -0.06426496
v 0.02633389 0.08809462 -0.07026706
v 0.02184459 0.08750373 -0.07109766
v 0.02184459 0.07985452 -0.06501199
v 0.0308232 0.07985452 -0.06501199
v 0.0308232 0.08750373 -0.07109767
v 0.00837674 0.07299764 -0.05609861
v 0.00388743 0.07220528 -0.05673988
v 0.01286601 0.07220528 -0.05673988
v 0.01735531 0.07299764 -0.05609861
v 0.01286601 0.07220528 -0.05673988
v 0.02184459 0.07220528 -0.05673988
v 0.02633389 0.07299764 -0.05609861
v 0.02184459 0.07220528 -0.05673988
v 0.0308232 0.07220528 -0.05673988
v 0.00837674 0.09604597 -0.0754511
v 0.00388743 0.09515295 -0.07594255
v 0.01286601 0.09515295 -0.07594256
v 0.01735531 0.09604597 -0.0754511
v 0.01286601 0.09515295 -0.07594256
v 0.02184459 0.09515295 -0.07594256
v 0.02633389 0.09604597 -0.0754511
v 0.02184459 0.09515295 -0.07594256
v 0.0308232 0.09515295 -0.07594257
v 0.00837674 0.09617229 -0.07732492
v 0.00388746 0.09515295 -0.07732491
v 0.01286604 0.09515295 -0.07732491
v 0.01735531 0.09617229 -0.07732492
v 0.01286604 0.09515295 -0.07732491
v 0.02184462 0.09515295 -0.07732491
v 0.02633389 0.09617229 -0.07732492
v 0.02184462 0.09515295 -0.07732491
v 0.0308232 0.09515295 -0.07732492
v 0.00837677 0.06285008 -0.10976934
v 0.00388749 0.06285008 -0.10874998
v 0.00388749 0.06455607 -0.10874998
v 0.00837677 0.0650251 -0.10965502
v 0.01735534 0.06285008 -0.10976934
v 0.01286607 0.06285008 -0.10875
v 0.01286607 0.06455607 -0.10875
v 0.01735534 0.0650251 -0.10965502
v 0.02633395 0.06285008 -0.10976934
v 0.02184465 0.06285008 -0.10875
v 0.02184465 0.06455607 -0.10875
v 0.02633395 0.0650251 -0.10965502
v 0.02184465 0.06285008 -0.10875
v 0.02184465 0.06455607 -0.10875
v 0.01286607 0.06285008 -0.10875
v 0.01286607 0.06455607 -0.10875
v 0.03082323 0.06285008 -0.10875
v 0.03082323 0.06455607 -0.10875
v 0.02633395 0.08054805 -0.09038491
v 0.02633395 0.08809462 -0.08438281
v 0.03082326 0.08750373 -0.08355221
v 0.03082326 0.07985452 -0.08963788
v 0.02184465 0.07985452 -0.08963788
v 0.02184465 0.08750373 -0.0835522
v 0.01735537 0.08054805 -0.09038491
v 0.01735537 0.08809462 -0.08438281
v 0.02184465 0.08750373 -0.0835522
v 0.02184465 0.07985452 -0.08963788
v 0.01286607 0.07985452 -0.08963787
v 0.01286607 0.08750373 -0.0835522
v 0.00837677 0.08054805 -0.09038491
v 0.00837677 0.08809462 -0.08438281
v 0.01286607 0.08750373 -0.0835522
v 0.01286607 0.07985452 -0.08963787
v 0.00388749 0.07985452 -0.08963787
v 0.00388749 0.08750373 -0.0835522
v -0.00060181 0.08054805 -0.09038491
v -0.00060181 0.08809461 -0.08438281
v 0.00388749 0.08750373 -0.0835522
v 0.00388749 0.07985452 -0.08963787
v 0.02633395 0.07299764 -0.09855126
v 0.03082326 0.07220528 -0.09790998
v 0.02184465 0.07220528 -0.09790998
v 0.01735537 0.07299764 -0.09855125
v 0.02184465 0.07220528 -0.09790998
v 0.01286607 0.07220528 -0.09790998
v 0.00837677 0.07299764 -0.09855125
v 0.01286607 0.07220528 -0.09790998
v 0.00388749 0.07220528 -0.09790998
v -0.00060181 0.0650251 -0.10965499
v -0.00060181 0.07299764 -0.09855124
v 0.00388749 0.07220528 -0.09790998
v 0.00388749 0.06455607 -0.10874998
v 0.02633395 0.09604597 -0.07919877
v 0.03082326 0.09515295 -0.07870731
v 0.02184465 0.09515295 -0.0787073
v 0.01735537 0.09604597 -0.07919877
v 0.02184465 0.09515295 -0.0787073
v 0.01286607 0.09515295 -0.0787073
v 0.00837677 0.09604597 -0.07919877
v 0.01286607 0.09515295 -0.0787073
v 0.00388749 0.09515295 -0.0787073
v -0.00060181 0.09604597 -0.07919877
v 0.00388749 0.09515295 -0.0787073
v 0.02633395 0.09617229 -0.07732495
v 0.03082323 0.09515295 -0.07732496
v 0.02184465 0.09515295 -0.07732495
v 0.01735537 0.09617229 -0.07732495
v 0.02184465 0.09515295 -0.07732495
v 0.01286607 0.09515295 -0.07732495
v 0.00837677 0.09617229 -0.07732495
v 0.01286607 0.09515295 -0.07732495
v 0.00388749 0.09515295 -0.07732495
v -0.00060181 0.09617229 -0.07732495
v 0.00388749 0.09515295 -0.07732495
v 0.00388749 0.06285008 -0.10874998
v -0.00060181 0.06285008 -0.10976933
v 0.09311225 0.06667705 0.01626192
v 0.09311225 0.06667705 0.02214078
v 0.09391331 0.06916607 0.0213397
v 0.09391331 0.06916607 0.01706299
v 0.0989911 0.06667705 0.01626192
v 0.09311225 0.06667705 0.01626192
v 0.09391331 0.06916607 0.01706299
v 0.09819003 0.06916607 0.01706299
v 0.0989911 0.06667705 0.02214078
v 0.09819003 0.06916607 0.0213397
v 0.09930365 0.06181218 0.01594937
v 0.09279968 0.06181218 0.01594937
v 0.09279968 0.06667705 0.01594937
v 0.09930365 0.06667705 0.01594937
v 0.09279968 0.06181218 0.01594937
v 0.09279968 0.06181217 0.02245332
v 0.09279968 0.06667705 0.02245332
v 0.09279968 0.06667705 0.01594937
v 0.09930365 0.06181217 0.02245332
v 0.09930365 0.06181218 0.01594937
v 0.09930365 0.06667705 0.01594937
v 0.09930365 0.06667705 0.02245332
v 0.09930365 0.06181217 0.02245332
v 0.09930365 0.06667705 0.02245332
v 0.09279968 0.06181217 0.02245332
v 0.09279968 0.06181218 0.01594937
v 0.09930365 0.06181218 0.01594937
v 0.09930365 0.06181217 0.02245332
v 0.09367328 0.06285008 -0.11372453
v 0.03082318 0.06285008 -0.11372453
v 0.03082318 0.06544882 -0.11372453
v 0.09367328 0.06544882 -0.11372453
v 0.03082318 0.06544882 -0.10874995
v 0.09367328 0.06544882 -0.10874995
v 0.09367328 0.06544882 -0.11372453
v 0.03082318 0.06544882 -0.11372453
v 0.03082318 0.06285008 -0.10874995
v 0.09367328 0.06285008 -0.11372453
v 0.09367328 0.06285008 -0.10874995
v 0.03082318 0.06285008 -0.10874995
v 0.09367328 0.06285008 -0.10874995
v 0.0308232 0.06285007 -0.11372452
v -0.03202691 0.06285007 -0.11372452
v -0.03202691 0.0654488 -0.11372452
v 0.0308232 0.0654488 -0.11372452
v -0.03202691 0.0654488 -0.10874994
v 0.0308232 0.0654488 -0.10874994
v 0.0308232 0.0654488 -0.11372452
v -0.03202691 0.0654488 -0.11372452
v -0.03202691 0.06285007 -0.10874994
v 0.0308232 0.06285007 -0.11372452
v 0.0308232 0.06285007 -0.10874994
v -0.03202691 0.06285007 -0.10874994
v 0.0308232 0.06285007 -0.10874994
v -0.03700151 0.06285008 -0.10875001
v -0.03700151 0.06285008 -0.04589991
v -0.03700151 0.06544882 -0.04589991
v -0.03700151 0.06544882 -0.10875001
v -0.03202693 0.06544882 -0.04589991
v -0.03202693 0.06544882 -0.10875001
v -0.03700151 0.06544882 -0.10875001
v -0.03700151 0.06544882 -0.04589991
v -0.03202693 0.06285008 -0.04589991
v -0.03700151 0.06285008 -0.10875001
v -0.03202693 0.06285008 -0.10875001
v -0.03202693 0.06285008 -0.04589991
v -0.03202693 0.06285008 -0.10875001
v -0.03202694 0.06285008 -0.05087448
v -0.09487705 0.06285008 -0.05087448
v -0.09487705 0.06544882 -0.05087448
v -0.03202694 0.06544882 -0.05087448
v -0.09487705 0.06544882 -0.0458999
v -0.03202694 0.06544882 -0.0458999
v -0.03202694 0.06544882 -0.05087448
v -0.09487705 0.06544882 -0.05087448
v -0.09487705 0.06285008 -0.0458999
v -0.03202694 0.06285008 -0.05087448
v -0.03202694 0.06285008 -0.0458999
v -0.09487705 0.06285008 -0.0458999
v -0.03202694 0.06285008 -0.0458999
v -0.0998516 0.06285008 -0.0458999
v -0.0998516 0.06285008 0.01695021
v -0.0998516 0.06544882 0.01695021
v -0.0998516 0.06544882 -0.0458999
v -0.09487702 0.06544882 0.01695021
v -0.09487702 0.06544882 -0.0458999
v -0.0998516 0.06544882 -0.0458999
v -0.0998516 0.06544882 0.01695021
v -0.09487702 0.06285008 0.01695021
v -0.0998516 0.06285008 -0.0458999
v -0.09487702 0.06285008 -0.0458999
v -0.09487702 0.06285008 0.01695021
v -0.09487702 0.06285008 -0.0458999
v -0.09487702 0.06285008 0.02192482
v -0.03202692 0.06285008 0.02192482
v -0.03202692 0.06544882 0.02192482
v -0.09487702 0.06544882 0.02192482
v -0.03202692 0.06544882 0.01695024
v -0.09487702 0.06544882 0.01695024
v -0.09487702 0.06544882 0.02192482
v -0.03202692 0.06544882 0.02192482
v -0.03202692 0.06285008 0.01695024
v -0.09487702 0.06285008 0.02192482
v -0.09487702 0.06285008 0.01695024
v -0.03202692 0.06285008 0.01695024
v -0.09487702 0.06285008 0.01695024
v 0.0308232 0.06285008 0.02192482
v 0.0936733 0.06285008 0.02192482
v 0.0936733 0.06544882 0.02192482
v 0.0308232 0.06544882 0.02192482
v 0.0936733 0.06544882 0.01695024
v 0.0308232 0.06544882 0.01695024
v 0.0308232 0.06544882 0.02192482
v 0.0936733 0.06544882 0.02192482
v 0.0936733 0.06285008 0.01695024
v 0.0308232 0.06285008 0.02192482
v 0.0308232 0.06285008 0.01695024
v 0.0936733 0.06285008 0.01695024
v 0.0308232 0.06285008 0.01695024
v -0.01945691 0.06285008 0.01695024
v -0.01945691 0.06285008 0.0219248
v -0.03202693 0.06285008 0.0219248
v -0.03202693 0.06285008 0.01695024
v -0.01945691 0.06544882 0.01695024
v -0.03202693 0.06544882 0.01695024
v -0.03202693 0.06544882 0.0219248
v -0.01945691 0.06544882 0.0219248
v 0.01825313 0.06285008 0.0219248
v 0.03082315 0.06285008 0.0219248
v 0.03082315 0.06544882 0.0219248
v 0.01825313 0.06544882 0.0219248
v -0.03202693 0.06285008 0.0219248
v -0.01945691 0.06285008 0.0219248
v -0.01945691 0.06544882 0.0219248
v -0.03202693 0.06544882 0.0219248
v -0.0068869 0.06285008 0.0219248
v 0.00568312 0.06285008 0.0219248
v 0.00568312 0.06544882 0.0219248
v -0.0068869 0.06544882 0.0219248
v 0.03082315 0.06544882 0.01695024
v 0.01825313 0.06544882 0.01695024
v 0.01825313 0.06544882 0.0219248
v 0.03082315 0.06544882 0.0219248
v 0.00568312 0.06544882 0.01695024
v -0.0068869 0.06544882 0.01695024
v -0.0068869 0.06544882 0.0219248
v 0.00568312 0.06544882 0.0219248
v 0.03082315 0.06285008 0.01695024
v 0.03082315 0.06285008 0.0219248
v 0.01825313 0.06285008 0.0219248
v 0.01825313 0.06285008 0.01695024
v 0.00568312 0.06285008 0.01695024
v 0.00568312 0.06285008 0.0219248
v -0.0068869 0.06285008 0.0219248
v -0.0068869 0.06285008 0.01695024
v -0.01945691 0.06623448 0.02271045
v -0.01945691 0.06206447 0.02271045
v -0.0068869 0.06206447 0.02271045
v -0.0068869 0.06623448 0.02271045
v 0.00568312 0.06623448 0.02271045
v 0.00568312 0.06206447 0.02271045
v 0.01825313 0.06206447 0.02271045
v 0.01825313 0.06623448 0.02271045
v -0.0068869 0.06623448 0.02271045
v -0.0068869 0.06623445 0.01695024
v -0.00915418 0.06847856 0.01695021
v -0.00915418 0.06847856 0.02102752
v 0.01825313 0.06623448 0.02271045
v 0.01825313 0.06206447 0.02271045
v 0.01825313 0.06206447 0.01695024
v 0.01825313 0.06623445 0.01695024
v -0.0068869 0.06206447 0.02271045
v -0.01945691 0.06206447 0.02271045
v -0.01945691 0.06206447 0.01695024
v -0.0068869 0.06206447 0.01695024
v -0.0068869 0.06206447 0.02271045
v -0.0068869 0.06206447 0.01695024
v -0.01945691 0.06206447 0.01695024
v -0.01945691 0.06206447 0.02271045
v -0.01945691 0.06623448 0.02271045
v -0.01945691 0.06623445 0.01695024
v 0.01825313 0.06206447 0.01695024
v 0.01825313 0.06206447 0.02271045
v 0.00568312 0.06206447 0.02271045
v 0.00568312 0.06206447 0.01695024
v 0.00568312 0.06206447 0.01695024
v 0.00568312 0.06206447 0.02271045
v 0.00568312 0.06623448 0.02271045
v 0.00568312 0.06623445 0.01695024
v 0.01598585 0.06847856 0.01695021
v 0.00795041 0.06847856 0.01695021
v 0.00795041 0.06847856 0.02102752
v 0.01598585 0.06847856 0.02102752
v -0.00915418 0.06847856 0.01695021
v -0.01718963 0.06847856 0.01695021
v -0.01718963 0.06847856 0.02102752
v -0.00915418 0.06847856 0.02102752
v -0.01718963 0.06847856 0.02102752
v -0.01718963 0.06847856 0.01695021
v 0.01598585 0.06847856 0.01695021
v 0.01598585 0.06847856 0.02102752
v 0.00795041 0.06847856 0.02102752
v 0.00795041 0.06847856 0.01695021
v -0.00915418 0.06847856 0.02102752
v -0.01718963 0.06847856 0.02102752
v 0.01598585 0.06847856 0.02102752
v 0.00795041 0.06847856 0.02102752
v 0.09367328 0.06285008 0.0043802
v 0.09864784 0.06285008 0.0043802
v 0.09864784 0.06285008 0.01695022
v 0.09367328 0.06285008 0.01695022
v 0.09367328 0.06544882 0.0043802
v 0.09367328 0.06544882 0.01695022
v 0.09864784 0.06544882 0.01695022
v 0.09864784 0.06544882 0.0043802
v 0.09864784 0.06285008 -0.03332984
v 0.09864784 0.06285008 -0.04589986
v 0.09864784 0.06544882 -0.04589986
v 0.09864784 0.06544882 -0.03332984
v 0.09864784 0.06285008 0.01695022
v 0.09864784 0.06285008 0.0043802
v 0.09864784 0.06544882 0.0043802
v 0.09864784 0.06544882 0.01695022
v 0.09864784 0.06285008 -0.0081898
v 0.09864784 0.06285008 -0.02075984
v 0.09864784 0.06544882 -0.02075984
v 0.09864784 0.06544882 -0.0081898
v 0.09367328 0.06544882 -0.04589986
v 0.09367328 0.06544882 -0.03332984
v 0.09864784 0.06544882 -0.03332984
v 0.09864784 0.06544882 -0.04589986
v 0.09367328 0.06544882 -0.02075984
v 0.09367328 0.06544882 -0.0081898
v 0.09864784 0.06544882 -0.0081898
v 0.09864784 0.06544882 -0.02075984
v 0.09367328 0.06285008 -0.04589986
v 0.09864784 0.06285008 -0.04589986
v 0.09864784 0.06285008 -0.03332984
v 0.09367328 0.06285008 -0.03332984
v 0.09367328 0.06285008 -0.02075984
v 0.09864784 0.06285008 -0.02075984
v 0.09864784 0.06285008 -0.0081898
v 0.09367328 0.06285008 -0.0081898
v 0.09943349 0.06623448 0.0043802
v 0.09943349 0.06206447 0.0043802
v 0.09943349 0.06206447 -0.0081898
v 0.09943349 0.06623448 -0.0081898
v 0.09943349 0.06623448 -0.02075984
v 0.09943349 0.06206447 -0.02075984
v 0.09943349 0.06206447 -0.03332984
v 0.09943349 0.06623448 -0.03332984
v 0.09943349 0.06623448 -0.0081898
v 0.09367328 0.06623445 -0.0081898
v 0.09367325 0.06847856 -0.00592252
v 0.09775057 0.06847856 -0.00592252
v 0.09943349 0.06623448 -0.03332984
v 0.09943349 0.06206447 -0.03332984
v 0.09367328 0.06206447 -0.03332984
v 0.09367328 0.06623445 -0.03332984
v 0.09943349 0.06206447 -0.0081898
v 0.09943349 0.06206447 0.0043802
v 0.09367328 0.06206447 0.0043802
v 0.09367328 0.06206447 -0.0081898
v 0.09943349 0.06206447 -0.0081898
v 0.09367328 0.06206447 -0.0081898
v 0.09367328 0.06206447 0.0043802
v 0.09943349 0.06206447 0.0043802
v 0.09943349 0.06623448 0.0043802
v 0.09367328 0.06623445 0.0043802
v 0.09367328 0.06206447 -0.03332984
v 0.09943349 0.06206447 -0.03332984
v 0.09943349 0.06206447 -0.02075984
v 0.09367328 0.06206447 -0.02075984
v 0.09367328 0.06206447 -0.02075984
v 0.09943349 0.06206447 -0.02075984
v 0.09943349 0.06623448 -0.02075984
v 0.09367328 0.06623445 -0.02075984
v 0.09367325 0.06847856 -0.03106256
v 0.09367325 0.06847856 -0.02302712
v 0.09775057 0.06847856 -0.02302712
v 0.09775057 0.06847856 -0.03106256
v 0.09367325 0.06847856 -0.00592252
v 0.09367325 0.06847856 0.00211292
v 0.09775057 0.06847856 0.00211292
v 0.09775057 0.06847856 -0.00592252
v 0.09775057 0.06847856 0.00211292
v 0.09367325 0.06847856 0.00211292
v 0.09367325 0.06847856 -0.03106256
v 0.09775057 0.06847856 -0.03106256
v 0.09775057 0.06847856 -0.02302712
v 0.09367325 0.06847856 -0.02302712
v 0.09775057 0.06847856 -0.00592252
v 0.09775057 0.06847856 0.00211292
v 0.09775057 0.06847856 -0.03106256
v 0.09775057 0.06847856 -0.02302712
v 0.09943349 0.06623448 -0.05846994
v 0.09943349 0.06623448 -0.07103994
v 0.09775057 0.06847856 -0.06877266
v 0.09775057 0.06847856 -0.06073722
v 0.09943349 0.06623448 -0.09617998
v 0.09367328 0.06623445 -0.09617998
v 0.09367325 0.06847856 -0.0939127
v 0.09775057 0.06847856 -0.0939127
v 0.09367325 0.06847856 -0.06877266
v 0.09367325 0.06847856 -0.06073722
v 0.09775057 0.06847856 -0.06073722
v 0.09775057 0.06847856 -0.06877266
v 0.09367328 0.06623445 -0.08360998
v 0.09943349 0.06623448 -0.08360998
v 0.09775057 0.06847856 -0.08587726
v 0.09367325 0.06847856 -0.08587726
v 0.09367328 0.06206447 -0.08360998
v 0.09943349 0.06206447 -0.08360998
v 0.09367328 0.06623445 -0.05846994
v 0.09943349 0.06623448 -0.05846994
v 0.09775057 0.06847856 -0.06073722
v 0.09367325 0.06847856 -0.06073722
v 0.09367328 0.06206447 -0.09617998
v 0.09943349 0.06206447 -0.09617998
v 0.09943349 0.06206447 -0.08360998
v 0.09367328 0.06206447 -0.08360998
v 0.09943349 0.06623448 -0.08360998
v 0.09943349 0.06623448 -0.09617998
v 0.09775057 0.06847856 -0.0939127
v 0.09775057 0.06847856 -0.08587726
v 0.09367325 0.06847856 -0.0939127
v 0.09367325 0.06847856 -0.08587726
v 0.09775057 0.06847856 -0.08587726
v 0.09775057 0.06847856 -0.0939127
v 0.09864784 0.06285008 -0.07103994
v 0.09864784 0.06285008 -0.08360998
v 0.09864784 0.06544882 -0.08360998
v 0.09864784 0.06544882 -0.07103994
v 0.09943349 0.06623448 -0.07103994
v 0.09367328 0.06623445 -0.07103994
v 0.09367325 0.06847856 -0.06877266
v 0.09775057 0.06847856 -0.06877266
v 0.09367328 0.06285008 -0.08360998
v 0.09864784 0.06285008 -0.08360998
v 0.09864784 0.06285008 -0.07103994
v 0.09367328 0.06285008 -0.07103994
v 0.09367328 0.06206447 -0.05846994
v 0.09943349 0.06206447 -0.05846994
v 0.09864784 0.06285008 -0.09617998
v 0.09864784 0.06285008 -0.10875
v 0.09864784 0.06544882 -0.10875
v 0.09864784 0.06544882 -0.09617998
v 0.09943349 0.06206447 -0.05846994
v 0.09943349 0.06206447 -0.07103994
v 0.09367328 0.06285008 -0.10875
v 0.09864784 0.06285008 -0.10875
v 0.09864784 0.06285008 -0.09617998
v 0.09367328 0.06285008 -0.09617998
v 0.09864784 0.06285008 -0.04589992
v 0.09864784 0.06285008 -0.05846994
v 0.09864784 0.06544882 -0.05846994
v 0.09864784 0.06544882 -0.04589992
v 0.09943349 0.06206447 -0.09617998
v 0.09367328 0.06206447 -0.09617998
v 0.09367328 0.06544882 -0.05846994
v 0.09367328 0.06544882 -0.04589992
v 0.09864784 0.06544882 -0.04589992
v 0.09864784 0.06544882 -0.05846994
v 0.09367328 0.06285008 -0.05846994
v 0.09864784 0.06285008 -0.05846994
v 0.09864784 0.06285008 -0.04589992
v 0.09367328 0.06285008 -0.04589992
v 0.09367328 0.06544882 -0.08360998
v 0.09367328 0.06544882 -0.07103994
v 0.09864784 0.06544882 -0.07103994
v 0.09864784 0.06544882 -0.08360998
v 0.09943349 0.06206447 -0.07103994
v 0.09367328 0.06206447 -0.07103994
v 0.09943349 0.06206447 -0.07103994
v 0.09943349 0.06206447 -0.05846994
v 0.09367328 0.06206447 -0.05846994
v 0.09367328 0.06206447 -0.07103994
v 0.09367328 0.06544882 -0.10875
v 0.09367328 0.06544882 -0.09617998
v 0.09864784 0.06544882 -0.09617998
v 0.09864784 0.06544882 -0.10875
v 0.09943349 0.06206447 -0.08360998
v 0.09943349 0.06206447 -0.09617998
v 0.0989911 0.06667705 0.02214078
v 0.09819003 0.06916607 0.0213397
v 0.09930365 0.06667705 0.01594937
v 0.09279968 0.06667705 0.01594937
v 0.09311225 0.06667705 0.01626192
v 0.0989911 0.06667705 0.01626192
v 0.09279968 0.06667705 0.02245332
v 0.09930365 0.06667705 0.02245332
v 0.0989911 0.06667705 0.02214078
v 0.09311225 0.06667705 0.02214078
v 0.09724322 0.07048569 0.02039291
v 0.09486011 0.07048569 0.02039291
v 0.09724322 0.07048569 0.01800978
v 0.09486011 0.07048569 0.01800978
v 0.09486011 0.07048569 0.02039291
v 0.09724322 0.07048569 0.02039291
v 0.09486011 0.07048569 0.01800978
v 0.09724322 0.07048569 0.01800978
v 0.09486011 0.07048569 0.01800978
v 0.09724322 0.07048569 0.02039291
v 0.09311225 0.06667705 -0.11393092
v 0.09311225 0.06667705 -0.10805206
v 0.09391331 0.06916607 -0.10885314
v 0.09391331 0.06916607 -0.11312984
v 0.0989911 0.06667705 -0.11393092
v 0.09311225 0.06667705 -0.11393092
v 0.09391331 0.06916607 -0.11312984
v 0.09819003 0.06916607 -0.11312984
v 0.0989911 0.06667705 -0.10805206
v 0.09819003 0.06916607 -0.10885314
v 0.09930365 0.06181218 -0.11424347
v 0.09279968 0.06181218 -0.11424347
v 0.09279968 0.06667705 -0.11424347
v 0.09930365 0.06667705 -0.11424347
v 0.09279968 0.06181218 -0.11424347
v 0.09279968 0.06181217 -0.10773951
v 0.09279968 0.06667705 -0.10773951
v 0.09279968 0.06667705 -0.11424347
v 0.09930365 0.06181217 -0.10773951
v 0.09930365 0.06181218 -0.11424347
v 0.09930365 0.06667705 -0.11424347
v 0.09930365 0.06667705 -0.10773951
v 0.09930365 0.06181217 -0.10773951
v 0.09930365 0.06667705 -0.10773951
v 0.09279968 0.06181217 -0.10773951
v 0.09279968 0.06181218 -0.11424347
v 0.09930365 0.06181218 -0.11424347
v 0.09930365 0.06181217 -0.10773951
v 0.0989911 0.06667705 -0.10805206
v 0.09819003 0.06916607 -0.10885314
v 0.09930365 0.06667705 -0.11424347
v 0.09279968 0.06667705 -0.11424347
v 0.09311225 0.06667705 -0.11393092
v 0.0989911 0.06667705 -0.11393092
v 0.09279968 0.06667705 -0.10773951
v 0.09930365 0.06667705 -0.10773951
v 0.0989911 0.06667705 -0.10805206
v 0.09311225 0.06667705 -0.10805206
v 0.09724322 0.07048569 -0.10979992
v 0.09486011 0.07048569 -0.10979992
v 0.09724322 0.07048569 -0.11218305
v 0.09486011 0.07048569 -0.11218305
v 0.09486011 0.07048569 -0.10979992
v 0.09724322 0.07048569 -0.10979992
v 0.09486011 0.07048569 -0.11218305
v 0.09724322 0.07048569 -0.11218305
v 0.09486011 0.07048569 -0.11218305
v 0.09724322 0.07048569 -0.10979992
v -0.03742004 0.06667705 -0.11393092
v -0.03742004 0.06667705 -0.10805206
v -0.03661897 0.06916607 -0.10885314
v -0.03661897 0.06916607 -0.11312984
v -0.03154118 0.06667705 -0.11393092
v -0.03742004 0.06667705 -0.11393092
v -0.03661897 0.06916607 -0.11312984
v -0.03234226 0.06916607 -0.11312984
v -0.03154118 0.06667705 -0.10805206
v -0.03234226 0.06916607 -0.10885314
v -0.03122863 0.06181218 -0.11424347
v -0.0377326 0.06181218 -0.11424347
v -0.0377326 0.06667705 -0.11424347
v -0.03122863 0.06667705 -0.11424347
v -0.0377326 0.06181218 -0.11424347
v -0.0377326 0.06181217 -0.10773951
v -0.0377326 0.06667705 -0.10773951
v -0.0377326 0.06667705 -0.11424347
v -0.03122863 0.06181217 -0.10773951
v -0.03122863 0.06181218 -0.11424347
v -0.03122863 0.06667705 -0.11424347
v -0.03122863 0.06667705 -0.10773951
v -0.03122863 0.06181217 -0.10773951
v -0.03122863 0.06667705 -0.10773951
v -0.0377326 0.06181217 -0.10773951
v -0.0377326 0.06181218 -0.11424347
v -0.03122863 0.06181218 -0.11424347
v -0.03122863 0.06181217 -0.10773951
v -0.03154118 0.06667705 -0.10805206
v -0.03234226 0.06916607 -0.10885314
v -0.03122863 0.06667705 -0.11424347
v -0.0377326 0.06667705 -0.11424347
v -0.03742004 0.06667705 -0.11393092
v -0.03154118 0.06667705 -0.11393092
v -0.0377326 0.06667705 -0.10773951
v -0.03122863 0.06667705 -0.10773951
v -0.03154118 0.06667705 -0.10805206
v -0.03742004 0.06667705 -0.10805206
v -0.03328906 0.07048569 -0.10979992
v -0.03567217 0.07048569 -0.10979992
v -0.03328906 0.07048569 -0.11218305
v -0.03567217 0.07048569 -0.11218305
v -0.03567217 0.07048569 -0.10979992
v -0.03328906 0.07048569 -0.10979992
v -0.03567217 0.07048569 -0.11218305
v -0.03328906 0.07048569 -0.11218305
v -0.03567217 0.07048569 -0.11218305
v -0.03328906 0.07048569 -0.10979992
v -0.10049651 0.06667705 -0.05278951
v -0.10049651 0.06667705 -0.04691066
v -0.09969544 0.06916607 -0.04771174
v -0.09969544 0.06916607 -0.05198844
v -0.09461765 0.06667705 -0.05278951
v -0.10049651 0.06667705 -0.05278951
v -0.09969544 0.06916607 -0.05198844
v -0.09541872 0.06916607 -0.05198844
v -0.09461765 0.06667705 -0.04691066
v -0.09541872 0.06916607 -0.04771174
v -0.0943051 0.06181218 -0.05310207
v -0.10080907 0.06181218 -0.05310207
v -0.10080907 0.06667705 -0.05310207
v -0.0943051 0.06667705 -0.05310207
v -0.10080907 0.06181218 -0.05310207
v -0.10080907 0.06181217 -0.04659811
v -0.10080907 0.06667705 -0.04659811
v -0.10080907 0.06667705 -0.05310207
v -0.0943051 0.06181217 -0.04659811
v -0.0943051 0.06181218 -0.05310207
v -0.0943051 0.06667705 -0.05310207
v -0.0943051 0.06667705 -0.04659811
v -0.0943051 0.06181217 -0.04659811
v -0.0943051 0.06667705 -0.04659811
v -0.10080907 0.06181217 -0.04659811
v -0.10080907 0.06181218 -0.05310207
v -0.0943051 0.06181218 -0.05310207
v -0.0943051 0.06181217 -0.04659811
v -0.09461765 0.06667705 -0.04691066
v -0.09541872 0.06916607 -0.04771174
v -0.0943051 0.06667705 -0.05310207
v -0.10080907 0.06667705 -0.05310207
v -0.10049651 0.06667705 -0.05278951
v -0.09461765 0.06667705 -0.05278951
v -0.10080907 0.06667705 -0.04659811
v -0.0943051 0.06667705 -0.04659811
v -0.09461765 0.06667705 -0.04691066
v -0.10049651 0.06667705 -0.04691066
v -0.09636553 0.07048569 -0.04865853
v -0.09874864 0.07048569 -0.04865853
v -0.09636553 0.07048569 -0.05104165
v -0.09874864 0.07048569 -0.05104165
v -0.09874864 0.07048569 -0.04865853
v -0.09636553 0.07048569 -0.04865853
v -0.09874864 0.07048569 -0.05104165
v -0.09636553 0.07048569 -0.05104165
v -0.09874864 0.07048569 -0.05104165
v -0.09636553 0.07048569 -0.04865853
v -0.10049651 0.06667705 0.01785071
v -0.10049651 0.06667705 0.02372957
v -0.09969544 0.06916607 0.02292849
v -0.09969544 0.06916607 0.01865179
v -0.09461765 0.06667705 0.01785071
v -0.10049651 0.06667705 0.01785071
v -0.09969544 0.06916607 0.01865179
v -0.09541872 0.06916607 0.01865179
v -0.09461765 0.06667705 0.02372957
v -0.09541872 0.06916607 0.02292849
v -0.0943051 0.06181218 0.01753816
v -0.10080907 0.06181218 0.01753816
v -0.10080907 0.06667705 0.01753816
v -0.0943051 0.06667705 0.01753816
v -0.10080907 0.06181218 0.01753816
v -0.10080907 0.06181217 0.02404212
v -0.10080907 0.06667705 0.02404212
v -0.10080907 0.06667705 0.01753816
v -0.0943051 0.06181217 0.02404212
v -0.0943051 0.06181218 0.01753816
v -0.0943051 0.06667705 0.01753816
v -0.0943051 0.06667705 0.02404212
v -0.0943051 0.06181217 0.02404212
v -0.0943051 0.06667705 0.02404212
v -0.10080907 0.06181217 0.02404212
v -0.10080907 0.06181218 0.01753816
v -0.0943051 0.06181218 0.01753816
v -0.0943051 0.06181217 0.02404212
v -0.09461765 0.06667705 0.02372957
v -0.09541872 0.06916607 0.02292849
v -0.0943051 0.06667705 0.01753816
v -0.10080907 0.06667705 0.01753816
v -0.10049651 0.06667705 0.01785071
v -0.09461765 0.06667705 0.01785071
v -0.10080907 0.06667705 0.02404212
v -0.0943051 0.06667705 0.02404212
v -0.09461765 0.06667705 0.02372957
v -0.10049651 0.06667705 0.02372957
v -0.09636553 0.07048569 0.02198171
v -0.09874864 0.07048569 0.02198171
v -0.09636553 0.07048569 0.01959858
v -0.09874864 0.07048569 0.01959858
v -0.09874864 0.07048569 0.02198171
v -0.09636553 0.07048569 0.02198171
v -0.09874864 0.07048569 0.01959858
v -0.09636553 0.07048569 0.01959858
v -0.09874864 0.07048569 0.01959858
v -0.09636553 0.07048569 0.02198171
v 0.01242692 0.07885263 0.02143149
v 0.01242692 0.07885263 0.01695025
v 0.02124077 0.07070246 0.01695022
v 0.02124077 0.07070246 0.02143149
v 0.03279068 0.06255231 0.01695022
v 0.03279068 0.06255231 0.02143146
v 0.00594271 0.0870028 0.02143149
v 0.00594271 0.0870028 0.01695025
v 0.00078052 0.09515295 0.02143149
v 0.00078052 0.09515295 0.01695025
v 0.01393002 0.0802169 0.02143149
v 0.02274385 0.07206673 0.02143149
v 0.02274385 0.07206673 0.01695022
v 0.01393001 0.0802169 0.01695022
v 0.03429376 0.06391658 0.02143146
v 0.03429376 0.06391658 0.01695022
v 0.00744579 0.08836706 0.02143149
v 0.00744579 0.08836706 0.01695025
v 0.00228361 0.09651723 0.02143149
v 0.00228361 0.09651723 0.01695025
v 0.01242692 0.07885263 0.01695025
v 0.00594271 0.0870028 0.01695025
v 0.00744579 0.08836706 0.01695025
v 0.01393001 0.0802169 0.01695022
v 0.02124077 0.07070246 0.01695022
v 0.02274385 0.07206673 0.01695022
v 0.00594271 0.0870028 0.02143149
v 0.01242692 0.07885263 0.02143149
v 0.01393002 0.0802169 0.02143149
v 0.00744579 0.08836706 0.02143149
v 0.03279068 0.06255231 0.01695022
v 0.03429376 0.06391658 0.01695022
v 0.02124077 0.07070246 0.02143149
v 0.02274385 0.07206673 0.02143149
v 0.00078052 0.09515295 0.01695025
v 0.00228361 0.09651723 0.01695025
v 0.03279068 0.06255231 0.02143146
v 0.03429376 0.06391658 0.02143146
v 0.00078052 0.09515295 0.02143149
v 0.00228361 0.09651723 0.02143149
v -0.01363066 0.07885263 0.01695019
v -0.01363066 0.07885263 0.02143143
v -0.02244451 0.07070246 0.02143146
v -0.02244451 0.07070246 0.01695019
v -0.03399442 0.06255231 0.02143147
v -0.03399442 0.06255231 0.01695023
v -0.00714645 0.0870028 0.01695019
v -0.00714645 0.0870028 0.02143143
v -0.00198426 0.09515295 0.01695019
v -0.00198426 0.09515295 0.02143143
v -0.01513377 0.0802169 0.01695019
v -0.02394759 0.07206673 0.01695019
v -0.02394759 0.07206673 0.02143147
v -0.01513375 0.0802169 0.02143146
v -0.0354975 0.06391658 0.01695023
v -0.0354975 0.06391658 0.02143147
v -0.00864953 0.08836706 0.01695019
v -0.00864953 0.08836706 0.02143143
v -0.00348736 0.09651723 0.01695019
v -0.00348736 0.09651723 0.02143143
v -0.01363066 0.07885263 0.02143143
v -0.00714645 0.0870028 0.02143143
v -0.00864953 0.08836706 0.02143143
v -0.01513375 0.0802169 0.02143146
v -0.02244451 0.07070246 0.02143146
v -0.02394759 0.07206673 0.02143147
v -0.00714645 0.0870028 0.01695019
v -0.01363066 0.07885263 0.01695019
v -0.01513377 0.0802169 0.01695019
v -0.00864953 0.08836706 0.01695019
v -0.03399442 0.06255231 0.02143147
v -0.0354975 0.06391658 0.02143147
v -0.02244451 0.07070246 0.01695019
v -0.02394759 0.07206673 0.01695019
v -0.00198426 0.09515295 0.02143143
v -0.00348736 0.09651723 0.02143143
v -0.03399442 0.06255231 0.01695023
v -0.0354975 0.06391658 0.01695023
v -0.00198426 0.09515295 0.01695019
v -0.00348736 0.09651723 0.01695019
v -0.00221257 0.10086771 0.01668872
v 0.0008861 0.10086771 0.01668872
v 0.00328437 0.09449226 0.01668872
v -0.00461084 0.09449226 0.01668872
v 0.00328437 0.09449226 0.01668872
v 0.00328437 0.09449226 0.02166329
v -0.00461084 0.09449226 0.02166329
v -0.00461084 0.09449226 0.01668872
v 0.0008861 0.10086771 0.01668872
v -0.00221257 0.10086771 0.01668872
v -0.00221257 0.10086771 0.02166329
v 0.0008861 0.10086771 0.02166329
v -0.00461084 0.09449226 0.01668872
v -0.00221257 0.10086771 0.02166329
v -0.00221257 0.10086771 0.01668872
v 0.0008861 0.10086771 0.01668872
v 0.0008861 0.10086771 0.02166329
v 0.00328437 0.09449226 0.02166329
v 0.00328437 0.09449226 0.01668872
v 0.0008861 0.10086771 0.02166329
v -0.00221257 0.10086771 0.02166329
v -0.00461084 0.09449226 0.02166329
v 0.00328437 0.09449226 0.02166329
v 0.09815458 0.07885263 -0.02750363
v 0.09367334 0.07885263 -0.02750363
v 0.09367331 0.07070246 -0.03631748
v 0.09815458 0.07070246 -0.03631748
v 0.09367331 0.06255231 -0.04786739
v 0.09815455 0.06255231 -0.04786739
v 0.09815458 0.0870028 -0.02101942
v 0.09367334 0.0870028 -0.02101942
v 0.09815458 0.09515295 -0.01585723
v 0.09367334 0.09515295 -0.01585723
v 0.09815458 0.0802169 -0.02900674
v 0.09815458 0.07206673 -0.03782056
v 0.09367331 0.07206673 -0.03782056
v 0.09367331 0.0802169 -0.02900672
v 0.09815455 0.06391658 -0.04937047
v 0.09367331 0.06391658 -0.04937047
v 0.09815458 0.08836706 -0.0225225
v 0.09367334 0.08836706 -0.0225225
v 0.09815458 0.09651723 -0.01736033
v 0.09367334 0.09651723 -0.01736033
v 0.09367334 0.07885263 -0.02750363
v 0.09367334 0.0870028 -0.02101942
v 0.09367334 0.08836706 -0.0225225
v 0.09367331 0.0802169 -0.02900672
v 0.09367331 0.07070246 -0.03631748
v 0.09367331 0.07206673 -0.03782056
v 0.09815458 0.0870028 -0.02101942
v 0.09815458 0.07885263 -0.02750363
v 0.09815458 0.0802169 -0.02900674
v 0.09815458 0.08836706 -0.0225225
v 0.09367331 0.06255231 -0.04786739
v 0.09367331 0.06391658 -0.04937047
v 0.09815458 0.07070246 -0.03631748
v 0.09815458 0.07206673 -0.03782056
v 0.09367334 0.09515295 -0.01585723
v 0.09367334 0.09651723 -0.01736033
v 0.09815455 0.06255231 -0.04786739
v 0.09815455 0.06391658 -0.04937047
v 0.09815458 0.09515295 -0.01585723
v 0.09815458 0.09651723 -0.01736033
v 0.09367328 0.07885263 -0.00144605
v 0.09815452 0.07885263 -0.00144605
v 0.09815455 0.07070246 0.0073678
v 0.09367328 0.07070246 0.0073678
v 0.09815456 0.06255231 0.01891771
v 0.09367332 0.06255231 0.01891771
v 0.09367328 0.0870028 -0.00793026
v 0.09815452 0.0870028 -0.00793026
v 0.09367328 0.09515295 -0.01309245
v 0.09815452 0.09515295 -0.01309245
v 0.09367328 0.0802169 5.705E-05
v 0.09367328 0.07206673 0.00887088
v 0.09815456 0.07206673 0.00887088
v 0.09815455 0.0802169 5.704E-05
v 0.09367332 0.06391658 0.02042079
v 0.09815456 0.06391658 0.02042079
v 0.09367328 0.08836706 -0.00642718
v 0.09815452 0.08836706 -0.00642718
v 0.09367328 0.09651723 -0.01158936
v 0.09815452 0.09651723 -0.01158936
v 0.09815452 0.07885263 -0.00144605
v 0.09815452 0.0870028 -0.00793026
v 0.09815452 0.08836706 -0.00642718
v 0.09815455 0.0802169 5.704E-05
v 0.09815455 0.07070246 0.0073678
v 0.09815456 0.07206673 0.00887088
v 0.09367328 0.0870028 -0.00793026
v 0.09367328 0.07885263 -0.00144605
v 0.09367328 0.0802169 5.705E-05
v 0.09367328 0.08836706 -0.00642718
v 0.09815456 0.06255231 0.01891771
v 0.09815456 0.06391658 0.02042079
v 0.09367328 0.07070246 0.0073678
v 0.09367328 0.07206673 0.00887088
v 0.09815452 0.09515295 -0.01309245
v 0.09815452 0.09651723 -0.01158936
v 0.09367332 0.06255231 0.01891771
v 0.09367332 0.06391658 0.02042079
v 0.09367328 0.09515295 -0.01309245
v 0.09367328 0.09651723 -0.01158936
v 0.09341181 0.10086771 -0.01286414
v 0.09341181 0.10086771 -0.01596282
v 0.09341181 0.09449226 -0.01836108
v 0.09341181 0.09449226 -0.01046588
v 0.09341181 0.09449226 -0.01836108
v 0.09838638 0.09449226 -0.01836108
v 0.09838638 0.09449226 -0.01046588
v 0.09341181 0.09449226 -0.01046588
v 0.09341181 0.10086771 -0.01596282
v 0.09341181 0.10086771 -0.01286414
v 0.09838638 0.10086771 -0.01286414
v 0.09838638 0.10086771 -0.01596282
v 0.09341181 0.09449226 -0.01046588
v 0.09838638 0.10086771 -0.01286414
v 0.09341181 0.10086771 -0.01286414
v 0.09341181 0.10086771 -0.01596282
v 0.09838638 0.10086771 -0.01596282
v 0.09838638 0.09449226 -0.01836108
v 0.09341181 0.09449226 -0.01836108
v 0.09838638 0.10086771 -0.01596282
v 0.09838638 0.10086771 -0.01286414
v 0.09838638 0.09449226 -0.01046588
v 0.09838638 0.09449226 -0.01836108
v 0.09815458 0.07885263 -0.09035375
v 0.09367334 0.07885263 -0.09035375
v 0.09367331 0.07070246 -0.0991676
v 0.09815458 0.07070246 -0.0991676
v 0.09367331 0.06255231 -0.11071751
v 0.09815455 0.06255231 -0.11071751
v 0.09815458 0.0870028 -0.08386954
v 0.09367334 0.0870028 -0.08386954
v 0.09815458 0.09515295 -0.07870735
v 0.09367334 0.09515295 -0.07870735
v 0.09815458 0.0802169 -0.09185686
v 0.09815458 0.07206673 -0.10067068
v 0.09367331 0.07206673 -0.10067068
v 0.09367331 0.0802169 -0.09185684
v 0.09815455 0.06391658 -0.11222059
v 0.09367331 0.06391658 -0.11222059
v 0.09815458 0.08836706 -0.08537262
v 0.09367334 0.08836706 -0.08537262
v 0.09815458 0.09651723 -0.08021044
v 0.09367334 0.09651723 -0.08021044
v 0.09367334 0.07885263 -0.09035375
v 0.09367334 0.0870028 -0.08386954
v 0.09367334 0.08836706 -0.08537262
v 0.09367331 0.0802169 -0.09185684
v 0.09367331 0.07070246 -0.0991676
v 0.09367331 0.07206673 -0.10067068
v 0.09815458 0.0870028 -0.08386954
v 0.09815458 0.07885263 -0.09035375
v 0.09815458 0.0802169 -0.09185686
v 0.09815458 0.08836706 -0.08537262
v 0.09367331 0.06255231 -0.11071751
v 0.09367331 0.06391658 -0.11222059
v 0.09815458 0.07070246 -0.0991676
v 0.09815458 0.07206673 -0.10067068
v 0.09367334 0.09515295 -0.07870735
v 0.09367334 0.09651723 -0.08021044
v 0.09815455 0.06255231 -0.11071751
v 0.09815455 0.06391658 -0.11222059
v 0.09815458 0.09515295 -0.07870735
v 0.09815458 0.09651723 -0.08021044
v 0.09367328 0.07885263 -0.06429617
v 0.09815452 0.07885263 -0.06429617
v 0.09815455 0.07070246 -0.05548232
v 0.09367328 0.07070246 -0.05548232
v 0.09815456 0.06255231 -0.04393241
v 0.09367332 0.06255231 -0.04393241
v 0.09367328 0.0870028 -0.07078038
v 0.09815452 0.0870028 -0.07078038
v 0.09367328 0.09515295 -0.07594257
v 0.09815452 0.09515295 -0.07594257
v 0.09367328 0.0802169 -0.06279306
v 0.09367328 0.07206673 -0.05397924
v 0.09815456 0.07206673 -0.05397924
v 0.09815455 0.0802169 -0.06279308
v 0.09367332 0.06391658 -0.04242933
v 0.09815456 0.06391658 -0.04242933
v 0.09367328 0.08836706 -0.0692773
v 0.09815452 0.08836706 -0.0692773
v 0.09367328 0.09651723 -0.07443948
v 0.09815452 0.09651723 -0.07443948
v 0.09815452 0.07885263 -0.06429617
v 0.09815452 0.0870028 -0.07078038
v 0.09815452 0.08836706 -0.0692773
v 0.09815455 0.0802169 -0.06279308
v 0.09815455 0.07070246 -0.05548232
v 0.09815456 0.07206673 -0.05397924
v 0.09367328 0.0870028 -0.07078038
v 0.09367328 0.07885263 -0.06429617
v 0.09367328 0.0802169 -0.06279306
v 0.09367328 0.08836706 -0.0692773
v 0.09815456 0.06255231 -0.04393241
v 0.09815456 0.06391658 -0.04242933
v 0.09367328 0.07070246 -0.05548232
v 0.09367328 0.07206673 -0.05397924
v 0.09815452 0.09515295 -0.07594257
v 0.09815452 0.09651723 -0.07443948
v 0.09367332 0.06255231 -0.04393241
v 0.09367332 0.06391658 -0.04242933
v 0.09367328 0.09515295 -0.07594257
v 0.09367328 0.09651723 -0.07443948
v 0.09341181 0.10086771 -0.07571426
v 0.09341181 0.10086771 -0.07881293
v 0.09341181 0.09449226 -0.0812112
v 0.09341181 0.09449226 -0.073316
v 0.09341181 0.09449226 -0.0812112
v 0.09838638 0.09449226 -0.0812112
v 0.09838638 0.09449226 -0.073316
v 0.09341181 0.09449226 -0.073316
v 0.09341181 0.10086771 -0.07881293
v 0.09341181 0.10086771 -0.07571426
v 0.09838638 0.10086771 -0.07571426
v 0.09838638 0.10086771 -0.07881293
v 0.09341181 0.09449226 -0.073316
v 0.09838638 0.10086771 -0.07571426
v 0.09341181 0.10086771 -0.07571426
v 0.09341181 0.10086771 -0.07881293
v 0.09838638 0.10086771 -0.07881293
v 0.09838638 0.09449226 -0.0812112
v 0.09341181 0.09449226 -0.0812112
v 0.09838638 0.10086771 -0.07881293
v 0.09838638 0.10086771 -0.07571426
v 0.09838638 0.09449226 -0.073316
v 0.09838638 0.09449226 -0.0812112
v -0.01363066 0.07885263 -0.11323125
v -0.01363066 0.07885263 -0.10875001
v -0.02244451 0.07070246 -0.10874998
v -0.02244451 0.07070246 -0.11323125
v -0.03399442 0.06255231 -0.10874998
v -0.03399442 0.06255231 -0.11323122
v -0.00714645 0.0870028 -0.11323125
v -0.00714645 0.0870028 -0.10875001
v -0.00198426 0.09515295 -0.11323125
v -0.00198426 0.09515295 -0.10875001
v -0.01513377 0.0802169 -0.11323125
v -0.02394759 0.07206673 -0.11323125
v -0.02394759 0.07206673 -0.10874998
v -0.01513375 0.0802169 -0.10874998
v -0.0354975 0.06391658 -0.11323122
v -0.0354975 0.06391658 -0.10874998
v -0.00864953 0.08836706 -0.11323125
v -0.00864953 0.08836706 -0.10875001
v -0.00348736 0.09651723 -0.11323125
v -0.00348736 0.09651723 -0.10875001
v -0.01363066 0.07885263 -0.10875001
v -0.00714645 0.0870028 -0.10875001
v -0.00864953 0.08836706 -0.10875001
v -0.01513375 0.0802169 -0.10874998
v -0.02244451 0.07070246 -0.10874998
v -0.02394759 0.07206673 -0.10874998
v -0.00714645 0.0870028 -0.11323125
v -0.01363066 0.07885263 -0.11323125
v -0.01513377 0.0802169 -0.11323125
v -0.00864953 0.08836706 -0.11323125
v -0.03399442 0.06255231 -0.10874998
v -0.0354975 0.06391658 -0.10874998
v -0.02244451 0.07070246 -0.11323125
v -0.02394759 0.07206673 -0.11323125
v -0.00198426 0.09515295 -0.10875001
v -0.00348736 0.09651723 -0.10875001
v -0.03399442 0.06255231 -0.11323122
v -0.0354975 0.06391658 -0.11323122
v -0.00198426 0.09515295 -0.11323125
v -0.00348736 0.09651723 -0.11323125
v 0.01242692 0.07885263 -0.10874995
v 0.01242692 0.07885263 -0.11323119
v 0.02124077 0.07070246 -0.11323122
v 0.02124077 0.07070246 -0.10874995
v 0.03279068 0.06255231 -0.11323124
v 0.03279068 0.06255231 -0.10875
v 0.00594271 0.0870028 -0.10874995
v 0.00594271 0.0870028 -0.11323119
v 0.00078052 0.09515295 -0.10874995
v 0.00078052 0.09515295 -0.11323119
v 0.01393002 0.0802169 -0.10874995
v 0.02274385 0.07206673 -0.10874995
v 0.02274385 0.07206673 -0.11323124
v 0.01393001 0.0802169 -0.11323122
v 0.03429376 0.06391658 -0.10875
v 0.03429376 0.06391658 -0.11323124
v 0.00744579 0.08836706 -0.10874995
v 0.00744579 0.08836706 -0.11323119
v 0.00228361 0.09651723 -0.10874995
v 0.00228361 0.09651723 -0.11323119
v 0.01242692 0.07885263 -0.11323119
v 0.00594271 0.0870028 -0.11323119
v 0.00744579 0.08836706 -0.11323119
v 0.01393001 0.0802169 -0.11323122
v 0.02124077 0.07070246 -0.11323122
v 0.02274385 0.07206673 -0.11323124
v 0.00594271 0.0870028 -0.10874995
v 0.01242692 0.07885263 -0.10874995
v 0.01393002 0.0802169 -0.10874995
v 0.00744579 0.08836706 -0.10874995
v 0.03279068 0.06255231 -0.11323124
v 0.03429376 0.06391658 -0.11323124
v 0.02124077 0.07070246 -0.10874995
v 0.02274385 0.07206673 -0.10874995
v 0.00078052 0.09515295 -0.11323119
v 0.00228361 0.09651723 -0.11323119
v 0.03279068 0.06255231 -0.10875
v 0.03429376 0.06391658 -0.10875
v 0.00078052 0.09515295 -0.10874995
v 0.00228361 0.09651723 -0.10874995
v 0.00100883 0.10086771 -0.10848849
v -0.00208985 0.10086771 -0.10848849
v -0.00448811 0.09449226 -0.10848849
v 0.00340709 0.09449226 -0.10848849
v -0.00448811 0.09449226 -0.10848849
v -0.00448811 0.09449226 -0.11346305
v 0.00340709 0.09449226 -0.11346305
v 0.00340709 0.09449226 -0.10848849
v -0.00208985 0.10086771 -0.10848849
v 0.00100883 0.10086771 -0.10848849
v 0.00100883 0.10086771 -0.11346305
v -0.00208985 0.10086771 -0.11346305
v 0.00340709 0.09449226 -0.10848849
v 0.00100883 0.10086771 -0.11346305
v 0.00100883 0.10086771 -0.10848849
v -0.00208985 0.10086771 -0.10848849
v -0.00208985 0.10086771 -0.11346305
v -0.00448811 0.09449226 -0.11346305
v -0.00448811 0.09449226 -0.10848849
v -0.00208985 0.10086771 -0.11346305
v 0.00100883 0.10086771 -0.11346305
v 0.00340709 0.09449226 -0.11346305
v -0.00448811 0.09449226 -0.11346305
v -0.03442195 0.01571253 0.01265729
v -0.03441829 0.01047502 0.01280342
v -0.03441826 0.01047502 0.01854184
v -0.03442195 0.01571253 0.01839568
v -0.03441692 0.02618754 0.0131231
v -0.03441692 0.02618754 0.01886155
v -0.03442276 0.03142504 0.01944395
v -0.03442276 0.03142504 0.01370552
v -0.03199681 0.01571253 0.02082082
v -0.02957167 0.01571253 0.01839571
v -0.02956801 0.02095003 0.01854184
v -0.03199312 0.02095003 0.02096698
v -0.03202696 0.03142504 0.01695024
v -0.03199762 0.03142504 0.02186909
v -0.02957251 0.03142504 0.01944395
v -0.02957251 0.03142504 0.01370552
v -0.03442276 0 0.01370552
v -0.03202696 0 0.0189143
v -0.03199762 0 0.02186909
v -0.03442276 0 0.01944395
v -0.03199762 0 0.02186909
v -0.03199177 0.00523751 0.02128667
v -0.03441692 0.00523751 0.01886155
v -0.03442276 0 0.01944395
v -0.03441692 0.00523751 0.0131231
v -0.03441692 0.00523751 0.01886155
v -0.02956801 0.01047502 0.01280342
v -0.02957167 0.01571253 0.01265726
v -0.02957167 0.01571253 0.01839571
v -0.02956801 0.01047502 0.01854184
v -0.02956663 0.02618754 0.0131231
v -0.02956663 0.02618754 0.01886152
v -0.02956801 0.02095003 0.01854184
v -0.02956801 0.02095003 0.01280342
v -0.03199312 0.01047502 0.02096698
v -0.03441826 0.01047502 0.01854184
v -0.03442195 0.01571253 0.01839568
v -0.02957251 0 0.01944395
v -0.02956663 0.00523751 0.01886152
v -0.03441826 0.02095003 0.01854184
v -0.03441829 0.02095003 0.01280342
v -0.03199762 0.03142504 0.02186909
v -0.03442276 0.03142504 0.01944395
v -0.03441692 0.02618754 0.01886155
v -0.03199177 0.02618754 0.02128667
v -0.03442276 0.03142504 0.01370552
v -0.03442276 0.03142504 0.01944395
v -0.02957251 0 0.01370552
v -0.02956663 0.00523751 0.0131231
v -0.02956663 0.00523751 0.01886152
v -0.02957251 0 0.01944395
v -0.02957251 0 0.01370552
v -0.02957251 0 0.01944395
v -0.03441826 0.02095003 0.01854184
v -0.03442276 0 0.01370552
v -0.03442276 0 0.01944395
v -0.02956663 0.02618754 0.01886152
v -0.02957251 0.03142504 0.01944395
v -0.02956801 0.01047502 0.01854184
v -0.02957251 0.03142504 0.01370552
v -0.02957251 0.03142504 0.01944395
v 0.02842813 0.01571253 0.01265729
v 0.02843179 0.01047502 0.01280342
v 0.02843182 0.01047502 0.01854184
v 0.02842813 0.01571253 0.01839568
v 0.02843316 0.02618754 0.0131231
v 0.02843316 0.02618754 0.01886155
v 0.02842732 0.03142504 0.01944395
v 0.02842732 0.03142504 0.01370552
v 0.03085327 0.01571253 0.02082082
v 0.03327841 0.01571253 0.01839571
v 0.03328207 0.02095003 0.01854184
v 0.03085696 0.02095003 0.02096698
v 0.03082312 0.03142504 0.01695024
v 0.03085246 0.03142504 0.02186909
v 0.03327757 0.03142504 0.01944395
v 0.03327757 0.03142504 0.01370552
v 0.02842732 0 0.01370552
v 0.03082312 0 0.0189143
v 0.03085246 0 0.02186909
v 0.02842732 0 0.01944395
v 0.03085246 0 0.02186909
v 0.03085831 0.00523751 0.02128667
v 0.02843316 0.00523751 0.01886155
v 0.02842732 0 0.01944395
v 0.02843316 0.00523751 0.0131231
v 0.02843316 0.00523751 0.01886155
v 0.03328207 0.01047502 0.01280342
v 0.03327841 0.01571253 0.01265726
v 0.03327841 0.01571253 0.01839571
v 0.03328207 0.01047502 0.01854184
v 0.03328345 0.02618754 0.0131231
v 0.03328345 0.02618754 0.01886152
v 0.03328207 0.02095003 0.01854184
v 0.03328207 0.02095003 0.01280342
v 0.03085696 0.01047502 0.02096698
v 0.02843182 0.01047502 0.01854184
v 0.02842813 0.01571253 0.01839568
v 0.03327757 0 0.01944395
v 0.03328345 0.00523751 0.01886152
v 0.02843182 0.02095003 0.01854184
v 0.02843179 0.02095003 0.01280342
v 0.03085246 0.03142504 0.02186909
v 0.02842732 0.03142504 0.01944395
v 0.02843316 0.02618754 0.01886155
v 0.03085831 0.02618754 0.02128667
v 0.02842732 0.03142504 0.01370552
v 0.02842732 0.03142504 0.01944395
v 0.03327757 0 0.01370552
v 0.03328345 0.00523751 0.0131231
v 0.03328345 0.00523751 0.01886152
v 0.03327757 0 0.01944395
v 0.03327757 0 0.01370552
v 0.03327757 0 0.01944395
v 0.02843182 0.02095003 0.01854184
v 0.02842732 0 0.01370552
v 0.02842732 0 0.01944395
v 0.03328345 0.02618754 0.01886152
v 0.03327757 0.03142504 0.01944395
v 0.03328207 0.01047502 0.01854184
v 0.03327757 0.03142504 0.01370552
v 0.03327757 0.03142504 0.01944395
v 0.08894418 0.01571253 0.01560817
v 0.08905009 0.01047502 0.01570892
v 0.0931078 0.01047502 0.01976657
v 0.09300184 0.01571253 0.01966583
v 0.08927712 0.02618754 0.01593399
v 0.09333482 0.02618754 0.01999169
v 0.0937425 0.03142504 0.02040764
v 0.08968482 0.03142504 0.01634996
v 0.09643151 0.01571253 0.01966583
v 0.09643153 0.01571253 0.01623618
v 0.09653744 0.02095003 0.01633693
v 0.09653746 0.02095003 0.01976657
v 0.09367327 0.03142504 0.01695023
v 0.09717217 0.03142504 0.02040764
v 0.09717215 0.03142504 0.01697799
v 0.09311447 0.03142504 0.01292031
v 0.08968482 0 0.01634996
v 0.09506207 0 0.01833903
v 0.09717217 0 0.02040764
v 0.0937425 0 0.02040764
v 0.09717217 0 0.02040764
v 0.09676446 0.00523751 0.01999167
v 0.09333482 0.00523751 0.01999169
v 0.0937425 0 0.02040764
v 0.08927712 0.00523751 0.01593399
v 0.09333482 0.00523751 0.01999169
v 0.09247977 0.01047502 0.01227925
v 0.09237383 0.01571253 0.01217849
v 0.09643153 0.01571253 0.01623618
v 0.09653744 0.01047502 0.01633693
v 0.09270679 0.02618754 0.01250433
v 0.09676446 0.02618754 0.016562
v 0.09653744 0.02095003 0.01633693
v 0.09247977 0.02095003 0.01227925
v 0.09653746 0.01047502 0.01976657
v 0.0931078 0.01047502 0.01976657
v 0.09300184 0.01571253 0.01966583
v 0.09717215 0 0.01697799
v 0.09676446 0.00523751 0.016562
v 0.0931078 0.02095003 0.01976657
v 0.08905009 0.02095003 0.01570892
v 0.09717217 0.03142504 0.02040764
v 0.0937425 0.03142504 0.02040764
v 0.09333482 0.02618754 0.01999169
v 0.09676446 0.02618754 0.01999167
v 0.08968482 0.03142504 0.01634996
v 0.0937425 0.03142504 0.02040764
v 0.09311447 0 0.01292031
v 0.09270679 0.00523751 0.01250433
v 0.09676446 0.00523751 0.016562
v 0.09717215 0 0.01697799
v 0.09311447 0 0.01292031
v 0.09717215 0 0.01697799
v 0.0931078 0.02095003 0.01976657
v 0.08968482 0 0.01634996
v 0.0937425 0 0.02040764
v 0.09676446 0.02618754 0.016562
v 0.09717215 0.03142504 0.01697799
v 0.09653744 0.01047502 0.01633693
v 0.09311447 0.03142504 0.01292031
v 0.09717215 0.03142504 0.01697799
v 0.08938032 0.01571253 -0.04350486
v 0.08952645 0.01047502 -0.04350851
v 0.09526488 0.01047502 -0.04350855
v 0.09511872 0.01571253 -0.04350486
v 0.08984614 0.02618754 -0.04350989
v 0.0955846 0.02618754 -0.04350989
v 0.09616698 0.03142504 -0.04350405
v 0.09042856 0.03142504 -0.04350405
v 0.09754386 0.01571253 -0.04593
v 0.09511875 0.01571253 -0.04835514
v 0.09526488 0.02095003 -0.0483588
v 0.09769002 0.02095003 -0.04593369
v 0.09367327 0.03142504 -0.04589985
v 0.09859212 0.03142504 -0.04592919
v 0.09616699 0.03142504 -0.0483543
v 0.09042857 0.03142504 -0.0483543
v 0.09042856 0 -0.04350405
v 0.09563734 0 -0.04589985
v 0.09859212 0 -0.04592919
v 0.09616698 0 -0.04350405
v 0.09859212 0 -0.04592919
v 0.0980097 0.00523751 -0.04593503
v 0.0955846 0.00523751 -0.04350989
v 0.09616698 0 -0.04350405
v 0.08984614 0.00523751 -0.04350989
v 0.0955846 0.00523751 -0.04350989
v 0.08952646 0.01047502 -0.0483588
v 0.08938029 0.01571253 -0.04835514
v 0.09511875 0.01571253 -0.04835514
v 0.09526488 0.01047502 -0.0483588
v 0.08984614 0.02618754 -0.04836018
v 0.09558456 0.02618754 -0.04836018
v 0.09526488 0.02095003 -0.0483588
v 0.08952646 0.02095003 -0.0483588
v 0.09769002 0.01047502 -0.04593369
v 0.09526488 0.01047502 -0.04350855
v 0.09511872 0.01571253 -0.04350486
v 0.09616699 0 -0.0483543
v 0.09558456 0.00523751 -0.04836018
v 0.09526488 0.02095003 -0.04350855
v 0.08952645 0.02095003 -0.04350851
v 0.09859212 0.03142504 -0.04592919
v 0.09616698 0.03142504 -0.04350405
v 0.0955846 0.02618754 -0.04350989
v 0.0980097 0.02618754 -0.04593503
v 0.09042856 0.03142504 -0.04350405
v 0.09616698 0.03142504 -0.04350405
v 0.09042857 0 -0.0483543
v 0.08984614 0.00523751 -0.04836018
v 0.09558456 0.00523751 -0.04836018
v 0.09616699 0 -0.0483543
v 0.09042857 0 -0.0483543
v 0.09616699 0 -0.0483543
v 0.09526488 0.02095003 -0.04350855
v 0.09042856 0 -0.04350405
v 0.09616698 0 -0.04350405
v 0.09558456 0.02618754 -0.04836018
v 0.09616699 0.03142504 -0.0483543
v 0.09526488 0.01047502 -0.0483588
v 0.09042857 0.03142504 -0.0483543
v 0.09616699 0.03142504 -0.0483543
v 0.09233122 0.01571252 -0.10402084
v 0.09243197 0.01047501 -0.10412675
v 0.09648962 0.01047501 -0.10818445
v 0.09638887 0.01571252 -0.1080785
v 0.09265704 0.02618753 -0.10435378
v 0.09671475 0.02618753 -0.10841148
v 0.09713068 0.03142504 -0.10881917
v 0.09307301 0.03142504 -0.10476148
v 0.09638887 0.01571252 -0.11150817
v 0.09295922 0.01571252 -0.11150819
v 0.09305997 0.02095003 -0.1116141
v 0.09648962 0.02095003 -0.11161413
v 0.09367327 0.03142504 -0.10874993
v 0.09713068 0.03142504 -0.11224883
v 0.09370104 0.03142504 -0.11224882
v 0.08964336 0.03142504 -0.10819113
v 0.09307301 0 -0.10476148
v 0.09506208 0 -0.11013873
v 0.09713068 0 -0.11224883
v 0.09713068 0 -0.10881917
v 0.09713068 0 -0.11224883
v 0.09671472 0.00523751 -0.11184112
v 0.09671475 0.00523751 -0.10841148
v 0.09713068 0 -0.10881917
v 0.09265704 0.00523751 -0.10435378
v 0.09671475 0.00523751 -0.10841148
v 0.0890023 0.01047501 -0.10755643
v 0.08890153 0.01571252 -0.10745048
v 0.09295922 0.01571252 -0.11150819
v 0.09305997 0.01047501 -0.1116141
v 0.08922737 0.02618753 -0.10778346
v 0.09328505 0.02618753 -0.11184113
v 0.09305997 0.02095003 -0.1116141
v 0.0890023 0.02095003 -0.10755643
v 0.09648962 0.01047501 -0.11161413
v 0.09648962 0.01047501 -0.10818445
v 0.09638887 0.01571252 -0.1080785
v 0.09370104 0 -0.11224882
v 0.09328505 0.00523751 -0.11184113
v 0.09648962 0.02095003 -0.10818445
v 0.09243197 0.02095003 -0.10412675
v 0.09713068 0.03142504 -0.11224883
v 0.09713068 0.03142504 -0.10881917
v 0.09671475 0.02618753 -0.10841148
v 0.09671472 0.02618753 -0.11184112
v 0.09307301 0.03142504 -0.10476148
v 0.09713068 0.03142504 -0.10881917
v 0.08964336 0 -0.10819113
v 0.08922737 0.00523751 -0.10778346
v 0.09328505 0.00523751 -0.11184113
v 0.09370104 0 -0.11224882
v 0.08964336 0 -0.10819113
v 0.09370104 0 -0.11224882
v 0.09648962 0.02095003 -0.10818445
v 0.09307301 0 -0.10476148
v 0.09713068 0 -0.10881917
v 0.09328505 0.02618753 -0.11184113
v 0.09370104 0.03142504 -0.11224882
v 0.09305997 0.01047501 -0.1116141
v 0.08964336 0.03142504 -0.10819113
v 0.09370104 0.03142504 -0.11224882
v 0.03321819 0.01571252 -0.10445699
v 0.03321454 0.01047501 -0.10460312
v 0.0332145 0.01047501 -0.11034154
v 0.03321819 0.01571252 -0.11019538
v 0.03321316 0.02618753 -0.1049228
v 0.03321316 0.02618753 -0.11066127
v 0.033219 0.03142504 -0.11124365
v 0.03321901 0.03142504 -0.10550523
v 0.03079305 0.01571252 -0.11262053
v 0.0283679 0.01571252 -0.11019541
v 0.02836426 0.02095003 -0.11034154
v 0.03078936 0.02095003 -0.11276669
v 0.03082319 0.03142504 -0.10874994
v 0.03079386 0.03142504 -0.11366879
v 0.02836874 0.03142504 -0.11124366
v 0.02836874 0.03142504 -0.10550523
v 0.03321901 0 -0.10550523
v 0.0308232 0 -0.110714
v 0.03079386 0 -0.11366879
v 0.033219 0 -0.11124365
v 0.03079386 0 -0.11366879
v 0.03078802 0.00523751 -0.11308637
v 0.03321316 0.00523751 -0.11066127
v 0.033219 0 -0.11124365
v 0.03321316 0.00523751 -0.1049228
v 0.03321316 0.00523751 -0.11066127
v 0.02836425 0.01047501 -0.10460314
v 0.02836791 0.01571252 -0.10445696
v 0.0283679 0.01571252 -0.11019541
v 0.02836426 0.01047501 -0.11034154
v 0.02836287 0.02618753 -0.10492281
v 0.02836287 0.02618753 -0.11066123
v 0.02836426 0.02095003 -0.11034154
v 0.02836425 0.02095003 -0.10460314
v 0.03078936 0.01047501 -0.11276669
v 0.0332145 0.01047501 -0.11034154
v 0.03321819 0.01571252 -0.11019538
v 0.02836874 0 -0.11124366
v 0.02836287 0.00523751 -0.11066123
v 0.0332145 0.02095003 -0.11034154
v 0.03321454 0.02095003 -0.10460312
v 0.03079386 0.03142504 -0.11366879
v 0.033219 0.03142504 -0.11124365
v 0.03321316 0.02618753 -0.11066127
v 0.03078802 0.02618753 -0.11308637
v 0.03321901 0.03142504 -0.10550523
v 0.033219 0.03142504 -0.11124365
v 0.02836874 0 -0.10550523
v 0.02836287 0.00523751 -0.10492281
v 0.02836287 0.00523751 -0.11066123
v 0.02836874 0 -0.11124366
v 0.02836874 0 -0.10550523
v 0.02836874 0 -0.11124366
v 0.0332145 0.02095003 -0.11034154
v 0.03321901 0 -0.10550523
v 0.033219 0 -0.11124365
v 0.02836287 0.02618753 -0.11066123
v 0.02836874 0.03142504 -0.11124366
v 0.02836426 0.01047501 -0.11034154
v 0.02836874 0.03142504 -0.10550523
v 0.02836874 0.03142504 -0.11124366
v -0.02729779 0.01571252 -0.10740788
v -0.02740371 0.01047501 -0.10750864
v -0.03146141 0.01047501 -0.11156628
v -0.03135545 0.01571252 -0.11146554
v -0.02763073 0.02618753 -0.1077337
v -0.03168844 0.02618753 -0.11179141
v -0.03209612 0.03142503 -0.11220735
v -0.02803843 0.03142503 -0.10814968
v -0.03478512 0.01571252 -0.11146554
v -0.03478514 0.01571252 -0.10803589
v -0.03489105 0.02095002 -0.10813664
v -0.03489108 0.02095002 -0.11156628
v -0.03202689 0.03142503 -0.10874994
v -0.03552579 0.03142503 -0.11220735
v -0.03552577 0.03142503 -0.1087777
v -0.03146809 0.03142503 -0.10472003
v -0.02803843 -0 -0.10814968
v -0.03341569 -0 -0.11013874
v -0.03552579 -0 -0.11220735
v -0.03209612 -0 -0.11220735
v -0.03552579 -0 -0.11220735
v -0.03511807 0.0052375 -0.1117914
v -0.03168844 0.0052375 -0.11179141
v -0.03209612 -0 -0.11220735
v -0.02763073 0.0052375 -0.1077337
v -0.03168844 0.0052375 -0.11179141
v -0.03083339 0.01047501 -0.10407897
v -0.03072745 0.01571252 -0.10397819
v -0.03478514 0.01571252 -0.10803589
v -0.03489105 0.01047501 -0.10813664
v -0.03106041 0.02618753 -0.10430404
v -0.03511808 0.02618753 -0.10836172
v -0.03489105 0.02095002 -0.10813664
v -0.03083339 0.02095002 -0.10407897
v -0.03489108 0.01047501 -0.11156628
v -0.03146141 0.01047501 -0.11156628
v -0.03135545 0.01571252 -0.11146554
v -0.03552577 -0 -0.1087777
v -0.03511808 0.0052375 -0.10836172
v -0.03146141 0.02095002 -0.11156628
v -0.02740371 0.02095002 -0.10750864
v -0.03552579 0.03142503 -0.11220735
v -0.03209612 0.03142503 -0.11220735
v -0.03168844 0.02618753 -0.11179141
v -0.03511807 0.02618753 -0.1117914
v -0.02803843 0.03142503 -0.10814968
v -0.03209612 0.03142503 -0.11220735
v -0.03146809 -0 -0.10472003
v -0.03106041 0.0052375 -0.10430404
v -0.03511808 0.0052375 -0.10836172
v -0.03552577 -0 -0.1087777
v -0.03146809 -0 -0.10472003
v -0.03552577 -0 -0.1087777
v -0.03146141 0.02095002 -0.11156628
v -0.02803843 -0 -0.10814968
v -0.03209612 -0 -0.11220735
v -0.03511808 0.02618753 -0.10836172
v -0.03552577 0.03142503 -0.1087777
v -0.03489105 0.01047501 -0.10813664
v -0.03146809 0.03142503 -0.10472003
v -0.03552577 0.03142503 -0.1087777
v -0.02729779 0.01571252 -0.04455781
v -0.02740371 0.01047501 -0.04465856
v -0.03146141 0.01047501 -0.04871621
v -0.03135545 0.01571252 -0.04861547
v -0.02763073 0.02618753 -0.04488363
v -0.03168844 0.02618753 -0.04894133
v -0.03209612 0.03142503 -0.04935728
v -0.02803843 0.03142503 -0.0452996
v -0.03478512 0.01571252 -0.04861547
v -0.03478514 0.01571252 -0.04518582
v -0.03489105 0.02095002 -0.04528657
v -0.03489108 0.02095002 -0.04871621
v -0.03202689 0.03142503 -0.04589986
v -0.03552579 0.03142503 -0.04935728
v -0.03552577 0.03142503 -0.04592763
v -0.03146809 0.03142503 -0.04186995
v -0.02803843 -0 -0.0452996
v -0.03341569 -0 -0.04728867
v -0.03552579 -0 -0.04935728
v -0.03209612 -0 -0.04935728
v -0.03552579 -0 -0.04935728
v -0.03511807 0.0052375 -0.04894132
v -0.03168844 0.0052375 -0.04894133
v -0.03209612 -0 -0.04935728
v -0.02763073 0.0052375 -0.04488363
v -0.03168844 0.0052375 -0.04894133
v -0.03083339 0.01047501 -0.04122889
v -0.03072745 0.01571252 -0.04112812
v -0.03478514 0.01571252 -0.04518582
v -0.03489105 0.01047501 -0.04528657
v -0.03106041 0.02618753 -0.04145396
v -0.03511808 0.02618753 -0.04551164
v -0.03489105 0.02095002 -0.04528657
v -0.03083339 0.02095002 -0.04122889
v -0.03489108 0.01047501 -0.04871621
v -0.03146141 0.01047501 -0.04871621
v -0.03135545 0.01571252 -0.04861547
v -0.03552577 -0 -0.04592763
v -0.03511808 0.0052375 -0.04551164
v -0.03146141 0.02095002 -0.04871621
v -0.02740371 0.02095002 -0.04465856
v -0.03552579 0.03142503 -0.04935728
v -0.03209612 0.03142503 -0.04935728
v -0.03168844 0.02618753 -0.04894133
v -0.03511807 0.02618753 -0.04894132
v -0.02803843 0.03142503 -0.0452996
v -0.03209612 0.03142503 -0.04935728
v -0.03146809 -0 -0.04186995
v -0.03106041 0.0052375 -0.04145396
v -0.03511808 0.0052375 -0.04551164
v -0.03552577 -0 -0.04592763
v -0.03146809 -0 -0.04186995
v -0.03552577 -0 -0.04592763
v -0.03146141 0.02095002 -0.04871621
v -0.02803843 -0 -0.0452996
v -0.03209612 -0 -0.04935728
v -0.03511808 0.02618753 -0.04551164
v -0.03552577 0.03142503 -0.04592763
v -0.03489105 0.01047501 -0.04528657
v -0.03146809 0.03142503 -0.04186995
v -0.03552577 0.03142503 -0.04592763
v -0.09014787 0.01571252 -0.04455781
v -0.09025379 0.01047501 -0.04465856
v -0.09431149 0.01047501 -0.04871621
v -0.09420553 0.01571252 -0.04861547
v -0.09048081 0.02618753 -0.04488363
v -0.09453852 0.02618753 -0.04894133
v -0.09494619 0.03142503 -0.04935728
v -0.09088851 0.03142503 -0.0452996
v -0.0976352 0.01571252 -0.04861547
v -0.09763523 0.01571252 -0.04518582
v -0.09774112 0.02095002 -0.04528657
v -0.09774115 0.02095002 -0.04871621
v -0.09487696 0.03142503 -0.04589986
v -0.09837587 0.03142503 -0.04935728
v -0.09837584 0.03142503 -0.04592763
v -0.09431817 0.03142503 -0.04186995
v -0.09088851 -0 -0.0452996
v -0.09626577 -0 -0.04728867
v -0.09837587 -0 -0.04935728
v -0.09494619 -0 -0.04935728
v -0.09837587 -0 -0.04935728
v -0.09796816 0.0052375 -0.04894132
v -0.09453852 0.0052375 -0.04894133
v -0.09494619 -0 -0.04935728
v -0.09048081 0.0052375 -0.04488363
v -0.09453852 0.0052375 -0.04894133
v -0.09368347 0.01047501 -0.04122889
v -0.09357753 0.01571252 -0.04112812
v -0.09763523 0.01571252 -0.04518582
v -0.09774112 0.01047501 -0.04528657
v -0.09391049 0.02618753 -0.04145396
v -0.09796816 0.02618753 -0.04551164
v -0.09774112 0.02095002 -0.04528657
v -0.09368347 0.02095002 -0.04122889
v -0.09774115 0.01047501 -0.04871621
v -0.09431149 0.01047501 -0.04871621
v -0.09420553 0.01571252 -0.04861547
v -0.09837584 -0 -0.04592763
v -0.09796816 0.0052375 -0.04551164
v -0.09431149 0.02095002 -0.04871621
v -0.09025379 0.02095002 -0.04465856
v -0.09837587 0.03142503 -0.04935728
v -0.09494619 0.03142503 -0.04935728
v -0.09453852 0.02618753 -0.04894133
v -0.09796816 0.02618753 -0.04894132
v -0.09088851 0.03142503 -0.0452996
v -0.09494619 0.03142503 -0.04935728
v -0.09431817 -0 -0.04186995
v -0.09391049 0.0052375 -0.04145396
v -0.09796816 0.0052375 -0.04551164
v -0.09837584 -0 -0.04592763
v -0.09431817 -0 -0.04186995
v -0.09837584 -0 -0.04592763
v -0.09431149 0.02095002 -0.04871621
v -0.09088851 -0 -0.0452996
v -0.09494619 -0 -0.04935728
v -0.09796816 0.02618753 -0.04551164
v -0.09837584 0.03142503 -0.04592763
v -0.09774112 0.01047501 -0.04528657
v -0.09431817 0.03142503 -0.04186995
v -0.09837584 0.03142503 -0.04592763
v -0.09353498 0.01571253 0.01222115
v -0.09363573 0.01047502 0.01232706
v -0.09769338 0.01047502 0.01638476
v -0.09759263 0.01571253 0.0162788
v -0.09386079 0.02618754 0.01255409
v -0.0979185 0.02618754 0.01661179
v -0.09833444 0.03142504 0.01701946
v -0.09427676 0.03142504 0.01296178
v -0.09759263 0.01571253 0.01970847
v -0.09416298 0.01571253 0.0197085
v -0.09426372 0.02095003 0.0198144
v -0.09769338 0.02095003 0.01981443
v -0.09487702 0.03142504 0.01695024
v -0.09833444 0.03142504 0.02044914
v -0.0949048 0.03142504 0.02044912
v -0.09084713 0.03142504 0.01639144
v -0.09427676 0 0.01296178
v -0.09626584 0 0.01833904
v -0.09833444 0 0.02044914
v -0.09833444 0 0.01701946
v -0.09833444 0 0.02044914
v -0.09791848 0.00523751 0.02004143
v -0.0979185 0.00523751 0.01661179
v -0.09833444 0 0.01701946
v -0.09386079 0.00523751 0.01255409
v -0.0979185 0.00523751 0.01661179
v -0.09020605 0.01047502 0.01575674
v -0.09010528 0.01571253 0.0156508
v -0.09416298 0.01571253 0.0197085
v -0.09426372 0.01047502 0.0198144
v -0.09043112 0.02618754 0.01598376
v -0.0944888 0.02618754 0.02004143
v -0.09426372 0.02095003 0.0198144
v -0.09020605 0.02095003 0.01575674
v -0.09769338 0.01047502 0.01981443
v -0.09769338 0.01047502 0.01638476
v -0.09759263 0.01571253 0.0162788
v -0.0949048 0 0.02044912
v -0.0944888 0.00523751 0.02004143
v -0.09769338 0.02095003 0.01638476
v -0.09363573 0.02095003 0.01232706
v -0.09833444 0.03142504 0.02044914
v -0.09833444 0.03142504 0.01701946
v -0.0979185 0.02618754 0.01661179
v -0.09791848 0.02618754 0.02004143
v -0.09427676 0.03142504 0.01296178
v -0.09833444 0.03142504 0.01701946
v -0.09084713 0 0.01639144
v -0.09043112 0.00523751 0.01598376
v -0.0944888 0.00523751 0.02004143
v -0.0949048 0 0.02044912
v -0.09084713 0 0.01639144
v -0.0949048 0 0.02044912
v -0.09769338 0.02095003 0.01638476
v -0.09427676 0 0.01296178
v -0.09833444 0 0.01701946
v -0.0944888 0.02618754 0.02004143
v -0.0949048 0.03142504 0.02044912
v -0.09426372 0.01047502 0.0198144
v -0.09084713 0.03142504 0.01639144
v -0.0949048 0.03142504 0.02044912
v -0.03442195 0.04713756 0.01265729
v -0.03441829 0.04190005 0.01280342
v -0.03441826 0.04190005 0.01854184
v -0.03442195 0.04713756 0.01839568
v -0.03441692 0.05761257 0.0131231
v -0.03441692 0.05761257 0.01886155
v -0.03442276 0.06285008 0.01944395
v -0.03442276 0.06285008 0.01370552
v -0.03199681 0.04713756 0.02082082
v -0.02957167 0.04713756 0.01839571
v -0.02956801 0.05237506 0.01854184
v -0.03199312 0.05237506 0.02096698
v -0.03202696 0.06285008 0.01695024
v -0.03199762 0.06285008 0.02186909
v -0.02957251 0.06285008 0.01944395
v -0.02957251 0.06285008 0.01370552
v -0.03202696 0.03142504 0.0189143
v -0.03199762 0.03142504 0.02186909
v -0.03199177 0.03666254 0.02128667
v -0.03441692 0.03666254 0.01886155
v -0.03442276 0.03142504 0.01944395
v -0.03441692 0.03666254 0.0131231
v -0.03441692 0.03666254 0.01886155
v -0.02956801 0.04190005 0.01280342
v -0.02957167 0.04713756 0.01265726
v -0.02957167 0.04713756 0.01839571
v -0.02956801 0.04190005 0.01854184
v -0.02956663 0.05761257 0.0131231
v -0.02956663 0.05761257 0.01886152
v -0.02956801 0.05237506 0.01854184
v -0.02956801 0.05237506 0.01280342
v -0.03199312 0.04190005 0.02096698
v -0.03441826 0.04190005 0.01854184
v -0.03442195 0.04713756 0.01839568
v -0.02957251 0.03142504 0.01944395
v -0.02956663 0.03666254 0.01886152
v -0.03441826 0.05237506 0.01854184
v -0.03441829 0.05237506 0.01280342
v -0.03199762 0.06285008 0.02186909
v -0.03442276 0.06285008 0.01944395
v -0.03441692 0.05761257 0.01886155
v -0.03199177 0.05761257 0.02128667
v -0.03442276 0.06285008 0.01370552
v -0.03442276 0.06285008 0.01944395
v -0.02957251 0.03142504 0.01370552
v -0.02956663 0.03666254 0.0131231
v -0.02956663 0.03666254 0.01886152
v -0.02957251 0.03142504 0.01944395
v -0.03441826 0.05237506 0.01854184
v -0.03442276 0.03142504 0.01370552
v -0.03442276 0.03142504 0.01944395
v -0.02956663 0.05761257 0.01886152
v -0.02957251 0.06285008 0.01944395
v -0.02956801 0.04190005 0.01854184
v -0.02957251 0.06285008 0.01370552
v -0.02957251 0.06285008 0.01944395
v 0.02842813 0.04713756 0.01265729
v 0.02843179 0.04190005 0.01280342
v 0.02843182 0.04190005 0.01854184
v 0.02842813 0.04713756 0.01839568
v 0.02843316 0.05761257 0.0131231
v 0.02843316 0.05761257 0.01886155
v 0.02842732 0.06285008 0.01944395
v 0.02842732 0.06285008 0.01370552
v 0.03085327 0.04713756 0.02082082
v 0.03327841 0.04713756 0.01839571
v 0.03328207 0.05237506 0.01854184
v 0.03085696 0.05237506 0.02096698
v 0.03082312 0.06285008 0.01695024
v 0.03085246 0.06285008 0.02186909
v 0.03327757 0.06285008 0.01944395
v 0.03327757 0.06285008 0.01370552
v 0.03082312 0.03142504 0.0189143
v 0.03085246 0.03142504 0.02186909
v 0.03085831 0.03666254 0.02128667
v 0.02843316 0.03666254 0.01886155
v 0.02842732 0.03142504 0.01944395
v 0.02843316 0.03666254 0.0131231
v 0.02843316 0.03666254 0.01886155
v 0.03328207 0.04190005 0.01280342
v 0.03327841 0.04713756 0.01265726
v 0.03327841 0.04713756 0.01839571
v 0.03328207 0.04190005 0.01854184
v 0.03328345 0.05761257 0.0131231
v 0.03328345 0.05761257 0.01886152
v 0.03328207 0.05237506 0.01854184
v 0.03328207 0.05237506 0.01280342
v 0.03085696 0.04190005 0.02096698
v 0.02843182 0.04190005 0.01854184
v 0.02842813 0.04713756 0.01839568
v 0.03327757 0.03142504 0.01944395
v 0.03328345 0.03666254 0.01886152
v 0.02843182 0.05237506 0.01854184
v 0.02843179 0.05237506 0.01280342
v 0.03085246 0.06285008 0.02186909
v 0.02842732 0.06285008 0.01944395
v 0.02843316 0.05761257 0.01886155
v 0.03085831 0.05761257 0.02128667
v 0.02842732 0.06285008 0.01370552
v 0.02842732 0.06285008 0.01944395
v 0.03327757 0.03142504 0.01370552
v 0.03328345 0.03666254 0.0131231
v 0.03328345 0.03666254 0.01886152
v 0.03327757 0.03142504 0.01944395
v 0.02843182 0.05237506 0.01854184
v 0.02842732 0.03142504 0.01370552
v 0.02842732 0.03142504 0.01944395
v 0.03328345 0.05761257 0.01886152
v 0.03327757 0.06285008 0.01944395
v 0.03328207 0.04190005 0.01854184
v 0.03327757 0.06285008 0.01370552
v 0.03327757 0.06285008 0.01944395
v 0.08894418 0.04713756 0.01560817
v 0.08905009 0.04190005 0.01570892
v 0.0931078 0.04190005 0.01976657
v 0.09300184 0.04713756 0.01966583
v 0.08927712 0.05761257 0.01593399
v 0.09333482 0.05761257 0.01999169
v 0.0937425 0.06285008 0.02040764
v 0.08968482 0.06285008 0.01634996
v 0.09643151 0.04713756 0.01966583
v 0.09643153 0.04713756 0.01623618
v 0.09653744 0.05237506 0.01633693
v 0.09653746 0.05237506 0.01976657
v 0.09367327 0.06285008 0.01695023
v 0.09717217 0.06285008 0.02040764
v 0.09717215 0.06285008 0.01697799
v 0.09311447 0.06285008 0.01292031
v 0.09506207 0.03142504 0.01833903
v 0.09717217 0.03142504 0.02040764
v 0.09676446 0.03666254 0.01999167
v 0.09333482 0.03666254 0.01999169
v 0.0937425 0.03142504 0.02040764
v 0.08927712 0.03666254 0.01593399
v 0.09333482 0.03666254 0.01999169
v 0.09247977 0.04190005 0.01227925
v 0.09237383 0.04713756 0.01217849
v 0.09643153 0.04713756 0.01623618
v 0.09653744 0.04190005 0.01633693
v 0.09270679 0.05761257 0.01250433
v 0.09676446 0.05761257 0.016562
v 0.09653744 0.05237506 0.01633693
v 0.09247977 0.05237506 0.01227925
v 0.09653746 0.04190005 0.01976657
v 0.0931078 0.04190005 0.01976657
v 0.09300184 0.04713756 0.01966583
v 0.09717215 0.03142504 0.01697799
v 0.09676446 0.03666254 0.016562
v 0.0931078 0.05237506 0.01976657
v 0.08905009 0.05237506 0.01570892
v 0.09717217 0.06285008 0.02040764
v 0.0937425 0.06285008 0.02040764
v 0.09333482 0.05761257 0.01999169
v 0.09676446 0.05761257 0.01999167
v 0.08968482 0.06285008 0.01634996
v 0.0937425 0.06285008 0.02040764
v 0.09311447 0.03142504 0.01292031
v 0.09270679 0.03666254 0.01250433
v 0.09676446 0.03666254 0.016562
v 0.09717215 0.03142504 0.01697799
v 0.0931078 0.05237506 0.01976657
v 0.08968482 0.03142504 0.01634996
v 0.0937425 0.03142504 0.02040764
v 0.09676446 0.05761257 0.016562
v 0.09717215 0.06285008 0.01697799
v 0.09653744 0.04190005 0.01633693
v 0.09311447 0.06285008 0.01292031
v 0.09717215 0.06285008 0.01697799
v 0.08938032 0.04713756 -0.04350486
v 0.08952645 0.04190005 -0.04350851
v 0.09526488 0.04190005 -0.04350855
v 0.09511872 0.04713756 -0.04350486
v 0.08984614 0.05761257 -0.04350989
v 0.0955846 0.05761257 -0.04350989
v 0.09616698 0.06285008 -0.04350405
v 0.09042856 0.06285008 -0.04350405
v 0.09754386 0.04713756 -0.04593
v 0.09511875 0.04713756 -0.04835514
v 0.09526488 0.05237506 -0.0483588
v 0.09769002 0.05237506 -0.04593369
v 0.09367327 0.06285008 -0.04589985
v 0.09859212 0.06285008 -0.04592919
v 0.09616699 0.06285008 -0.0483543
v 0.09042857 0.06285008 -0.0483543
v 0.09563734 0.03142504 -0.04589985
v 0.09859212 0.03142504 -0.04592919
v 0.0980097 0.03666254 -0.04593503
v 0.0955846 0.03666254 -0.04350989
v 0.09616698 0.03142504 -0.04350405
v 0.08984614 0.03666254 -0.04350989
v 0.0955846 0.03666254 -0.04350989
v 0.08952646 0.04190005 -0.0483588
v 0.08938029 0.04713756 -0.04835514
v 0.09511875 0.04713756 -0.04835514
v 0.09526488 0.04190005 -0.0483588
v 0.08984614 0.05761257 -0.04836018
v 0.09558456 0.05761257 -0.04836018
v 0.09526488 0.05237506 -0.0483588
v 0.08952646 0.05237506 -0.0483588
v 0.09769002 0.04190005 -0.04593369
v 0.09526488 0.04190005 -0.04350855
v 0.09511872 0.04713756 -0.04350486
v 0.09616699 0.03142504 -0.0483543
v 0.09558456 0.03666254 -0.04836018
v 0.09526488 0.05237506 -0.04350855
v 0.08952645 0.05237506 -0.04350851
v 0.09859212 0.06285008 -0.04592919
v 0.09616698 0.06285008 -0.04350405
v 0.0955846 0.05761257 -0.04350989
v 0.0980097 0.05761257 -0.04593503
v 0.09042856 0.06285008 -0.04350405
v 0.09616698 0.06285008 -0.04350405
v 0.09042857 0.03142504 -0.0483543
v 0.08984614 0.03666254 -0.04836018
v 0.09558456 0.03666254 -0.04836018
v 0.09616699 0.03142504 -0.0483543
v 0.09526488 0.05237506 -0.04350855
v 0.09042856 0.03142504 -0.04350405
v 0.09616698 0.03142504 -0.04350405
v 0.09558456 0.05761257 -0.04836018
v 0.09616699 0.06285008 -0.0483543
v 0.09526488 0.04190005 -0.0483588
v 0.09042857 0.06285008 -0.0483543
v 0.09616699 0.06285008 -0.0483543
v 0.09233122 0.04713756 -0.10402084
v 0.09243197 0.04190005 -0.10412675
v 0.09648962 0.04190005 -0.10818445
v 0.09638887 0.04713756 -0.1080785
v 0.09265704 0.05761257 -0.10435378
v 0.09671475 0.05761257 -0.10841148
v 0.09713068 0.06285008 -0.10881917
v 0.09307301 0.06285008 -0.10476148
v 0.09638887 0.04713756 -0.11150817
v 0.09295922 0.04713756 -0.11150819
v 0.09305997 0.05237506 -0.1116141
v 0.09648962 0.05237506 -0.11161413
v 0.09367327 0.06285008 -0.10874993
v 0.09713068 0.06285008 -0.11224883
v 0.09370104 0.06285008 -0.11224882
v 0.08964336 0.06285008 -0.10819113
v 0.09506208 0.03142504 -0.11013873
v 0.09713068 0.03142504 -0.11224883
v 0.09671472 0.03666254 -0.11184112
v 0.09671475 0.03666254 -0.10841148
v 0.09713068 0.03142504 -0.10881917
v 0.09265704 0.03666254 -0.10435378
v 0.09671475 0.03666254 -0.10841148
v 0.0890023 0.04190005 -0.10755643
v 0.08890153 0.04713756 -0.10745048
v 0.09295922 0.04713756 -0.11150819
v 0.09305997 0.04190005 -0.1116141
v 0.08922737 0.05761257 -0.10778346
v 0.09328505 0.05761257 -0.11184113
v 0.09305997 0.05237506 -0.1116141
v 0.0890023 0.05237506 -0.10755643
v 0.09648962 0.04190005 -0.11161413
v 0.09648962 0.04190005 -0.10818445
v 0.09638887 0.04713756 -0.1080785
v 0.09370104 0.03142504 -0.11224882
v 0.09328505 0.03666254 -0.11184113
v 0.09648962 0.05237506 -0.10818445
v 0.09243197 0.05237506 -0.10412675
v 0.09713068 0.06285008 -0.11224883
v 0.09713068 0.06285008 -0.10881917
v 0.09671475 0.05761257 -0.10841148
v 0.09671472 0.05761257 -0.11184112
v 0.09307301 0.06285008 -0.10476148
v 0.09713068 0.06285008 -0.10881917
v 0.08964336 0.03142504 -0.10819113
v 0.08922737 0.03666254 -0.10778346
v 0.09328505 0.03666254 -0.11184113
v 0.09370104 0.03142504 -0.11224882
v 0.09648962 0.05237506 -0.10818445
v 0.09307301 0.03142504 -0.10476148
v 0.09713068 0.03142504 -0.10881917
v 0.09328505 0.05761257 -0.11184113
v 0.09370104 0.06285008 -0.11224882
v 0.09305997 0.04190005 -0.1116141
v 0.08964336 0.06285008 -0.10819113
v 0.09370104 0.06285008 -0.11224882
v 0.03321819 0.04713756 -0.10445699
v 0.03321454 0.04190005 -0.10460312
v 0.0332145 0.04190005 -0.11034154
v 0.03321819 0.04713756 -0.11019538
v 0.03321316 0.05761257 -0.1049228
v 0.03321316 0.05761257 -0.11066127
v 0.033219 0.06285008 -0.11124365
v 0.03321901 0.06285008 -0.10550523
v 0.03079305 0.04713756 -0.11262053
v 0.0283679 0.04713756 -0.11019541
v 0.02836426 0.05237506 -0.11034154
v 0.03078936 0.05237506 -0.11276669
v 0.03082319 0.06285008 -0.10874994
v 0.03079386 0.06285008 -0.11366879
v 0.02836874 0.06285008 -0.11124366
v 0.02836874 0.06285008 -0.10550523
v 0.0308232 0.03142504 -0.110714
v 0.03079386 0.03142504 -0.11366879
v 0.03078802 0.03666254 -0.11308637
v 0.03321316 0.03666254 -0.11066127
v 0.033219 0.03142504 -0.11124365
v 0.03321316 0.03666254 -0.1049228
v 0.03321316 0.03666254 -0.11066127
v 0.02836425 0.04190005 -0.10460314
v 0.02836791 0.04713756 -0.10445696
v 0.0283679 0.04713756 -0.11019541
v 0.02836426 0.04190005 -0.11034154
v 0.02836287 0.05761257 -0.10492281
v 0.02836287 0.05761257 -0.11066123
v 0.02836426 0.05237506 -0.11034154
v 0.02836425 0.05237506 -0.10460314
v 0.03078936 0.04190005 -0.11276669
v 0.0332145 0.04190005 -0.11034154
v 0.03321819 0.04713756 -0.11019538
v 0.02836874 0.03142504 -0.11124366
v 0.02836287 0.03666254 -0.11066123
v 0.0332145 0.05237506 -0.11034154
v 0.03321454 0.05237506 -0.10460312
v 0.03079386 0.06285008 -0.11366879
v 0.033219 0.06285008 -0.11124365
v 0.03321316 0.05761257 -0.11066127
v 0.03078802 0.05761257 -0.11308637
v 0.03321901 0.06285008 -0.10550523
v 0.033219 0.06285008 -0.11124365
v 0.02836874 0.03142504 -0.10550523
v 0.02836287 0.03666254 -0.10492281
v 0.02836287 0.03666254 -0.11066123
v 0.02836874 0.03142504 -0.11124366
v 0.0332145 0.05237506 -0.11034154
v 0.03321901 0.03142504 -0.10550523
v 0.033219 0.03142504 -0.11124365
v 0.02836287 0.05761257 -0.11066123
v 0.02836874 0.06285008 -0.11124366
v 0.02836426 0.04190005 -0.11034154
v 0.02836874 0.06285008 -0.10550523
v 0.02836874 0.06285008 -0.11124366
v -0.02729779 0.04713756 -0.10740788
v -0.02740371 0.04190005 -0.10750864
v -0.03146141 0.04190005 -0.11156628
v -0.03135545 0.04713756 -0.11146554
v -0.02763073 0.05761257 -0.1077337
v -0.03168844 0.05761257 -0.11179141
v -0.03209612 0.06285007 -0.11220735
v -0.02803843 0.06285007 -0.10814968
v -0.03478512 0.04713756 -0.11146554
v -0.03478514 0.04713756 -0.10803589
v -0.03489105 0.05237506 -0.10813664
v -0.03489108 0.05237506 -0.11156628
v -0.03202689 0.06285007 -0.10874994
v -0.03552579 0.06285007 -0.11220735
v -0.03552577 0.06285007 -0.1087777
v -0.03146809 0.06285007 -0.10472003
v -0.03341569 0.03142503 -0.11013874
v -0.03552579 0.03142503 -0.11220735
v -0.03511807 0.03666254 -0.1117914
v -0.03168844 0.03666254 -0.11179141
v -0.03209612 0.03142503 -0.11220735
v -0.02763073 0.03666254 -0.1077337
v -0.03168844 0.03666254 -0.11179141
v -0.03083339 0.04190005 -0.10407897
v -0.03072745 0.04713756 -0.10397819
v -0.03478514 0.04713756 -0.10803589
v -0.03489105 0.04190005 -0.10813664
v -0.03106041 0.05761257 -0.10430404
v -0.03511808 0.05761257 -0.10836172
v -0.03489105 0.05237506 -0.10813664
v -0.03083339 0.05237506 -0.10407897
v -0.03489108 0.04190005 -0.11156628
v -0.03146141 0.04190005 -0.11156628
v -0.03135545 0.04713756 -0.11146554
v -0.03552577 0.03142503 -0.1087777
v -0.03511808 0.03666254 -0.10836172
v -0.03146141 0.05237506 -0.11156628
v -0.02740371 0.05237506 -0.10750864
v -0.03552579 0.06285007 -0.11220735
v -0.03209612 0.06285007 -0.11220735
v -0.03168844 0.05761257 -0.11179141
v -0.03511807 0.05761257 -0.1117914
v -0.02803843 0.06285007 -0.10814968
v -0.03209612 0.06285007 -0.11220735
v -0.03146809 0.03142503 -0.10472003
v -0.03106041 0.03666254 -0.10430404
v -0.03511808 0.03666254 -0.10836172
v -0.03552577 0.03142503 -0.1087777
v -0.03146141 0.05237506 -0.11156628
v -0.02803843 0.03142503 -0.10814968
v -0.03209612 0.03142503 -0.11220735
v -0.03511808 0.05761257 -0.10836172
v -0.03552577 0.06285007 -0.1087777
v -0.03489105 0.04190005 -0.10813664
v -0.03146809 0.06285007 -0.10472003
v -0.03552577 0.06285007 -0.1087777
v -0.09014787 0.04713755 -0.04455781
v -0.09025379 0.04190004 -0.04465856
v -0.09431149 0.04190004 -0.04871621
v -0.09420553 0.04713755 -0.04861547
v -0.09048081 0.05761256 -0.04488363
v -0.09453852 0.05761256 -0.04894133
v -0.09494619 0.06285007 -0.04935728
v -0.09088851 0.06285007 -0.0452996
v -0.0976352 0.04713755 -0.04861547
v -0.09763523 0.04713755 -0.04518582
v -0.09774112 0.05237505 -0.04528657
v -0.09774115 0.05237505 -0.04871621
v -0.09487696 0.06285007 -0.04589986
v -0.09837587 0.06285007 -0.04935728
v -0.09837584 0.06285007 -0.04592763
v -0.09431817 0.06285007 -0.04186995
v -0.09626577 0.03142503 -0.04728867
v -0.09837587 0.03142503 -0.04935728
v -0.09796816 0.03666253 -0.04894132
v -0.09453852 0.03666253 -0.04894133
v -0.09494619 0.03142503 -0.04935728
v -0.09048081 0.03666253 -0.04488363
v -0.09453852 0.03666253 -0.04894133
v -0.09368347 0.04190004 -0.04122889
v -0.09357753 0.04713755 -0.04112812
v -0.09763523 0.04713755 -0.04518582
v -0.09774112 0.04190004 -0.04528657
v -0.09391049 0.05761256 -0.04145396
v -0.09796816 0.05761256 -0.04551164
v -0.09774112 0.05237505 -0.04528657
v -0.09368347 0.05237505 -0.04122889
v -0.09774115 0.04190004 -0.04871621
v -0.09431149 0.04190004 -0.04871621
v -0.09420553 0.04713755 -0.04861547
v -0.09837584 0.03142503 -0.04592763
v -0.09796816 0.03666253 -0.04551164
v -0.09431149 0.05237505 -0.04871621
v -0.09025379 0.05237505 -0.04465856
v -0.09837587 0.06285007 -0.04935728
v -0.09494619 0.06285007 -0.04935728
v -0.09453852 0.05761256 -0.04894133
v -0.09796816 0.05761256 -0.04894132
v -0.09088851 0.06285007 -0.0452996
v -0.09494619 0.06285007 -0.04935728
v -0.09431817 0.03142503 -0.04186995
v -0.09391049 0.03666253 -0.04145396
v -0.09796816 0.03666253 -0.04551164
v -0.09837584 0.03142503 -0.04592763
v -0.09431149 0.05237505 -0.04871621
v -0.09088851 0.03142503 -0.0452996
v -0.09494619 0.03142503 -0.04935728
v -0.09796816 0.05761256 -0.04551164
v -0.09837584 0.06285007 -0.04592763
v -0.09774112 0.04190004 -0.04528657
v -0.09431817 0.06285007 -0.04186995
v -0.09837584 0.06285007 -0.04592763
v -0.09353498 0.04713756 0.01222115
v -0.09363573 0.04190005 0.01232706
v -0.09769338 0.04190005 0.01638476
v -0.09759263 0.04713756 0.0162788
v -0.09386079 0.05761257 0.01255409
v -0.0979185 0.05761257 0.01661179
v -0.09833444 0.06285008 0.01701946
v -0.09427676 0.06285008 0.01296178
v -0.09759263 0.04713756 0.01970847
v -0.09416298 0.04713756 0.0197085
v -0.09426372 0.05237506 0.0198144
v -0.09769338 0.05237506 0.01981443
v -0.09487702 0.06285008 0.01695024
v -0.09833444 0.06285008 0.02044914
v -0.0949048 0.06285008 0.02044912
v -0.09084713 0.06285008 0.01639144
v -0.09626584 0.03142504 0.01833904
v -0.09833444 0.03142504 0.02044914
v -0.09791848 0.03666254 0.02004143
v -0.0979185 0.03666254 0.01661179
v -0.09833444 0.03142504 0.01701946
v -0.09386079 0.03666254 0.01255409
v -0.0979185 0.03666254 0.01661179
v -0.09020605 0.04190005 0.01575674
v -0.09010528 0.04713756 0.0156508
v -0.09416298 0.04713756 0.0197085
v -0.09426372 0.04190005 0.0198144
v -0.09043112 0.05761257 0.01598376
v -0.0944888 0.05761257 0.02004143
v -0.09426372 0.05237506 0.0198144
v -0.09020605 0.05237506 0.01575674
v -0.09769338 0.04190005 0.01981443
v -0.09769338 0.04190005 0.01638476
v -0.09759263 0.04713756 0.0162788
v -0.0949048 0.03142504 0.02044912
v -0.0944888 0.03666254 0.02004143
v -0.09769338 0.05237506 0.01638476
v -0.09363573 0.05237506 0.01232706
v -0.09833444 0.06285008 0.02044914
v -0.09833444 0.06285008 0.01701946
v -0.0979185 0.05761257 0.01661179
v -0.09791848 0.05761257 0.02004143
v -0.09427676 0.06285008 0.01296178
v -0.09833444 0.06285008 0.01701946
v -0.09084713 0.03142504 0.01639144
v -0.09043112 0.03666254 0.01598376
v -0.0944888 0.03666254 0.02004143
v -0.0949048 0.03142504 0.02044912
v -0.09769338 0.05237506 0.01638476
v -0.09427676 0.03142504 0.01296178
v -0.09833444 0.03142504 0.01701946
v -0.0944888 0.05761257 0.02004143
v -0.0949048 0.06285008 0.02044912
v -0.09426372 0.04190005 0.0198144
v -0.09084713 0.06285008 0.01639144
v -0.0949048 0.06285008 0.02044912
v -0.07819692 0.05339955 0.01719025
v -0.08320296 0.05339955 0.01719025
v -0.08138953 0.05339955 -0.04613985
v -0.07638349 0.05339955 -0.04613985
v -0.07819692 0.02197452 0.01719025
v -0.08320296 0.02197452 0.01719025
v -0.08138953 0.02197452 -0.04613985
v -0.07638349 0.02197452 -0.04613985
v -0.04771135 0.05339955 0.01719025
v -0.05271739 0.05339955 0.01719025
v -0.05090397 0.05339955 -0.04613984
v -0.04589793 0.05339955 -0.04613984
v -0.04771135 0.02197452 0.01719025
v -0.05271739 0.02197452 0.01719025
v -0.05090397 0.02197452 -0.04613984
v -0.04589793 0.02197452 -0.04613984
v -0.01819175 0.05339955 -0.10898998
v -0.01318571 0.05339955 -0.10898998
v -0.01819175 0.02197452 -0.10898998
v -0.01318571 0.02197452 -0.10898998
v 0.01229381 0.05339955 -0.10898996
v 0.01729986 0.05339955 -0.10898996
v 0.01229381 0.02197452 -0.10898996
v 0.01729986 0.02197452 -0.10898996
v 0.04173249 0.05339955 -0.10898998
v 0.04673853 0.05339955 -0.10898998
v 0.04173249 0.02197452 -0.10898998
v 0.04673853 0.02197452 -0.10898998
v 0.07221806 0.05339955 -0.10898996
v 0.0772241 0.05339955 -0.10898996
v 0.07221806 0.02197452 -0.10898996
v 0.0772241 0.02197452 -0.10898996
v 0.09391335 0.05339955 -0.09422653
v 0.09391335 0.05339955 -0.08922049
v 0.09391335 0.02197452 -0.09422653
v 0.09391335 0.02197452 -0.08922049
v 0.09391334 0.05339955 -0.06374098
v 0.09391334 0.05339955 -0.05873493
v 0.09391334 0.02197452 -0.06374098
v 0.09391334 0.02197452 -0.05873493
v 0.09391335 0.05339955 -0.02771823
v 0.09391335 0.05339955 -0.02271219
v 0.09391335 0.02197452 -0.02771823
v 0.09391335 0.02197452 -0.02271219
v 0.04750325 0.05339955 0.01719025
v 0.0424972 0.05339955 0.01719025
v 0.04853017 0.02197452 0.01719025
v 0.04352413 0.02197452 0.01719025
v 0.07901574 0.02197452 0.01719025
v 0.07400969 0.02197452 0.01719025
v 0.07798881 0.05339955 0.01719025
v 0.07298277 0.05339955 0.01719025
v -0.09511704 0.02197452 0.00272672
v -0.09511704 0.02197452 -0.00227932
v -0.09511703 0.02197452 -0.02775884
v -0.09511703 0.02197452 -0.03276488
v -0.03226689 0.02197452 -0.09076994
v -0.03226689 0.02197452 -0.09577598
v -0.0322669 0.02197452 -0.06028438
v -0.0322669 0.02197452 -0.06529042
v -0.0322669 0.05339955 -0.06028438
v -0.0322669 0.05339955 -0.06529042
v -0.03226689 0.05339955 -0.09076994
v -0.03226689 0.05339955 -0.09577598
v -0.09511703 0.05339955 -0.02775884
v -0.09511703 0.05339955 -0.03276488
v -0.09511704 0.05339955 0.00272672
v -0.09511704 0.05339955 -0.00227932
v 0.09391334 0.05339955 0.00276732
v 0.09391334 0.05339955 0.00777337
v 0.09391334 0.02197452 0.00276732
v 0.09391334 0.02197452 0.00777337
vn -1 0 -0
vn 0 -0.95542 -0.29524
vn 0 -0.98769 -0.15644
vn 0 -0.99431 -0.10657
vn 0 -0.96566 -0.25981
vn 0 -0.90872 -0.41741
vn 0 0.95542 0.29524
vn 0 0.98769 0.15644
vn 0 0.99431 0.10657
vn 0 0.96566 0.25981
vn 0 0.90872 0.41741
vn 1 0 -0
vn 0 -0.2776 0.9607
vn 0 -0.40697 0.91344
vn 0 -0.68635 0.72727
vn 0 0.68918 -0.72459
vn 0 0.97625 -0.21666
vn 0 0.39141 -0.92022
vn 0 -0.97176 0.23597
vn 0 -1 -0.00052
vn 0 0.99988 0.01544
vn 0 0 1
vn 0 0 -1
vn 0 -1 -0
vn 0 1 -0
vn 0.38268 -0.92388 -0
vn 0.92388 -0.38268 -0
vn -0.92388 -0.38268 -0
vn -0.38268 -0.92388 -0
vn -0.38268 0.92388 -0
vn -0.92388 0.38268 -0
vn 0.92388 0.38268 -0
vn 0.38268 0.92388 -0
vn 0 -0.92388 0.38268
vn 0 -0.38268 0.92388
vn 0 -0.38268 -0.92388
vn 0 -0.92388 -0.38268
vn 0 0.92388 -0.38268
vn 0 0.38268 -0.92388
vn 0 0.38268 0.92388
vn 0 0.92388 0.38268
vn 0.0007 0 1
vn 0.00143 0 1
vn 0.00046 0 1
vn -0.00143 0 1
vn -0.0007 0 1
vn -0.00046 0 1
vn -0.90431 -0.42687 -0
vn -0.91828 0.39592 -0
vn 0.90431 -0.42687 -0
vn 0.46115 -0.88732 -0
vn -0.46115 -0.88732 -0
vn -0.47357 0.88076 -0
vn 0.91828 0.39592 -0
vn 0.47357 0.88076 -0
vn 0 0.02942 0.99957
vn 0 0.47005 0.88264
vn 0 0.47137 0.88194
vn 0 0.68036 0.73288
vn 0 0.58231 0.81297
vn 0 0.58236 0.81293
vn 0.21092 0.02878 0.97708
vn 0.2335 0.45834 0.85756
vn 0.23466 0.84398 0.48232
vn 0.21015 0.97693 0.03787
vn 0 0.99925 0.03876
vn 0 0.86916 0.49453
vn 0 0.86822 0.49619
vn 0 0.77607 0.63065
vn 0 0.77604 0.63068
vn -0.21092 0.02878 0.97708
vn -0.2335 0.45834 0.85756
vn 0 0.58233 0.81296
vn -0.21501 0.56869 0.79395
vn -0.22154 0.66346 0.71467
vn 0.22154 0.66346 0.71467
vn 0.21501 0.56869 0.79395
vn -0.21565 0.75781 0.61581
vn 0.21565 0.75781 0.61581
vn -0.23466 0.84398 0.48232
vn -0.21015 0.97693 0.03787
vn 0 0.02942 -0.99957
vn 0 0.47005 -0.88264
vn 0 0.47137 -0.88194
vn 0 0.68036 -0.73288
vn 0 0.58233 -0.81296
vn 0 0.58236 -0.81293
vn -0.21092 0.02878 -0.97708
vn -0.2335 0.45834 -0.85756
vn -0.23466 0.84398 -0.48232
vn -0.21015 0.97693 -0.03787
vn 0 0.99925 -0.03876
vn 0 0.86916 -0.49453
vn 0 0.86822 -0.49619
vn 0 0.77607 -0.63065
vn 0 0.77604 -0.63068
vn 0.21092 0.02878 -0.97708
vn 0.2335 0.45834 -0.85756
vn 0 0.58231 -0.81297
vn 0.21501 0.56869 -0.79395
vn 0.22154 0.66346 -0.71467
vn -0.22154 0.66346 -0.71467
vn -0.21501 0.56869 -0.79395
vn 0.21565 0.75781 -0.61581
vn -0.21565 0.75781 -0.61581
vn 0.23466 0.84398 -0.48232
vn 0.21015 0.97693 -0.03787
vn 0.99957 0.02942 -0
vn 0.88264 0.47005 -0
vn 0.88194 0.47137 -0
vn 0.73288 0.68036 -0
vn 0.81296 0.58233 -0
vn 0.81293 0.58236 -0
vn 0.97708 0.02878 -0.21092
vn 0.85756 0.45834 -0.2335
vn 0.48232 0.84398 -0.23466
vn 0.03787 0.97693 -0.21015
vn 0.03876 0.99925 -0
vn 0.49453 0.86916 -0
vn 0.49619 0.86822 -0
vn 0.63065 0.77607 -0
vn 0.63068 0.77604 -0
vn 0.97708 0.02878 0.21092
vn 0.85756 0.45834 0.2335
vn 0.79395 0.56869 0.21501
vn 0.71467 0.66346 0.22154
vn 0.71467 0.66346 -0.22154
vn 0.79395 0.56869 -0.21501
vn 0.61581 0.75781 0.21565
vn 0.61581 0.75781 -0.21565
vn 0.48232 0.84398 0.23466
vn 0.03787 0.97693 0.21015
vn -0.99957 0.02942 -0
vn -0.88264 0.47005 -0
vn -0.88194 0.47137 -0
vn -0.73288 0.68036 -0
vn -0.81296 0.58233 -0
vn -0.81293 0.58236 -0
vn -0.97708 0.02878 0.21092
vn -0.85756 0.45834 0.2335
vn -0.48232 0.84398 0.23466
vn -0.03787 0.97693 0.21015
vn -0.03876 0.99925 -0
vn -0.49453 0.86916 -0
vn -0.49619 0.86822 -0
vn -0.63065 0.77607 -0
vn -0.63068 0.77604 -0
vn -0.97708 0.02878 -0.21092
vn -0.85756 0.45834 -0.2335
vn -0.81297 0.58231 -0
vn -0.79395 0.56869 -0.21501
vn -0.71467 0.66346 -0.22154
vn -0.71467 0.66346 0.22154
vn -0.79395 0.56869 0.21501
vn -0.61581 0.75781 -0.21565
vn -0.61581 0.75781 0.21565
vn -0.48232 0.84398 -0.23466
vn -0.03787 0.97693 -0.21015
vn 0 0.6486 -0.76113
vn 0 0.75714 -0.65325
vn 0 0.75714 0.65325
vn 0 0.6486 0.76113
vn 0 0.59943 0.80043
vn 0 0.84983 0.52706
vn 0 0.84983 -0.52706
vn 0 0.59943 -0.80043
vn 0 -0.84983 -0.52706
vn 0 -0.59943 0.80043
vn 0 -0.84983 0.52706
vn 0 -0.75714 0.65325
vn 0 -0.6486 0.76113
vn 0 -0.59943 -0.80043
vn 0 -0.6486 -0.76113
vn 0 -0.75714 -0.65325
vn 0 0.85176 0.52393
vn 0 0.60187 -0.7986
vn 0 0.85176 -0.52393
vn 0 0.76383 -0.64542
vn 0 0.65156 -0.75859
vn 0 0.60187 0.7986
vn 0 0.65156 0.75859
vn 0 0.76383 0.64542
vn 0.81297 0.58231 -0
vn 0.2335 0.45706 0.85824
vn 0.21501 0.56873 0.79393
vn 0.23466 0.8449 0.48071
vn 0.21565 0.7578 0.61582
vn 0.21501 0.56873 -0.79393
vn 0.2335 0.45706 -0.85824
vn 0.21565 0.75778 -0.61584
vn 0.23466 0.8449 -0.48071
vn -0.95192 0.30635 -0
vn -0.91209 0.40999 -0
vn 0 0.30635 -0.95192
vn 0 0.40999 -0.91209
vn 0 0.30635 0.95192
vn 0 0.40999 0.91209
vn 0 0.22792 0.97368
vn 0.9495 0.31376 -0
vn 0.92289 0.38506 -0
vn 0.3803 0.92486 -0
vn 0.29198 0.88467 0.36346
vn -0.9495 0.31376 -0
vn -0.92289 0.38506 -0
vn -0.3803 0.92486 -0
vn -0.29198 0.88467 0.36346
vn 0.97368 0.22792 -0
vn 0 0.31376 -0.9495
vn 0 0.38506 -0.92289
vn 0 0.92486 -0.3803
vn 0.36346 0.88467 -0.29198
vn 0 0.31376 0.9495
vn 0 0.38506 0.92289
vn 0 0.92486 0.3803
vn 0.36346 0.88467 0.29198
vn 0.95192 0.30635 -0
vn 0.91209 0.40999 -0
vn 0.36389 0.85742 0.36389
vn -0.36389 0.85742 0.36389
vn 0.36389 0.85742 -0.36389
vn -0.36389 0.85742 -0.36389
vn -0.73287 -0.68037 -0
vn -0.6291 -0.77733 -0
vn -0.57654 -0.81707 -0
vn -0.81485 -0.57967 -0
vn -0.8448 -0.53509 -0
vn 0.73287 0.68037 -0
vn 0.6291 0.77733 -0
vn 0.57654 0.81707 -0
vn 0.81485 0.57967 -0
vn 0.8448 0.53509 -0
vn 0.73287 -0.68037 -0
vn 0.6291 -0.77733 -0
vn 0.57654 -0.81707 -0
vn 0.81485 -0.57967 -0
vn 0.8448 -0.53509 -0
vn -0.73287 0.68037 -0
vn -0.6291 0.77733 -0
vn -0.57654 0.81707 -0
vn -0.81485 0.57967 -0
vn -0.8448 0.53509 -0
vn -0.93597 0.35207 -0
vn 0.93597 0.35207 -0
vn 0 -0.68037 0.73287
vn 0 -0.77733 0.6291
vn 0 -0.81707 0.57654
vn 0 -0.57967 0.81485
vn 0 -0.53509 0.8448
vn 0 0.68037 -0.73287
vn 0 0.77733 -0.6291
vn 0 0.81707 -0.57654
vn 0 0.57967 -0.81485
vn 0 0.53509 -0.8448
vn 0 -0.68037 -0.73287
vn 0 -0.77733 -0.6291
vn 0 -0.81707 -0.57654
vn 0 -0.57967 -0.81485
vn 0 -0.53509 -0.8448
vn 0 0.68037 0.73287
vn 0 0.77733 0.6291
vn 0 0.81707 0.57654
vn 0 0.57967 0.81485
vn 0 0.53509 0.8448
vn 0 0.35207 0.93597
vn 0 0.35207 -0.93597
vn -1 -0.00046 -0
vn -0.92521 0.01627 0.37911
vn -0.9263 0 0.37679
vn -1 -0.00037 -0
vn -0.92564 -0.03247 0.377
vn -0.9133 -0.04599 0.40469
vn -1 -0.0011 -0
vn 0.70711 0 0.70711
vn 0.92625 0 0.37691
vn 0.92522 -0.01715 0.37905
vn 0.70675 -0.03198 0.70675
vn -0.70487 0.07917 0.7049
vn -0.70576 0.06174 0.70576
vn -0.92564 0.03247 0.377
vn -0.9133 0.04599 0.40469
vn -1 0.00037 -0
vn 1 0.00046 -0
vn 0.92522 0.01715 0.37905
vn 1 0.00037 -0
vn 0.92572 -0.03165 0.37689
vn 1 -0.00046 -0
vn -0.70676 0.03131 0.70676
vn -0.70711 0 0.70711
vn 0.70579 0.0611 0.70579
vn 0.70498 0.07758 0.70498
vn 0.91329 0.04398 0.40493
vn 0.92572 0.03165 0.37689
vn -0.92521 -0.01627 0.37911
vn -1 0.00046 -0
vn -0.70487 -0.07917 0.7049
vn -0.70576 -0.06174 0.70576
vn 1 -0.0011 -0
vn 1 -0.00037 -0
vn -0.70676 -0.03131 0.70676
vn -1 0.0011 -0
vn 0.70579 -0.0611 0.70579
vn 0.91329 -0.04398 0.40493
vn 0.70498 -0.07758 0.70498
vn 0.70675 0.03198 0.70675
vn 1 0.0011 -0
vn -0.70711 -0.00046 0.70711
vn -0.38613 0.01627 0.9223
vn -0.38854 0 0.92143
vn -0.70711 -0.00037 0.70711
vn -0.38794 -0.03247 0.92111
vn -0.35961 -0.04599 0.93197
vn -0.70711 -0.0011 0.70711
vn 0.92148 0 -0.38842
vn 0.92226 -0.01715 -0.38619
vn 0.99949 -0.03198 -0
vn 0 0.07917 0.99686
vn 0 0.06174 0.99809
vn -0.38794 0.03247 0.92111
vn -0.35961 0.04599 0.93197
vn -0.70711 0.00037 0.70711
vn 0.70711 0.00046 -0.70711
vn 0.70711 0 -0.70711
vn 0.92226 0.01715 -0.38619
vn 0.70711 0.00037 -0.70711
vn 0.92108 -0.03165 -0.38808
vn 0.70711 -0.00046 -0.70711
vn 0 0.03131 0.99951
vn 0.99813 0.0611 -0
vn 0.99699 0.07758 -0
vn 0.93212 0.04401 -0.35946
vn 0.92108 0.03165 -0.38808
vn -0.38613 -0.01627 0.9223
vn -0.70711 0.00046 0.70711
vn 0 -0.07917 0.99686
vn 0 -0.06174 0.99809
vn 0.70711 -0.0011 -0.70711
vn 0.70711 -0.00037 -0.70711
vn 0 -0.03131 0.99951
vn -0.70711 0.0011 0.70711
vn 0.99813 -0.0611 -0
vn 0.93212 -0.04401 -0.35946
vn 0.99699 -0.07758 -0
vn 0.99949 0.03198 -0
vn 0.70711 0.0011 -0.70711
vn 0 -0.00046 1
vn 0.37911 0.01627 0.92521
vn 0.37679 0 0.9263
vn 0 -0.00037 1
vn 0.377 -0.03247 0.92564
vn 0.40469 -0.04599 0.9133
vn 0 -0.0011 1
vn 0.37691 0 -0.92625
vn 0.37905 -0.01715 -0.92522
vn 0.70675 -0.03198 -0.70675
vn 0.7049 0.07917 0.70487
vn 0.70576 0.06174 0.70576
vn 0.377 0.03247 0.92564
vn 0.40469 0.04599 0.9133
vn 0 0.00037 1
vn 0 0.00046 -1
vn 0.37905 0.01715 -0.92522
vn 0 0.00037 -1
vn 0.37689 -0.03165 -0.92572
vn 0 -0.00046 -1
vn 0.70676 0.03131 0.70676
vn 0.70579 0.0611 -0.70579
vn 0.70498 0.07758 -0.70498
vn 0.40493 0.04401 -0.91329
vn 0.37689 0.03165 -0.92572
vn 0.37911 -0.01627 0.92521
vn 0 0.00046 1
vn 0.7049 -0.07917 0.70487
vn 0.70576 -0.06174 0.70576
vn 0 -0.0011 -1
vn 0 -0.00037 -1
vn 0.70676 -0.03131 0.70676
vn 0 0.0011 1
vn 0.70579 -0.0611 -0.70579
vn 0.40493 -0.04401 -0.91329
vn 0.70498 -0.07758 -0.70498
vn 0.70675 0.03198 -0.70675
vn 0 0.0011 -1
vn 0.70711 -0.00046 0.70711
vn 0.9223 0.01627 0.38613
vn 0.92143 0 0.38854
vn 0.70711 -0.00037 0.70711
vn 0.92111 -0.03247 0.38794
vn 0.93197 -0.04599 0.35961
vn 0.70711 -0.0011 0.70711
vn -0.38845 0 -0.92147
vn -0.38619 -0.01715 -0.92226
vn 0 -0.03198 -0.99949
vn 0.99686 0.07917 -0
vn 0.99809 0.06174 -0
vn 0.92111 0.03247 0.38794
vn 0.93197 0.04599 0.35961
vn 0.70711 0.00037 0.70711
vn -0.70711 0.00046 -0.70711
vn -0.70711 0 -0.70711
vn -0.38619 0.01715 -0.92226
vn -0.70711 0.00037 -0.70711
vn -0.38805 -0.03165 -0.92109
vn -0.70711 -0.00046 -0.70711
vn 0.99951 0.03131 -0
vn 0 0.0611 -0.99813
vn 0 0.07758 -0.99699
vn -0.35946 0.04401 -0.93212
vn -0.38805 0.03165 -0.92109
vn 0.9223 -0.01627 0.38613
vn 0.70711 0.00046 0.70711
vn 0.99686 -0.07917 -0
vn 0.99809 -0.06174 -0
vn -0.70711 -0.0011 -0.70711
vn -0.70711 -0.00037 -0.70711
vn 0.99951 -0.03131 -0
vn 0.70711 0.0011 0.70711
vn 0 -0.0611 -0.99813
vn -0.35946 -0.04401 -0.93212
vn 0 -0.07758 -0.99699
vn 0 0.03198 -0.99949
vn -0.70711 0.0011 -0.70711
vn 0.92521 0.01627 -0.37911
vn 0.9263 0 -0.37679
vn 0.92564 -0.03247 -0.377
vn 0.9133 -0.04599 -0.40469
vn -0.92625 0 -0.37691
vn -0.92522 -0.01715 -0.37905
vn -0.70675 -0.03198 -0.70675
vn 0.70487 0.07917 -0.7049
vn 0.70576 0.06174 -0.70576
vn 0.92564 0.03247 -0.377
vn 0.9133 0.04599 -0.40469
vn -0.92522 0.01715 -0.37905
vn -0.92572 -0.03165 -0.37689
vn 0.70676 0.03131 -0.70676
vn -0.70579 0.0611 -0.70579
vn -0.70498 0.07758 -0.70498
vn -0.91329 0.04401 -0.40493
vn -0.92572 0.03165 -0.37689
vn 0.92521 -0.01627 -0.37911
vn 0.70487 -0.07917 -0.7049
vn 0.70576 -0.06174 -0.70576
vn 0.70676 -0.03131 -0.70676
vn -0.70579 -0.0611 -0.70579
vn -0.91329 -0.04401 -0.40493
vn -0.70498 -0.07758 -0.70498
vn -0.70675 0.03198 -0.70675
vn 0.38613 0.01627 -0.9223
vn 0.38854 0 -0.92143
vn 0.38794 -0.03247 -0.92111
vn 0.35961 -0.04599 -0.93197
vn -0.92148 0 0.38842
vn -0.92226 -0.01715 0.38619
vn -0.99949 -0.03198 -0
vn 0 0.07917 -0.99686
vn 0 0.06174 -0.99809
vn 0.38794 0.03247 -0.92111
vn 0.35961 0.04599 -0.93197
vn -0.92226 0.01715 0.38619
vn -0.92109 -0.03165 0.38805
vn 0 0.03131 -0.99951
vn -0.99813 0.0611 -0
vn -0.99699 0.07758 -0
vn -0.93212 0.04401 0.35946
vn -0.92109 0.03165 0.38805
vn 0.38613 -0.01627 -0.9223
vn 0 -0.07917 -0.99686
vn 0 -0.06174 -0.99809
vn 0 -0.03131 -0.99951
vn -0.99813 -0.0611 -0
vn -0.93212 -0.04401 0.35946
vn -0.99699 -0.07758 -0
vn -0.99949 0.03198 -0
vn -0.92108 -0.03165 0.38808
vn -0.92108 0.03165 0.38808
vn -0.9223 0.01627 -0.38613
vn -0.92143 0 -0.38854
vn -0.92111 -0.03247 -0.38794
vn -0.93197 -0.04599 -0.35961
vn 0.38842 0 0.92148
vn 0.38619 -0.01715 0.92226
vn 0 -0.03198 0.99949
vn -0.99686 0.07917 -0
vn -0.99809 0.06174 -0
vn -0.92111 0.03247 -0.38794
vn -0.93197 0.04599 -0.35961
vn 0.38619 0.01715 0.92226
vn 0.38808 -0.03165 0.92108
vn -0.99951 0.03131 -0
vn 0 0.0611 0.99813
vn 0 0.07758 0.99699
vn 0.35946 0.04398 0.93212
vn 0.38808 0.03165 0.92108
vn -0.9223 -0.01627 -0.38613
vn -0.99686 -0.07917 -0
vn -0.99809 -0.06174 -0
vn -0.99951 -0.03131 -0
vn 0 -0.0611 0.99813
vn 0.35946 -0.04398 0.93212
vn 0 -0.07758 0.99699
vn 0 0.03198 0.99949
vt 0.94691 0.94202
vt 0.94691 0.94658
vt 0.9306 0.94658
vt 0.96213 0.70529
vt 0.83945 0.70529
vt 0.83945 0.69078
vt 0.96213 0.69078
vt 0.96213 0.74278
vt 0.83945 0.74278
vt 0.83945 0.72873
vt 0.96213 0.72873
vt 0.83945 0.71709
vt 0.96213 0.71709
vt 0.83945 0.70529
vt 0.83945 0.72873
vt 0.83945 0.74278
vt 0.83945 0.71709
vt 0.98681 0.94066
vt 0.98952 0.94066
vt 0.98772 0.95505
vt 0.98501 0.95505
vt 0.98606 0.99206
vt 0.98877 0.99206
vt 0.99121 0.97823
vt 0.9885 0.97823
vt 0.83945 0.68807
vt 0.96213 0.68807
vt 0.98961 0.9667
vt 0.9869 0.9667
vt 0.98961 0.9667
vt 0.9869 0.9667
vt 0.98501 0.95505
vt 0.98772 0.95505
vt 0.98952 0.94066
vt 0.98681 0.94066
vt 0.99121 0.97823
vt 0.9885 0.97823
vt 0.95574 0.83176
vt 0.95574 0.80696
vt 0.9621 0.80696
vt 0.9621 0.83176
vt 0.95574 0.79539
vt 0.9621 0.79539
vt 0.95574 0.77594
vt 0.9621 0.77594
vt 0.84287 0.8621
vt 0.94911 0.8621
vt 0.94911 0.80898
vt 0.84287 0.80898
vt 0.84287 0.92024
vt 0.94911 0.92024
vt 0.94911 0.86712
vt 0.84287 0.86712
vt 0.89653 0.95292
vt 0.89653 0.9734
vt 0.89797 0.9734
vt 0.89797 0.95292
vt 0.89791 0.95299
vt 0.89791 0.97336
vt 0.89663 0.97336
vt 0.89663 0.95299
vt 0.89654 0.95292
vt 0.89654 0.9734
vt 0.89797 0.9734
vt 0.89797 0.95292
vt 0.89806 0.97347
vt 0.89806 0.95299
vt 0.89663 0.97347
vt 0.89654 0.95297
vt 0.89797 0.95297
vt 0.89855 0.95029
vt 0.89855 0.95601
vt 0.9005 0.95601
vt 0.9005 0.95029
vt 0.89326 0.95845
vt 0.87667 0.95845
vt 0.87667 0.97018
vt 0.89326 0.97018
vt 0.8888 0.95275
vt 0.89423 0.95818
vt 0.89609 0.95741
vt 0.88957 0.95089
vt 0.87569 0.95818
vt 0.88112 0.95275
vt 0.88035 0.95089
vt 0.87383 0.95741
vt 0.90088 0.95029
vt 0.90088 0.95716
vt 0.89855 0.95716
vt 0.89855 0.96981
vt 0.9005 0.96981
vt 0.89423 0.97129
vt 0.89609 0.97315
vt 0.90088 0.97374
vt 0.89855 0.97374
vt 0.87569 0.97129
vt 0.87383 0.97315
vt 0.96127 0.98211
vt 0.95681 0.98211
vt 0.95634 0.98145
vt 0.96124 0.98145
vt 0.96127 0.9545
vt 0.95681 0.9545
vt 0.95634 0.95516
vt 0.96124 0.95516
vt 0.8512 0.98955
vt 0.85782 0.98955
vt 0.85782 0.96054
vt 0.8512 0.95454
vt 0.96135 0.95029
vt 0.95681 0.95029
vt 0.95634 0.94962
vt 0.96135 0.94962
vt 0.833 0.98955
vt 0.83962 0.98955
vt 0.83962 0.95454
vt 0.833 0.96054
vt 0.96135 0.98632
vt 0.95681 0.98632
vt 0.95634 0.98698
vt 0.96135 0.98698
vt 0.84541 0.98955
vt 0.84541 0.95278
vt 0.96358 0.95954
vt 0.96358 0.95522
vt 0.9685 0.95522
vt 0.9685 0.95954
vt 0.96358 0.96818
vt 0.96358 0.96386
vt 0.9685 0.96386
vt 0.9685 0.96818
vt 0.96358 0.97681
vt 0.96358 0.97249
vt 0.9685 0.97249
vt 0.9685 0.97681
vt 0.97835 0.9714
vt 0.97835 0.97779
vt 0.97123 0.97779
vt 0.97123 0.9714
vt 0.97835 0.95862
vt 0.97835 0.96501
vt 0.97123 0.96501
vt 0.97123 0.95862
vt 0.97835 0.94585
vt 0.97835 0.95224
vt 0.97123 0.95224
vt 0.97123 0.94585
vt 0.85723 0.97958
vt 0.85723 0.98354
vt 0.8622 0.98354
vt 0.8622 0.97958
vt 0.85723 0.97167
vt 0.85723 0.97563
vt 0.8622 0.97563
vt 0.8622 0.97167
vt 0.85723 0.96377
vt 0.85723 0.96772
vt 0.8622 0.96772
vt 0.8622 0.96377
vt 0.8336 0.97167
vt 0.8336 0.96772
vt 0.82862 0.96772
vt 0.82862 0.97167
vt 0.8336 0.97958
vt 0.8336 0.97563
vt 0.82862 0.97563
vt 0.82862 0.97958
vt 0.96804 0.95954
vt 0.96804 0.96386
vt 0.96804 0.96818
vt 0.96804 0.97249
vt 0.97839 0.97779
vt 0.97839 0.98751
vt 0.97192 0.98751
vt 0.97192 0.97779
vt 0.85782 0.98354
vt 0.86161 0.99334
vt 0.86161 0.98354
vt 0.97839 0.96501
vt 0.97839 0.9714
vt 0.97192 0.9714
vt 0.97192 0.96501
vt 0.97839 0.95224
vt 0.97839 0.95862
vt 0.97192 0.95862
vt 0.97192 0.95224
vt 0.97839 0.94064
vt 0.97839 0.94585
vt 0.97192 0.94585
vt 0.97192 0.94064
vt 0.85782 0.97563
vt 0.85782 0.97958
vt 0.86161 0.97958
vt 0.86161 0.97563
vt 0.85782 0.96772
vt 0.85782 0.97167
vt 0.86161 0.97167
vt 0.86161 0.96772
vt 0.85782 0.96377
vt 0.86161 0.96377
vt 0.86161 0.95908
vt 0.96358 0.98751
vt 0.96804 0.98751
vt 0.96358 0.95011
vt 0.96804 0.95011
vt 0.833 0.96772
vt 0.82922 0.95908
vt 0.82922 0.96772
vt 0.833 0.97563
vt 0.833 0.97167
vt 0.82922 0.97167
vt 0.82922 0.97563
vt 0.833 0.97958
vt 0.82922 0.97958
vt 0.82922 0.99334
vt 0.96127 0.96186
vt 0.96127 0.9683
vt 0.95681 0.9683
vt 0.95681 0.96186
vt 0.96127 0.97475
vt 0.95681 0.97475
vt 0.96135 0.95929
vt 0.95681 0.95929
vt 0.84541 0.94858
vt 0.83731 0.95067
vt 0.85351 0.95067
vt 0.96135 0.97731
vt 0.95681 0.97731
vt 0.96135 0.9683
vt 0.96804 0.95522
vt 0.96804 0.97681
vt 0.84287 0.80306
vt 0.94911 0.80306
vt 0.94911 0.74994
vt 0.84287 0.74994
vt 0.97085 0.84571
vt 0.9788 0.84652
vt 0.97879 0.84288
vt 0.97111 0.84279
vt 0.9788 0.84652
vt 0.98668 0.84578
vt 0.98641 0.84286
vt 0.97879 0.84288
vt 0.98668 0.84578
vt 0.98641 0.84286
vt 0.9788 0.84652
vt 0.98668 0.84578
vt 0.98641 0.84286
vt 0.97879 0.84287
vt 0.97879 0.84649
vt 0.98667 0.84578
vt 0.98641 0.84286
vt 0.97879 0.84285
vt 0.97871 0.84649
vt 0.9866 0.84578
vt 0.98633 0.84286
vt 0.97872 0.84284
vt 0.9788 0.84651
vt 0.98668 0.84578
vt 0.97879 0.84287
vt 0.97091 0.84581
vt 0.97117 0.84289
vt 0.97091 0.84581
vt 0.97117 0.84289
vt 0.97091 0.84581
vt 0.97117 0.84288
vt 0.97083 0.84575
vt 0.9711 0.84283
vt 0.94707 0.99605
vt 0.94707 0.99346
vt 0.89939 0.99346
vt 0.89939 0.99605
vt 0.98682 0.80094
vt 0.98675 0.78416
vt 0.97889 0.78424
vt 0.97886 0.80093
vt 0.94707 0.98186
vt 0.91584 0.98186
vt 0.98624 0.76876
vt 0.98648 0.76641
vt 0.97866 0.7656
vt 0.97867 0.76872
vt 0.98649 0.76875
vt 0.98674 0.7664
vt 0.97892 0.76557
vt 0.97892 0.76869
vt 0.9867 0.82029
vt 0.97883 0.82021
vt 0.94707 0.97025
vt 0.94707 0.95865
vt 0.93762 0.95865
vt 0.92839 0.97025
vt 0.94707 0.94704
vt 0.94497 0.94704
vt 0.97872 0.80096
vt 0.97869 0.78427
vt 0.97077 0.78409
vt 0.9707 0.80087
vt 0.9709 0.84575
vt 0.97117 0.84283
vt 0.98668 0.80094
vt 0.98656 0.78417
vt 0.97879 0.80093
vt 0.97881 0.78424
vt 0.97095 0.78414
vt 0.97083 0.80091
vt 0.98675 0.80094
vt 0.98668 0.78416
vt 0.97872 0.80095
vt 0.97869 0.78427
vt 0.97083 0.78419
vt 0.97076 0.80096
vt 0.98668 0.80094
vt 0.98656 0.78416
vt 0.97872 0.80096
vt 0.97869 0.78427
vt 0.97083 0.78419
vt 0.97076 0.80097
vt 0.98668 0.80094
vt 0.98656 0.78417
vt 0.97872 0.80096
vt 0.97869 0.78427
vt 0.97083 0.7842
vt 0.97076 0.80097
vt 0.98668 0.80094
vt 0.98656 0.78417
vt 0.97083 0.78419
vt 0.97076 0.80097
vt 0.97103 0.78414
vt 0.9709 0.80091
vt 0.97875 0.82024
vt 0.97082 0.82022
vt 0.98656 0.78417
vt 0.98663 0.82029
vt 0.97875 0.82021
vt 0.97088 0.82026
vt 0.98663 0.82029
vt 0.97875 0.82024
vt 0.97088 0.82031
vt 0.97875 0.82024
vt 0.97088 0.82031
vt 0.98663 0.82029
vt 0.97875 0.82024
vt 0.97088 0.82032
vt 0.98663 0.82029
vt 0.97088 0.82032
vt 0.97117 0.84289
vt 0.97096 0.82026
vt 0.98663 0.82029
vt 0.97867 0.76872
vt 0.97103 0.76868
vt 0.98624 0.76876
vt 0.97884 0.76869
vt 0.97127 0.76872
vt 0.98641 0.76875
vt 0.97867 0.76872
vt 0.97109 0.76878
vt 0.98624 0.76875
vt 0.97867 0.76872
vt 0.97109 0.76878
vt 0.98624 0.76875
vt 0.97867 0.76872
vt 0.97109 0.76878
vt 0.97109 0.76878
vt 0.97134 0.76873
vt 0.97078 0.76633
vt 0.97885 0.76557
vt 0.97102 0.76638
vt 0.98666 0.7664
vt 0.97866 0.76559
vt 0.97084 0.76643
vt 0.98648 0.7664
vt 0.97866 0.7656
vt 0.97084 0.76643
vt 0.98648 0.7664
vt 0.97866 0.7656
vt 0.97084 0.76643
vt 0.98648 0.76641
vt 0.97084 0.76643
vt 0.9711 0.76638
vt 0.75655 0.79306
vt 0.76662 0.79306
vt 0.76662 0.94599
vt 0.75655 0.94599
vt 0.75644 0.94599
vt 0.75644 0.79306
vt 0.78872 0.94599
vt 0.76657 0.94599
vt 0.76657 0.79308
vt 0.78872 0.79308
vt 0.81572 0.94599
vt 0.78872 0.94599
vt 0.78872 0.79308
vt 0.81572 0.79308
vt 0.83116 0.94599
vt 0.83116 0.79308
vt 0.78872 0.94599
vt 0.76657 0.94599
vt 0.96433 0.85362
vt 0.96433 0.83743
vt 0.95574 0.83743
vt 0.95574 0.85362
vt 0.96433 0.89812
vt 0.96433 0.86981
vt 0.95574 0.86981
vt 0.95574 0.89812
vt 0.96433 0.93129
vt 0.96433 0.92135
vt 0.95574 0.92135
vt 0.95574 0.93129
vt 0.96433 0.80912
vt 0.95574 0.80912
vt 0.96433 0.78589
vt 0.96433 0.77594
vt 0.95574 0.78589
vt 0.95574 0.85898
vt 0.96433 0.85898
vt 0.96433 0.83862
vt 0.95574 0.83862
vt 0.95574 0.91046
vt 0.96433 0.91046
vt 0.96433 0.87935
vt 0.95574 0.87935
vt 0.95574 0.94202
vt 0.96433 0.94202
vt 0.96433 0.93322
vt 0.95574 0.93322
vt 0.96433 0.8075
vt 0.95574 0.8075
vt 0.95574 0.78475
vt 0.96433 0.78475
vt 0.96452 0.75657
vt 0.96979 0.76204
vt 0.98009 0.74447
vt 0.97272 0.74261
vt 0.96979 0.76204
vt 0.9793 0.71336
vt 0.97176 0.71431
vt 0.97176 0.71431
vt 0.9744 0.69114
vt 0.96681 0.69162
vt 0.9753 0.68238
vt 0.96773 0.68171
vt 0.91078 0.96859
vt 0.94691 0.96859
vt 0.89802 0.98928
vt 0.94691 0.98928
vt 0.89802 0.98928
vt 0.94691 0.99607
vt 0.89014 0.99607
vt 0.97228 0.91358
vt 0.9847 0.91358
vt 0.98301 0.90832
vt 0.97397 0.90832
vt 0.97162 0.92386
vt 0.98536 0.92386
vt 0.98536 0.91358
vt 0.97162 0.91358
vt 0.97162 0.92386
vt 0.97162 0.91358
vt 0.97304 0.87322
vt 0.97304 0.8649
vt 0.98137 0.8649
vt 0.98137 0.87322
vt 0.84385 0.92818
vt 0.94682 0.92818
vt 0.94682 0.92392
vt 0.84385 0.92392
vt 0.84385 0.92818
vt 0.84385 0.93633
vt 0.94682 0.93633
vt 0.82209 0.98384
vt 0.82209 0.99341
vt 0.79793 0.99341
vt 0.79793 0.98384
vt 0.77378 0.99345
vt 0.79681 0.99345
vt 0.79681 0.98869
vt 0.77378 0.98869
vt 0.77378 0.99345
vt 0.77378 0.98869
vt 0.79793 0.98384
vt 0.79793 0.99341
vt 0.77365 0.98033
vt 0.77365 0.98797
vt 0.79669 0.98797
vt 0.79669 0.98033
vt 0.7579 0.9823
vt 0.7732 0.9823
vt 0.7732 0.97634
vt 0.76237 0.97634
vt 0.7579 0.99338
vt 0.7732 0.99338
vt 0.79793 0.98233
vt 0.82209 0.98233
vt 0.79336 0.96633
vt 0.77791 0.96633
vt 0.77791 0.97417
vt 0.79336 0.97417
vt 0.79336 0.96633
vt 0.79336 0.97417
vt 0.79253 0.97622
vt 0.77781 0.97622
vt 0.98235 0.86392
vt 0.97206 0.86392
vt 0.97255 0.86441
vt 0.98185 0.86441
vt 0.97206 0.8742
vt 0.98235 0.8742
vt 0.98185 0.87371
vt 0.97255 0.87371
vt 0.97597 0.90553
vt 0.98101 0.90553
vt 0.98061 0.86563
vt 0.97373 0.86563
vt 0.97373 0.87251
vt 0.98061 0.87251
vt 0.78624 0.77968
vt 0.78624 0.78691
vt 0.8056 0.78691
vt 0.8056 0.77968
vt 0.8282 0.78691
vt 0.8282 0.77968
vt 0.76964 0.77968
vt 0.76964 0.78691
vt 0.7546 0.77968
vt 0.7546 0.78691
vt 0.78653 0.77968
vt 0.80589 0.77968
vt 0.80589 0.78691
vt 0.78653 0.78691
vt 0.82849 0.77968
vt 0.82849 0.78691
vt 0.76992 0.77968
vt 0.76992 0.78691
vt 0.75489 0.77968
vt 0.75489 0.78691
vt 0.79642 0.77906
vt 0.81311 0.77906
vt 0.81311 0.77579
vt 0.79642 0.77579
vt 0.77707 0.77906
vt 0.77707 0.77579
vt 0.75461 0.77906
vt 0.75461 0.77579
vt 0.82829 0.77906
vt 0.82829 0.77579
vt 0.80774 0.96981
vt 0.80265 0.96981
vt 0.79872 0.98027
vt 0.81167 0.98027
vt 0.81484 0.96994
vt 0.81484 0.98009
vt 0.79872 0.98009
vt 0.79872 0.96994
vt 0.81679 0.97954
vt 0.82311 0.97954
vt 0.82311 0.96938
vt 0.81679 0.96938
vt 0.79872 0.96994
vt 0.81262 0.98009
vt 0.81262 0.96994
vt 0.99673 0.72339
vt 0.99673 0.73431
vt 0.98477 0.73431
vt 0.98477 0.72339
vt 0.99673 0.70154
vt 0.98477 0.70154
vt 0.98477 0.69062
vt 0.99673 0.69062
vt 0.99084 0.72358
vt 0.99592 0.72358
vt 0.99593 0.71259
vt 0.99084 0.71259
vt 0.9808 0.85507
vt 0.97468 0.85511
vt 0.9777 0.85813
vt 0.98484 0.85813
vt 0.98484 0.85209
vt 0.97836 0.85507
vt 0.9777 0.85209
vt 0.99083 0.75654
vt 0.99085 0.74556
vt 0.98576 0.74556
vt 0.98575 0.75654
vt 0.99673 0.74523
vt 0.98477 0.74523
vt 0.98477 0.71246
vt 0.99673 0.71246
vt 0.99084 0.73457
vt 0.98575 0.73457
vt 0.98575 0.72358
vt 0.99592 0.75654
vt 0.99593 0.74556
vt 0.99083 0.69061
vt 0.98575 0.69061
vt 0.98576 0.7016
vt 0.99085 0.7016
vt 0.99673 0.75615
vt 0.98477 0.75615
vt 0.98575 0.71259
vt 0.99593 0.7016
vt 0.99592 0.69061
vt 0.99593 0.73457
vt 0.8884 0.95359
vt 0.88153 0.95359
usemtl mat0
f 1/1/1 2/2/1 3/3/1
f 2/2/1 1/1/1 4/3/1
f 5/4/2 6/5/2 7/6/3
f 5/4/2 7/6/3 8/7/3
f 9/8/4 10/9/4 11/10/5
f 9/8/4 11/10/5 12/11/5
f 12/11/5 11/10/5 13/12/6
f 12/11/5 13/12/6 14/13/6
f 14/13/6 13/12/6 6/5/2
f 14/13/6 6/5/2 5/4/2
f 15/4/7 16/7/8 17/6/8
f 15/4/7 17/6/8 18/14/7
f 19/8/9 20/11/10 21/15/10
f 19/8/9 21/15/10 22/16/9
f 20/11/10 23/13/11 24/17/11
f 20/11/10 24/17/11 21/15/10
f 23/13/11 15/4/7 18/14/7
f 23/13/11 18/14/7 24/17/11
f 25/18/1 26/19/1 27/20/1
f 25/18/1 27/20/1 28/21/1
f 29/22/12 30/23/12 31/24/12
f 29/22/12 31/24/12 32/25/12
f 7/6/13 33/26/13 34/27/13
f 7/6/13 34/27/13 8/7/13
f 28/21/1 27/20/1 35/28/1
f 28/21/1 35/28/1 36/29/1
f 32/25/12 31/24/12 37/30/12
f 32/25/12 37/30/12 38/31/12
f 39/32/12 40/33/12 41/34/12
f 39/32/12 41/34/12 42/35/12
f 36/29/1 35/28/1 43/36/1
f 36/29/1 43/36/1 44/37/1
f 38/31/12 37/30/12 40/33/12
f 38/31/12 40/33/12 39/32/12
f 44/37/1 43/36/1 45/23/1
f 44/37/1 45/23/1 46/22/1
f 47/38/14 48/39/15 49/40/15
f 47/38/14 49/40/15 50/41/14
f 51/38/12 52/39/12 53/40/12
f 51/38/12 53/40/12 54/41/12
f 55/39/16 56/42/17 57/43/17
f 55/39/16 57/43/17 58/40/16
f 59/38/18 55/39/16 58/40/16
f 59/38/18 58/40/16 60/41/18
f 61/38/1 62/39/1 63/40/1
f 61/38/1 63/40/1 64/41/1
f 65/42/19 66/44/20 67/45/20
f 65/42/19 67/45/20 68/43/19
f 48/39/15 65/42/19 68/43/19
f 48/39/15 68/43/19 49/40/15
f 62/39/1 69/42/1 70/43/1
f 62/39/1 70/43/1 63/40/1
f 52/39/12 71/42/12 72/43/12
f 52/39/12 72/43/12 53/40/12
f 71/42/12 73/44/12 74/45/12
f 71/42/12 74/45/12 72/43/12
f 69/42/1 75/44/1 76/45/1
f 69/42/1 76/45/1 70/43/1
f 56/42/17 77/44/21 78/45/21
f 56/42/17 78/45/21 57/43/17
f 79/41/14 80/38/14 81/39/15
f 79/41/14 81/39/15 82/40/15
f 83/41/1 84/38/1 85/39/1
f 83/41/1 85/39/1 86/40/1
f 87/40/16 88/39/16 89/42/17
f 87/40/16 89/42/17 90/43/17
f 91/41/18 92/38/18 88/39/16
f 91/41/18 88/39/16 87/40/16
f 93/41/12 94/38/12 95/39/12
f 93/41/12 95/39/12 96/40/12
f 97/43/19 98/42/19 99/44/20
f 97/43/19 99/44/20 100/45/20
f 82/40/15 81/39/15 98/42/19
f 82/40/15 98/42/19 97/43/19
f 96/40/12 95/39/12 101/42/12
f 96/40/12 101/42/12 102/43/12
f 86/40/1 85/39/1 103/42/1
f 86/40/1 103/42/1 104/43/1
f 104/43/1 103/42/1 105/44/1
f 104/43/1 105/44/1 106/45/1
f 102/43/12 101/42/12 107/44/12
f 102/43/12 107/44/12 108/45/12
f 90/43/17 89/42/17 109/44/21
f 90/43/17 109/44/21 110/45/21
f 111/46/22 112/47/22 113/48/22
f 111/46/22 113/48/22 114/49/22
f 115/46/1 116/49/1 117/48/1
f 115/46/1 117/48/1 118/47/1
f 119/50/22 120/51/22 121/52/22
f 119/50/22 121/52/22 122/53/22
f 123/46/22 124/47/22 125/48/22
f 123/46/22 125/48/22 126/49/22
f 127/46/12 128/47/12 129/48/12
f 127/46/12 129/48/12 130/49/12
f 131/46/12 132/47/12 133/48/12
f 131/46/12 133/48/12 134/49/12
f 135/46/23 136/47/23 137/48/23
f 135/46/23 137/48/23 138/49/23
f 139/46/23 140/47/23 141/48/23
f 139/46/23 141/48/23 142/49/23
f 143/46/1 144/47/1 145/48/1
f 143/46/1 145/48/1 146/49/1
f 147/46/23 148/47/23 149/48/23
f 147/46/23 149/48/23 150/49/23
f 151/54/22 152/55/22 153/56/22
f 151/54/22 153/56/22 154/57/22
f 155/58/24 156/59/24 157/60/24
f 155/58/24 157/60/24 158/61/24
f 159/61/25 160/60/25 161/59/25
f 159/61/25 161/59/25 162/58/25
f 163/62/22 164/63/22 165/64/22
f 163/62/22 165/64/22 166/65/22
f 167/58/24 168/59/24 169/60/24
f 167/58/24 169/60/24 170/61/24
f 171/61/25 172/60/25 173/59/25
f 171/61/25 173/59/25 174/58/25
f 175/66/22 176/67/22 177/61/22
f 175/66/22 177/61/22 178/68/22
f 179/69/12 180/63/12 181/56/12
f 179/69/12 181/56/12 182/70/12
f 183/70/1 184/56/1 185/63/1
f 183/70/1 185/63/1 186/69/1
f 187/71/26 188/72/27 189/73/27
f 187/71/26 189/73/27 190/74/26
f 191/72/28 192/71/29 193/74/29
f 191/72/28 193/74/29 194/73/28
f 195/75/22 196/76/22 197/77/22
f 195/75/22 197/77/22 198/78/22
f 199/79/22 200/80/22 201/81/22
f 199/79/22 201/81/22 202/82/22
f 203/83/22 204/84/22 205/85/22
f 203/83/22 205/85/22 206/86/22
f 207/87/30 208/88/31 209/89/31
f 207/87/30 209/89/31 210/71/30
f 211/88/32 212/87/33 213/71/33
f 211/88/32 213/71/33 214/89/32
f 215/90/1 191/72/28 194/73/28
f 215/90/1 194/73/28 216/91/1
f 200/80/22 217/92/22 218/93/22
f 200/80/22 218/93/22 201/81/22
f 219/94/12 211/88/32 214/89/32
f 219/94/12 214/89/32 220/95/12
f 188/72/27 221/90/12 222/91/12
f 188/72/27 222/91/12 189/73/27
f 223/96/22 203/83/22 206/86/22
f 223/96/22 206/86/22 224/97/22
f 208/88/31 225/94/1 226/95/1
f 208/88/31 226/95/1 209/89/31
f 223/96/25 217/92/25 227/92/25
f 223/96/25 227/92/25 228/96/25
f 217/92/22 223/96/22 224/97/22
f 217/92/22 224/97/22 218/93/22
f 229/97/24 230/93/24 218/93/24
f 229/97/24 218/93/24 224/97/24
f 204/84/22 199/79/22 202/82/22
f 204/84/22 202/82/22 205/85/22
f 231/82/33 232/85/30 205/85/30
f 231/82/33 205/85/30 202/82/33
f 199/79/29 204/84/26 233/84/26
f 199/79/29 233/84/26 234/79/29
f 235/54/22 236/55/22 237/56/22
f 235/54/22 237/56/22 238/57/22
f 239/58/24 240/59/24 241/60/24
f 239/58/24 241/60/24 242/61/24
f 243/61/25 244/60/25 245/59/25
f 243/61/25 245/59/25 246/58/25
f 247/62/22 248/63/22 249/64/22
f 247/62/22 249/64/22 250/65/22
f 251/58/24 252/59/24 253/60/24
f 251/58/24 253/60/24 254/61/24
f 255/61/25 256/60/25 257/59/25
f 255/61/25 257/59/25 258/58/25
f 259/66/22 260/67/22 261/61/22
f 259/66/22 261/61/22 262/68/22
f 263/69/12 264/63/12 265/56/12
f 263/69/12 265/56/12 266/70/12
f 267/70/1 268/56/1 269/63/1
f 267/70/1 269/63/1 270/69/1
f 271/71/26 272/72/27 273/73/27
f 271/71/26 273/73/27 274/74/26
f 275/72/28 276/71/29 277/74/29
f 275/72/28 277/74/29 278/73/28
f 279/75/22 280/76/22 281/77/22
f 279/75/22 281/77/22 282/78/22
f 283/79/22 284/80/22 285/81/22
f 283/79/22 285/81/22 286/82/22
f 287/83/22 288/84/22 289/85/22
f 287/83/22 289/85/22 290/86/22
f 291/87/30 292/88/31 293/89/31
f 291/87/30 293/89/31 294/71/30
f 295/88/32 296/87/33 297/71/33
f 295/88/32 297/71/33 298/89/32
f 299/90/1 275/72/28 278/73/28
f 299/90/1 278/73/28 300/91/1
f 284/80/22 301/92/22 302/93/22
f 284/80/22 302/93/22 285/81/22
f 303/94/12 295/88/32 298/89/32
f 303/94/12 298/89/32 304/95/12
f 272/72/27 305/90/12 306/91/12
f 272/72/27 306/91/12 273/73/27
f 307/96/22 287/83/22 290/86/22
f 307/96/22 290/86/22 308/97/22
f 292/88/31 309/94/1 310/95/1
f 292/88/31 310/95/1 293/89/31
f 307/96/25 301/92/25 311/92/25
f 307/96/25 311/92/25 312/96/25
f 301/92/22 307/96/22 308/97/22
f 301/92/22 308/97/22 302/93/22
f 313/97/24 314/93/24 302/93/24
f 313/97/24 302/93/24 308/97/24
f 288/84/22 283/79/22 286/82/22
f 288/84/22 286/82/22 289/85/22
f 315/82/33 316/85/30 289/85/30
f 315/82/33 289/85/30 286/82/33
f 283/79/29 288/84/26 317/84/26
f 283/79/29 317/84/26 318/79/29
f 319/54/22 320/55/22 321/56/22
f 319/54/22 321/56/22 322/57/22
f 323/58/24 324/59/24 325/60/24
f 323/58/24 325/60/24 326/61/24
f 327/61/25 328/60/25 329/59/25
f 327/61/25 329/59/25 330/58/25
f 331/62/22 332/63/22 333/64/22
f 331/62/22 333/64/22 334/65/22
f 335/58/24 336/59/24 337/60/24
f 335/58/24 337/60/24 338/61/24
f 339/61/25 340/60/25 341/59/25
f 339/61/25 341/59/25 342/58/25
f 343/66/22 344/67/22 345/61/22
f 343/66/22 345/61/22 346/68/22
f 347/69/12 348/63/12 349/56/12
f 347/69/12 349/56/12 350/70/12
f 351/70/1 352/56/1 353/63/1
f 351/70/1 353/63/1 354/69/1
f 355/71/26 356/72/27 357/73/27
f 355/71/26 357/73/27 358/74/26
f 359/72/28 360/71/29 361/74/29
f 359/72/28 361/74/29 362/73/28
f 363/75/22 364/76/22 365/77/22
f 363/75/22 365/77/22 366/78/22
f 367/79/22 368/80/22 369/81/22
f 367/79/22 369/81/22 370/82/22
f 371/83/22 372/84/22 373/85/22
f 371/83/22 373/85/22 374/86/22
f 375/87/30 376/88/31 377/89/31
f 375/87/30 377/89/31 378/71/30
f 379/88/32 380/87/33 381/71/33
f 379/88/32 381/71/33 382/89/32
f 383/90/1 359/72/28 362/73/28
f 383/90/1 362/73/28 384/91/1
f 368/80/22 385/92/22 386/93/22
f 368/80/22 386/93/22 369/81/22
f 387/94/12 379/88/32 382/89/32
f 387/94/12 382/89/32 388/95/12
f 356/72/27 389/90/12 390/91/12
f 356/72/27 390/91/12 357/73/27
f 391/96/22 371/83/22 374/86/22
f 391/96/22 374/86/22 392/97/22
f 376/88/31 393/94/1 394/95/1
f 376/88/31 394/95/1 377/89/31
f 391/96/25 385/92/25 395/92/25
f 391/96/25 395/92/25 396/96/25
f 385/92/22 391/96/22 392/97/22
f 385/92/22 392/97/22 386/93/22
f 397/97/24 398/93/24 386/93/24
f 397/97/24 386/93/24 392/97/24
f 372/84/22 367/79/22 370/82/22
f 372/84/22 370/82/22 373/85/22
f 399/82/33 400/85/30 373/85/30
f 399/82/33 373/85/30 370/82/33
f 367/79/29 372/84/26 401/84/26
f 367/79/29 401/84/26 402/79/29
f 403/54/22 404/55/22 405/56/22
f 403/54/22 405/56/22 406/57/22
f 407/58/24 408/59/24 409/60/24
f 407/58/24 409/60/24 410/61/24
f 411/61/25 412/60/25 413/59/25
f 411/61/25 413/59/25 414/58/25
f 415/62/22 416/63/22 417/64/22
f 415/62/22 417/64/22 418/65/22
f 419/58/24 420/59/24 421/60/24
f 419/58/24 421/60/24 422/61/24
f 423/61/25 424/60/25 425/59/25
f 423/61/25 425/59/25 426/58/25
f 427/66/22 428/67/22 429/61/22
f 427/66/22 429/61/22 430/68/22
f 431/69/12 432/63/12 433/56/12
f 431/69/12 433/56/12 434/70/12
f 435/70/1 436/56/1 437/63/1
f 435/70/1 437/63/1 438/69/1
f 439/71/26 440/72/27 441/73/27
f 439/71/26 441/73/27 442/74/26
f 443/72/28 444/71/29 445/74/29
f 443/72/28 445/74/29 446/73/28
f 447/75/22 448/76/22 449/77/22
f 447/75/22 449/77/22 450/78/22
f 451/79/22 452/80/22 453/81/22
f 451/79/22 453/81/22 454/82/22
f 455/83/22 456/84/22 457/85/22
f 455/83/22 457/85/22 458/86/22
f 459/87/30 460/88/31 461/89/31
f 459/87/30 461/89/31 462/71/30
f 463/88/32 464/87/33 465/71/33
f 463/88/32 465/71/33 466/89/32
f 467/90/1 443/72/28 446/73/28
f 467/90/1 446/73/28 468/91/1
f 452/80/22 469/92/22 470/93/22
f 452/80/22 470/93/22 453/81/22
f 471/94/12 463/88/32 466/89/32
f 471/94/12 466/89/32 472/95/12
f 440/72/27 473/90/12 474/91/12
f 440/72/27 474/91/12 441/73/27
f 475/96/22 455/83/22 458/86/22
f 475/96/22 458/86/22 476/97/22
f 460/88/31 477/94/1 478/95/1
f 460/88/31 478/95/1 461/89/31
f 475/96/25 469/92/25 479/92/25
f 475/96/25 479/92/25 480/96/25
f 469/92/22 475/96/22 476/97/22
f 469/92/22 476/97/22 470/93/22
f 481/97/24 482/93/24 470/93/24
f 481/97/24 470/93/24 476/97/24
f 456/84/22 451/79/22 454/82/22
f 456/84/22 454/82/22 457/85/22
f 483/82/33 484/85/30 457/85/30
f 483/82/33 457/85/30 454/82/33
f 451/79/29 456/84/26 485/84/26
f 451/79/29 485/84/26 486/79/29
f 487/54/1 488/55/1 489/56/1
f 487/54/1 489/56/1 490/57/1
f 491/58/24 492/59/24 493/60/24
f 491/58/24 493/60/24 494/61/24
f 495/61/25 496/60/25 497/59/25
f 495/61/25 497/59/25 498/58/25
f 499/62/1 500/63/1 501/64/1
f 499/62/1 501/64/1 502/65/1
f 503/58/24 504/59/24 505/60/24
f 503/58/24 505/60/24 506/61/24
f 507/61/25 508/60/25 509/59/25
f 507/61/25 509/59/25 510/58/25
f 511/66/1 512/67/1 513/61/1
f 511/66/1 513/61/1 514/68/1
f 515/69/22 516/63/22 517/56/22
f 515/69/22 517/56/22 518/70/22
f 519/70/23 520/56/23 521/63/23
f 519/70/23 521/63/23 522/69/23
f 523/71/34 524/72/35 525/73/35
f 523/71/34 525/73/35 526/74/34
f 527/72/36 528/71/37 529/74/37
f 527/72/36 529/74/37 530/73/36
f 531/75/1 532/76/1 533/77/1
f 531/75/1 533/77/1 534/78/1
f 535/79/1 536/80/1 537/81/1
f 535/79/1 537/81/1 538/82/1
f 539/83/1 540/84/1 541/85/1
f 539/83/1 541/85/1 542/86/1
f 543/87/38 544/88/39 545/89/39
f 543/87/38 545/89/39 546/71/38
f 547/88/40 548/87/41 549/71/41
f 547/88/40 549/71/41 550/89/40
f 551/90/23 527/72/36 530/73/36
f 551/90/23 530/73/36 552/91/23
f 536/80/1 553/92/1 554/93/1
f 536/80/1 554/93/1 537/81/1
f 555/94/22 547/88/40 550/89/40
f 555/94/22 550/89/40 556/95/22
f 524/72/35 557/90/22 558/91/22
f 524/72/35 558/91/22 525/73/35
f 559/96/1 539/83/1 542/86/1
f 559/96/1 542/86/1 560/97/1
f 544/88/39 561/94/23 562/95/23
f 544/88/39 562/95/23 545/89/39
f 559/96/25 553/92/25 563/92/25
f 559/96/25 563/92/25 564/96/25
f 553/92/1 559/96/1 560/97/1
f 553/92/1 560/97/1 554/93/1
f 565/97/24 566/93/24 554/93/24
f 565/97/24 554/93/24 560/97/24
f 540/84/1 535/79/1 538/82/1
f 540/84/1 538/82/1 541/85/1
f 567/82/41 568/85/38 541/85/38
f 567/82/41 541/85/38 538/82/41
f 535/79/37 540/84/34 569/84/34
f 535/79/37 569/84/34 570/79/37
f 571/54/1 572/55/1 573/56/1
f 571/54/1 573/56/1 574/57/1
f 575/58/24 576/59/24 577/60/24
f 575/58/24 577/60/24 578/61/24
f 579/61/25 580/60/25 581/59/25
f 579/61/25 581/59/25 582/58/25
f 583/62/1 584/63/1 585/64/1
f 583/62/1 585/64/1 586/65/1
f 587/58/24 588/59/24 589/60/24
f 587/58/24 589/60/24 590/61/24
f 591/61/25 592/60/25 593/59/25
f 591/61/25 593/59/25 594/58/25
f 595/66/1 596/67/1 597/61/1
f 595/66/1 597/61/1 598/68/1
f 599/69/22 600/63/22 601/56/22
f 599/69/22 601/56/22 602/70/22
f 603/70/23 604/56/23 605/63/23
f 603/70/23 605/63/23 606/69/23
f 607/71/34 608/72/35 609/73/35
f 607/71/34 609/73/35 610/74/34
f 611/72/36 612/71/37 613/74/37
f 611/72/36 613/74/37 614/73/36
f 615/75/1 616/76/1 617/77/1
f 615/75/1 617/77/1 618/78/1
f 619/79/1 620/80/1 621/81/1
f 619/79/1 621/81/1 622/82/1
f 623/83/1 624/84/1 625/85/1
f 623/83/1 625/85/1 626/86/1
f 627/87/38 628/88/39 629/89/39
f 627/87/38 629/89/39 630/71/38
f 631/88/40 632/87/41 633/71/41
f 631/88/40 633/71/41 634/89/40
f 635/90/23 611/72/36 614/73/36
f 635/90/23 614/73/36 636/91/23
f 620/80/1 637/92/1 638/93/1
f 620/80/1 638/93/1 621/81/1
f 639/94/22 631/88/40 634/89/40
f 639/94/22 634/89/40 640/95/22
f 608/72/35 641/90/22 642/91/22
f 608/72/35 642/91/22 609/73/35
f 643/96/1 623/83/1 626/86/1
f 643/96/1 626/86/1 644/97/1
f 628/88/39 645/94/23 646/95/23
f 628/88/39 646/95/23 629/89/39
f 643/96/25 637/92/25 647/92/25
f 643/96/25 647/92/25 648/96/25
f 637/92/1 643/96/1 644/97/1
f 637/92/1 644/97/1 638/93/1
f 649/97/24 650/93/24 638/93/24
f 649/97/24 638/93/24 644/97/24
f 624/84/1 619/79/1 622/82/1
f 624/84/1 622/82/1 625/85/1
f 651/82/41 652/85/38 625/85/38
f 651/82/41 625/85/38 622/82/41
f 619/79/37 624/84/34 653/84/34
f 619/79/37 653/84/34 654/79/37
f 655/54/1 656/55/1 657/56/1
f 655/54/1 657/56/1 658/57/1
f 659/58/24 660/59/24 661/60/24
f 659/58/24 661/60/24 662/61/24
f 663/61/25 664/60/25 665/59/25
f 663/61/25 665/59/25 666/58/25
f 667/62/1 668/63/1 669/64/1
f 667/62/1 669/64/1 670/65/1
f 671/58/24 672/59/24 673/60/24
f 671/58/24 673/60/24 674/61/24
f 675/61/25 676/60/25 677/59/25
f 675/61/25 677/59/25 678/58/25
f 679/66/1 680/67/1 681/61/1
f 679/66/1 681/61/1 682/68/1
f 683/69/22 684/63/22 685/56/22
f 683/69/22 685/56/22 686/70/22
f 687/70/23 688/56/23 689/63/23
f 687/70/23 689/63/23 690/69/23
f 691/71/34 692/72/35 693/73/35
f 691/71/34 693/73/35 694/74/34
f 695/72/36 696/71/37 697/74/37
f 695/72/36 697/74/37 698/73/36
f 699/75/1 700/76/1 701/77/1
f 699/75/1 701/77/1 702/78/1
f 703/79/1 704/80/1 705/81/1
f 703/79/1 705/81/1 706/82/1
f 707/83/1 708/84/1 709/85/1
f 707/83/1 709/85/1 710/86/1
f 711/87/38 712/88/39 713/89/39
f 711/87/38 713/89/39 714/71/38
f 715/88/40 716/87/41 717/71/41
f 715/88/40 717/71/41 718/89/40
f 719/90/23 695/72/36 698/73/36
f 719/90/23 698/73/36 720/91/23
f 704/80/1 721/92/1 722/93/1
f 704/80/1 722/93/1 705/81/1
f 723/94/22 715/88/40 718/89/40
f 723/94/22 718/89/40 724/95/22
f 692/72/35 725/90/22 726/91/22
f 692/72/35 726/91/22 693/73/35
f 727/96/1 707/83/1 710/86/1
f 727/96/1 710/86/1 728/97/1
f 712/88/39 729/94/23 730/95/23
f 712/88/39 730/95/23 713/89/39
f 727/96/25 721/92/25 731/92/25
f 727/96/25 731/92/25 732/96/25
f 721/92/1 727/96/1 728/97/1
f 721/92/1 728/97/1 722/93/1
f 733/97/24 734/93/24 722/93/24
f 733/97/24 722/93/24 728/97/24
f 708/84/1 703/79/1 706/82/1
f 708/84/1 706/82/1 709/85/1
f 735/82/41 736/85/38 709/85/38
f 735/82/41 709/85/38 706/82/41
f 703/79/37 708/84/34 737/84/34
f 703/79/37 737/84/34 738/79/37
f 739/54/1 740/55/1 741/56/1
f 739/54/1 741/56/1 742/57/1
f 743/58/24 744/59/24 745/60/24
f 743/58/24 745/60/24 746/61/24
f 747/61/25 748/60/25 749/59/25
f 747/61/25 749/59/25 750/58/25
f 751/62/1 752/63/1 753/64/1
f 751/62/1 753/64/1 754/65/1
f 755/58/24 756/59/24 757/60/24
f 755/58/24 757/60/24 758/61/24
f 759/61/25 760/60/25 761/59/25
f 759/61/25 761/59/25 762/58/25
f 763/66/1 764/67/1 765/61/1
f 763/66/1 765/61/1 766/68/1
f 767/69/22 768/63/22 769/56/22
f 767/69/22 769/56/22 770/70/22
f 771/70/23 772/56/23 773/63/23
f 771/70/23 773/63/23 774/69/23
f 775/71/34 776/72/35 777/73/35
f 775/71/34 777/73/35 778/74/34
f 779/72/36 780/71/37 781/74/37
f 779/72/36 781/74/37 782/73/36
f 783/75/1 784/76/1 785/77/1
f 783/75/1 785/77/1 786/78/1
f 787/79/1 788/80/1 789/81/1
f 787/79/1 789/81/1 790/82/1
f 791/83/1 792/84/1 793/85/1
f 791/83/1 793/85/1 794/86/1
f 795/87/38 796/88/39 797/89/39
f 795/87/38 797/89/39 798/71/38
f 799/88/40 800/87/41 801/71/41
f 799/88/40 801/71/41 802/89/40
f 803/90/23 779/72/36 782/73/36
f 803/90/23 782/73/36 804/91/23
f 788/80/1 805/92/1 806/93/1
f 788/80/1 806/93/1 789/81/1
f 807/94/22 799/88/40 802/89/40
f 807/94/22 802/89/40 808/95/22
f 776/72/35 809/90/22 810/91/22
f 776/72/35 810/91/22 777/73/35
f 811/96/1 791/83/1 794/86/1
f 811/96/1 794/86/1 812/97/1
f 796/88/39 813/94/23 814/95/23
f 796/88/39 814/95/23 797/89/39
f 811/96/25 805/92/25 815/92/25
f 811/96/25 815/92/25 816/96/25
f 805/92/1 811/96/1 812/97/1
f 805/92/1 812/97/1 806/93/1
f 817/97/24 818/93/24 806/93/24
f 817/97/24 806/93/24 812/97/24
f 792/84/1 787/79/1 790/82/1
f 792/84/1 790/82/1 793/85/1
f 819/82/41 820/85/38 793/85/38
f 819/82/41 793/85/38 790/82/41
f 787/79/37 792/84/34 821/84/34
f 787/79/37 821/84/34 822/79/37
f 823/54/23 824/55/23 825/56/23
f 823/54/23 825/56/23 826/57/23
f 827/58/24 828/59/24 829/60/24
f 827/58/24 829/60/24 830/61/24
f 831/61/25 832/60/25 833/59/25
f 831/61/25 833/59/25 834/58/25
f 835/62/23 836/63/23 837/64/23
f 835/62/23 837/64/23 838/65/23
f 839/58/24 840/59/24 841/60/24
f 839/58/24 841/60/24 842/61/24
f 843/61/25 844/60/25 845/59/25
f 843/61/25 845/59/25 846/58/25
f 847/66/23 848/67/23 849/61/23
f 847/66/23 849/61/23 850/68/23
f 851/69/1 852/63/1 853/56/1
f 851/69/1 853/56/1 854/70/1
f 855/70/12 856/56/12 857/63/12
f 855/70/12 857/63/12 858/69/12
f 859/71/29 860/72/28 861/73/28
f 859/71/29 861/73/28 862/74/29
f 863/72/27 864/71/26 865/74/26
f 863/72/27 865/74/26 866/73/27
f 867/75/23 868/76/23 869/77/23
f 867/75/23 869/77/23 870/78/23
f 871/79/23 872/80/23 873/81/23
f 871/79/23 873/81/23 874/82/23
f 875/83/23 876/84/23 877/85/23
f 875/83/23 877/85/23 878/86/23
f 879/87/33 880/88/32 881/89/32
f 879/87/33 881/89/32 882/71/33
f 883/88/31 884/87/30 885/71/30
f 883/88/31 885/71/30 886/89/31
f 887/90/12 863/72/27 866/73/27
f 887/90/12 866/73/27 888/91/12
f 872/80/23 889/92/23 890/93/23
f 872/80/23 890/93/23 873/81/23
f 891/94/1 883/88/31 886/89/31
f 891/94/1 886/89/31 892/95/1
f 860/72/28 893/90/1 894/91/1
f 860/72/28 894/91/1 861/73/28
f 895/96/23 875/83/23 878/86/23
f 895/96/23 878/86/23 896/97/23
f 880/88/32 897/94/12 898/95/12
f 880/88/32 898/95/12 881/89/32
f 895/96/25 889/92/25 899/92/25
f 895/96/25 899/92/25 900/96/25
f 889/92/23 895/96/23 896/97/23
f 889/92/23 896/97/23 890/93/23
f 901/97/24 902/93/24 890/93/24
f 901/97/24 890/93/24 896/97/24
f 876/84/23 871/79/23 874/82/23
f 876/84/23 874/82/23 877/85/23
f 903/82/30 904/85/33 877/85/33
f 903/82/30 877/85/33 874/82/30
f 871/79/26 876/84/29 905/84/29
f 871/79/26 905/84/29 906/79/26
f 907/54/23 908/55/23 909/56/23
f 907/54/23 909/56/23 910/57/23
f 911/58/24 912/59/24 913/60/24
f 911/58/24 913/60/24 914/61/24
f 915/61/25 916/60/25 917/59/25
f 915/61/25 917/59/25 918/58/25
f 919/62/23 920/63/23 921/64/23
f 919/62/23 921/64/23 922/65/23
f 923/58/24 924/59/24 925/60/24
f 923/58/24 925/60/24 926/61/24
f 927/61/25 928/60/25 929/59/25
f 927/61/25 929/59/25 930/58/25
f 931/66/23 932/67/23 933/61/23
f 931/66/23 933/61/23 934/68/23
f 935/69/1 936/63/1 937/56/1
f 935/69/1 937/56/1 938/70/1
f 939/70/12 940/56/12 941/63/12
f 939/70/12 941/63/12 942/69/12
f 943/71/29 944/72/28 945/73/28
f 943/71/29 945/73/28 946/74/29
f 947/72/27 948/71/26 949/74/26
f 947/72/27 949/74/26 950/73/27
f 951/75/23 952/76/23 953/77/23
f 951/75/23 953/77/23 954/78/23
f 955/79/23 956/80/23 957/81/23
f 955/79/23 957/81/23 958/82/23
f 959/83/23 960/84/23 961/85/23
f 959/83/23 961/85/23 962/86/23
f 963/87/33 964/88/32 965/89/32
f 963/87/33 965/89/32 966/71/33
f 967/88/31 968/87/30 969/71/30
f 967/88/31 969/71/30 970/89/31
f 971/90/12 947/72/27 950/73/27
f 971/90/12 950/73/27 972/91/12
f 956/80/23 973/92/23 974/93/23
f 956/80/23 974/93/23 957/81/23
f 975/94/1 967/88/31 970/89/31
f 975/94/1 970/89/31 976/95/1
f 944/72/28 977/90/1 978/91/1
f 944/72/28 978/91/1 945/73/28
f 979/96/23 959/83/23 962/86/23
f 979/96/23 962/86/23 980/97/23
f 964/88/32 981/94/12 982/95/12
f 964/88/32 982/95/12 965/89/32
f 979/96/25 973/92/25 983/92/25
f 979/96/25 983/92/25 984/96/25
f 973/92/23 979/96/23 980/97/23
f 973/92/23 980/97/23 974/93/23
f 985/97/24 986/93/24 974/93/24
f 985/97/24 974/93/24 980/97/24
f 960/84/23 955/79/23 958/82/23
f 960/84/23 958/82/23 961/85/23
f 987/82/30 988/85/33 961/85/33
f 987/82/30 961/85/33 958/82/30
f 955/79/26 960/84/29 989/84/29
f 955/79/26 989/84/29 990/79/26
f 991/54/23 992/55/23 993/56/23
f 991/54/23 993/56/23 994/57/23
f 995/58/24 996/59/24 997/60/24
f 995/58/24 997/60/24 998/61/24
f 999/61/25 1000/60/25 1001/59/25
f 999/61/25 1001/59/25 1002/58/25
f 1003/62/23 1004/63/23 1005/64/23
f 1003/62/23 1005/64/23 1006/65/23
f 1007/58/24 1008/59/24 1009/60/24
f 1007/58/24 1009/60/24 1010/61/24
f 1011/61/25 1012/60/25 1013/59/25
f 1011/61/25 1013/59/25 1014/58/25
f 1015/66/23 1016/67/23 1017/61/23
f 1015/66/23 1017/61/23 1018/68/23
f 1019/69/1 1020/63/1 1021/56/1
f 1019/69/1 1021/56/1 1022/70/1
f 1023/70/12 1024/56/12 1025/63/12
f 1023/70/12 1025/63/12 1026/69/12
f 1027/71/29 1028/72/28 1029/73/28
f 1027/71/29 1029/73/28 1030/74/29
f 1031/72/27 1032/71/26 1033/74/26
f 1031/72/27 1033/74/26 1034/73/27
f 1035/75/23 1036/76/23 1037/77/23
f 1035/75/23 1037/77/23 1038/78/23
f 1039/79/23 1040/80/23 1041/81/23
f 1039/79/23 1041/81/23 1042/82/23
f 1043/83/23 1044/84/23 1045/85/23
f 1043/83/23 1045/85/23 1046/86/23
f 1047/87/33 1048/88/32 1049/89/32
f 1047/87/33 1049/89/32 1050/71/33
f 1051/88/31 1052/87/30 1053/71/30
f 1051/88/31 1053/71/30 1054/89/31
f 1055/90/12 1031/72/27 1034/73/27
f 1055/90/12 1034/73/27 1056/91/12
f 1040/80/23 1057/92/23 1058/93/23
f 1040/80/23 1058/93/23 1041/81/23
f 1059/94/1 1051/88/31 1054/89/31
f 1059/94/1 1054/89/31 1060/95/1
f 1028/72/28 1061/90/1 1062/91/1
f 1028/72/28 1062/91/1 1029/73/28
f 1063/96/23 1043/83/23 1046/86/23
f 1063/96/23 1046/86/23 1064/97/23
f 1048/88/32 1065/94/12 1066/95/12
f 1048/88/32 1066/95/12 1049/89/32
f 1063/96/25 1057/92/25 1067/92/25
f 1063/96/25 1067/92/25 1068/96/25
f 1057/92/23 1063/96/23 1064/97/23
f 1057/92/23 1064/97/23 1058/93/23
f 1069/97/24 1070/93/24 1058/93/24
f 1069/97/24 1058/93/24 1064/97/24
f 1044/84/23 1039/79/23 1042/82/23
f 1044/84/23 1042/82/23 1045/85/23
f 1071/82/30 1072/85/33 1045/85/33
f 1071/82/30 1045/85/33 1042/82/30
f 1039/79/26 1044/84/29 1073/84/29
f 1039/79/26 1073/84/29 1074/79/26
f 1075/54/23 1076/55/23 1077/56/23
f 1075/54/23 1077/56/23 1078/57/23
f 1079/58/24 1080/59/24 1081/60/24
f 1079/58/24 1081/60/24 1082/61/24
f 1083/61/25 1084/60/25 1085/59/25
f 1083/61/25 1085/59/25 1086/58/25
f 1087/62/23 1088/63/23 1089/64/23
f 1087/62/23 1089/64/23 1090/65/23
f 1091/58/24 1092/59/24 1093/60/24
f 1091/58/24 1093/60/24 1094/61/24
f 1095/61/25 1096/60/25 1097/59/25
f 1095/61/25 1097/59/25 1098/58/25
f 1099/66/23 1100/67/23 1101/61/23
f 1099/66/23 1101/61/23 1102/68/23
f 1103/69/1 1104/63/1 1105/56/1
f 1103/69/1 1105/56/1 1106/70/1
f 1107/70/12 1108/56/12 1109/63/12
f 1107/70/12 1109/63/12 1110/69/12
f 1111/71/29 1112/72/28 1113/73/28
f 1111/71/29 1113/73/28 1114/74/29
f 1115/72/27 1116/71/26 1117/74/26
f 1115/72/27 1117/74/26 1118/73/27
f 1119/75/23 1120/76/23 1121/77/23
f 1119/75/23 1121/77/23 1122/78/23
f 1123/79/23 1124/80/23 1125/81/23
f 1123/79/23 1125/81/23 1126/82/23
f 1127/83/23 1128/84/23 1129/85/23
f 1127/83/23 1129/85/23 1130/86/23
f 1131/87/33 1132/88/32 1133/89/32
f 1131/87/33 1133/89/32 1134/71/33
f 1135/88/31 1136/87/30 1137/71/30
f 1135/88/31 1137/71/30 1138/89/31
f 1139/90/12 1115/72/27 1118/73/27
f 1139/90/12 1118/73/27 1140/91/12
f 1124/80/23 1141/92/23 1142/93/23
f 1124/80/23 1142/93/23 1125/81/23
f 1143/94/1 1135/88/31 1138/89/31
f 1143/94/1 1138/89/31 1144/95/1
f 1112/72/28 1145/90/1 1146/91/1
f 1112/72/28 1146/91/1 1113/73/28
f 1147/96/23 1127/83/23 1130/86/23
f 1147/96/23 1130/86/23 1148/97/23
f 1132/88/32 1149/94/12 1150/95/12
f 1132/88/32 1150/95/12 1133/89/32
f 1147/96/25 1141/92/25 1151/92/25
f 1147/96/25 1151/92/25 1152/96/25
f 1141/92/23 1147/96/23 1148/97/23
f 1141/92/23 1148/97/23 1142/93/23
f 1153/97/24 1154/93/24 1142/93/24
f 1153/97/24 1142/93/24 1148/97/24
f 1128/84/23 1123/79/23 1126/82/23
f 1128/84/23 1126/82/23 1129/85/23
f 1155/82/30 1156/85/33 1129/85/33
f 1155/82/30 1129/85/33 1126/82/30
f 1123/79/26 1128/84/29 1157/84/29
f 1123/79/26 1157/84/29 1158/79/26
f 1159/54/23 1160/55/23 1161/56/23
f 1159/54/23 1161/56/23 1162/57/23
f 1163/58/24 1164/59/24 1165/60/24
f 1163/58/24 1165/60/24 1166/61/24
f 1167/61/25 1168/60/25 1169/59/25
f 1167/61/25 1169/59/25 1170/58/25
f 1171/62/23 1172/63/23 1173/64/23
f 1171/62/23 1173/64/23 1174/65/23
f 1175/58/24 1176/59/24 1177/60/24
f 1175/58/24 1177/60/24 1178/61/24
f 1179/61/25 1180/60/25 1181/59/25
f 1179/61/25 1181/59/25 1182/58/25
f 1183/66/23 1184/67/23 1185/61/23
f 1183/66/23 1185/61/23 1186/68/23
f 1187/69/1 1188/63/1 1189/56/1
f 1187/69/1 1189/56/1 1190/70/1
f 1191/70/12 1192/56/12 1193/63/12
f 1191/70/12 1193/63/12 1194/69/12
f 1195/71/29 1196/72/28 1197/73/28
f 1195/71/29 1197/73/28 1198/74/29
f 1199/72/27 1200/71/26 1201/74/26
f 1199/72/27 1201/74/26 1202/73/27
f 1203/75/23 1204/76/23 1205/77/23
f 1203/75/23 1205/77/23 1206/78/23
f 1207/79/23 1208/80/23 1209/81/23
f 1207/79/23 1209/81/23 1210/82/23
f 1211/83/23 1212/84/23 1213/85/23
f 1211/83/23 1213/85/23 1214/86/23
f 1215/87/33 1216/88/32 1217/89/32
f 1215/87/33 1217/89/32 1218/71/33
f 1219/88/31 1220/87/30 1221/71/30
f 1219/88/31 1221/71/30 1222/89/31
f 1223/90/12 1199/72/27 1202/73/27
f 1223/90/12 1202/73/27 1224/91/12
f 1208/80/23 1225/92/23 1226/93/23
f 1208/80/23 1226/93/23 1209/81/23
f 1227/94/1 1219/88/31 1222/89/31
f 1227/94/1 1222/89/31 1228/95/1
f 1196/72/28 1229/90/1 1230/91/1
f 1196/72/28 1230/91/1 1197/73/28
f 1231/96/23 1211/83/23 1214/86/23
f 1231/96/23 1214/86/23 1232/97/23
f 1216/88/32 1233/94/12 1234/95/12
f 1216/88/32 1234/95/12 1217/89/32
f 1231/96/25 1225/92/25 1235/92/25
f 1231/96/25 1235/92/25 1236/96/25
f 1225/92/23 1231/96/23 1232/97/23
f 1225/92/23 1232/97/23 1226/93/23
f 1237/97/24 1238/93/24 1226/93/24
f 1237/97/24 1226/93/24 1232/97/24
f 1212/84/23 1207/79/23 1210/82/23
f 1212/84/23 1210/82/23 1213/85/23
f 1239/82/30 1240/85/33 1213/85/33
f 1239/82/30 1213/85/33 1210/82/30
f 1207/79/26 1212/84/29 1241/84/29
f 1207/79/26 1241/84/29 1242/79/26
f 1243/54/23 1244/55/23 1245/56/23
f 1243/54/23 1245/56/23 1246/57/23
f 1247/58/24 1248/59/24 1249/60/24
f 1247/58/24 1249/60/24 1250/61/24
f 1251/61/25 1252/60/25 1253/59/25
f 1251/61/25 1253/59/25 1254/58/25
f 1255/62/23 1256/63/23 1257/64/23
f 1255/62/23 1257/64/23 1258/65/23
f 1259/58/24 1260/59/24 1261/60/24
f 1259/58/24 1261/60/24 1262/61/24
f 1263/61/25 1264/60/25 1265/59/25
f 1263/61/25 1265/59/25 1266/58/25
f 1267/66/23 1268/67/23 1269/61/23
f 1267/66/23 1269/61/23 1270/68/23
f 1271/69/1 1272/63/1 1273/56/1
f 1271/69/1 1273/56/1 1274/70/1
f 1275/70/12 1276/56/12 1277/63/12
f 1275/70/12 1277/63/12 1278/69/12
f 1279/71/29 1280/72/28 1281/73/28
f 1279/71/29 1281/73/28 1282/74/29
f 1283/72/27 1284/71/26 1285/74/26
f 1283/72/27 1285/74/26 1286/73/27
f 1287/75/23 1288/76/23 1289/77/23
f 1287/75/23 1289/77/23 1290/78/23
f 1291/79/23 1292/80/23 1293/81/23
f 1291/79/23 1293/81/23 1294/82/23
f 1295/83/23 1296/84/23 1297/85/23
f 1295/83/23 1297/85/23 1298/86/23
f 1299/87/33 1300/88/32 1301/89/32
f 1299/87/33 1301/89/32 1302/71/33
f 1303/88/31 1304/87/30 1305/71/30
f 1303/88/31 1305/71/30 1306/89/31
f 1307/90/12 1283/72/27 1286/73/27
f 1307/90/12 1286/73/27 1308/91/12
f 1292/80/23 1309/92/23 1310/93/23
f 1292/80/23 1310/93/23 1293/81/23
f 1311/94/1 1303/88/31 1306/89/31
f 1311/94/1 1306/89/31 1312/95/1
f 1280/72/28 1313/90/1 1314/91/1
f 1280/72/28 1314/91/1 1281/73/28
f 1315/96/23 1295/83/23 1298/86/23
f 1315/96/23 1298/86/23 1316/97/23
f 1300/88/32 1317/94/12 1318/95/12
f 1300/88/32 1318/95/12 1301/89/32
f 1315/96/25 1309/92/25 1319/92/25
f 1315/96/25 1319/92/25 1320/96/25
f 1309/92/23 1315/96/23 1316/97/23
f 1309/92/23 1316/97/23 1310/93/23
f 1321/97/24 1322/93/24 1310/93/24
f 1321/97/24 1310/93/24 1316/97/24
f 1296/84/23 1291/79/23 1294/82/23
f 1296/84/23 1294/82/23 1297/85/23
f 1323/82/30 1324/85/33 1297/85/33
f 1323/82/30 1297/85/33 1294/82/30
f 1291/79/26 1296/84/29 1325/84/29
f 1291/79/26 1325/84/29 1326/79/26
f 1327/54/12 1328/55/12 1329/56/12
f 1327/54/12 1329/56/12 1330/57/12
f 1331/58/24 1332/59/24 1333/60/24
f 1331/58/24 1333/60/24 1334/61/24
f 1335/61/25 1336/60/25 1337/59/25
f 1335/61/25 1337/59/25 1338/58/25
f 1339/62/12 1340/63/12 1341/64/12
f 1339/62/12 1341/64/12 1342/65/12
f 1343/58/24 1344/59/24 1345/60/24
f 1343/58/24 1345/60/24 1346/61/24
f 1347/61/25 1348/60/25 1349/59/25
f 1347/61/25 1349/59/25 1350/58/25
f 1351/66/12 1352/67/12 1353/61/12
f 1351/66/12 1353/61/12 1354/68/12
f 1355/69/23 1356/63/23 1357/56/23
f 1355/69/23 1357/56/23 1358/70/23
f 1359/70/22 1360/56/22 1361/63/22
f 1359/70/22 1361/63/22 1362/69/22
f 1363/71/37 1364/72/36 1365/73/36
f 1363/71/37 1365/73/36 1366/74/37
f 1367/72/35 1368/71/34 1369/74/34
f 1367/72/35 1369/74/34 1370/73/35
f 1371/75/12 1372/76/12 1373/77/12
f 1371/75/12 1373/77/12 1374/78/12
f 1375/79/12 1376/80/12 1377/81/12
f 1375/79/12 1377/81/12 1378/82/12
f 1379/83/12 1380/84/12 1381/85/12
f 1379/83/12 1381/85/12 1382/86/12
f 1383/87/41 1384/88/40 1385/89/40
f 1383/87/41 1385/89/40 1386/71/41
f 1387/88/39 1388/87/38 1389/71/38
f 1387/88/39 1389/71/38 1390/89/39
f 1391/90/22 1367/72/35 1370/73/35
f 1391/90/22 1370/73/35 1392/91/22
f 1376/80/12 1393/92/12 1394/93/12
f 1376/80/12 1394/93/12 1377/81/12
f 1395/94/23 1387/88/39 1390/89/39
f 1395/94/23 1390/89/39 1396/95/23
f 1364/72/36 1397/90/23 1398/91/23
f 1364/72/36 1398/91/23 1365/73/36
f 1399/96/12 1379/83/12 1382/86/12
f 1399/96/12 1382/86/12 1400/97/12
f 1384/88/40 1401/94/22 1402/95/22
f 1384/88/40 1402/95/22 1385/89/40
f 1399/96/25 1393/92/25 1403/92/25
f 1399/96/25 1403/92/25 1404/96/25
f 1393/92/12 1399/96/12 1400/97/12
f 1393/92/12 1400/97/12 1394/93/12
f 1405/97/24 1406/93/24 1394/93/24
f 1405/97/24 1394/93/24 1400/97/24
f 1380/84/12 1375/79/12 1378/82/12
f 1380/84/12 1378/82/12 1381/85/12
f 1407/82/38 1408/85/41 1381/85/41
f 1407/82/38 1381/85/41 1378/82/38
f 1375/79/34 1380/84/37 1409/84/37
f 1375/79/34 1409/84/37 1410/79/34
f 1411/54/12 1412/55/12 1413/56/12
f 1411/54/12 1413/56/12 1414/57/12
f 1415/58/24 1416/59/24 1417/60/24
f 1415/58/24 1417/60/24 1418/61/24
f 1419/61/25 1420/60/25 1421/59/25
f 1419/61/25 1421/59/25 1422/58/25
f 1423/62/12 1424/63/12 1425/64/12
f 1423/62/12 1425/64/12 1426/65/12
f 1427/58/24 1428/59/24 1429/60/24
f 1427/58/24 1429/60/24 1430/61/24
f 1431/61/25 1432/60/25 1433/59/25
f 1431/61/25 1433/59/25 1434/58/25
f 1435/66/12 1436/67/12 1437/61/12
f 1435/66/12 1437/61/12 1438/68/12
f 1439/69/23 1440/63/23 1441/56/23
f 1439/69/23 1441/56/23 1442/70/23
f 1443/70/22 1444/56/22 1445/63/22
f 1443/70/22 1445/63/22 1446/69/22
f 1447/71/37 1448/72/36 1449/73/36
f 1447/71/37 1449/73/36 1450/74/37
f 1451/72/35 1452/71/34 1453/74/34
f 1451/72/35 1453/74/34 1454/73/35
f 1455/75/12 1456/76/12 1457/77/12
f 1455/75/12 1457/77/12 1458/78/12
f 1459/79/12 1460/80/12 1461/81/12
f 1459/79/12 1461/81/12 1462/82/12
f 1463/83/12 1464/84/12 1465/85/12
f 1463/83/12 1465/85/12 1466/86/12
f 1467/87/41 1468/88/40 1469/89/40
f 1467/87/41 1469/89/40 1470/71/41
f 1471/88/39 1472/87/38 1473/71/38
f 1471/88/39 1473/71/38 1474/89/39
f 1475/90/22 1451/72/35 1454/73/35
f 1475/90/22 1454/73/35 1476/91/22
f 1460/80/12 1477/92/12 1478/93/12
f 1460/80/12 1478/93/12 1461/81/12
f 1479/94/23 1471/88/39 1474/89/39
f 1479/94/23 1474/89/39 1480/95/23
f 1448/72/36 1481/90/23 1482/91/23
f 1448/72/36 1482/91/23 1449/73/36
f 1483/96/12 1463/83/12 1466/86/12
f 1483/96/12 1466/86/12 1484/97/12
f 1468/88/40 1485/94/22 1486/95/22
f 1468/88/40 1486/95/22 1469/89/40
f 1483/96/25 1477/92/25 1487/92/25
f 1483/96/25 1487/92/25 1488/96/25
f 1477/92/12 1483/96/12 1484/97/12
f 1477/92/12 1484/97/12 1478/93/12
f 1489/97/24 1490/93/24 1478/93/24
f 1489/97/24 1478/93/24 1484/97/24
f 1464/84/12 1459/79/12 1462/82/12
f 1464/84/12 1462/82/12 1465/85/12
f 1491/82/38 1492/85/41 1465/85/41
f 1491/82/38 1465/85/41 1462/82/38
f 1459/79/34 1464/84/37 1493/84/37
f 1459/79/34 1493/84/37 1494/79/34
f 1495/54/12 1496/55/12 1497/56/12
f 1495/54/12 1497/56/12 1498/57/12
f 1499/58/24 1500/59/24 1501/60/24
f 1499/58/24 1501/60/24 1502/61/24
f 1503/61/25 1504/60/25 1505/59/25
f 1503/61/25 1505/59/25 1506/58/25
f 1507/62/12 1508/63/12 1509/64/12
f 1507/62/12 1509/64/12 1510/65/12
f 1511/58/24 1512/59/24 1513/60/24
f 1511/58/24 1513/60/24 1514/61/24
f 1515/61/25 1516/60/25 1517/59/25
f 1515/61/25 1517/59/25 1518/58/25
f 1519/66/12 1520/67/12 1521/61/12
f 1519/66/12 1521/61/12 1522/68/12
f 1523/69/23 1524/63/23 1525/56/23
f 1523/69/23 1525/56/23 1526/70/23
f 1527/70/22 1528/56/22 1529/63/22
f 1527/70/22 1529/63/22 1530/69/22
f 1531/71/37 1532/72/36 1533/73/36
f 1531/71/37 1533/73/36 1534/74/37
f 1535/72/35 1536/71/34 1537/74/34
f 1535/72/35 1537/74/34 1538/73/35
f 1539/75/12 1540/76/12 1541/77/12
f 1539/75/12 1541/77/12 1542/78/12
f 1543/79/12 1544/80/12 1545/81/12
f 1543/79/12 1545/81/12 1546/82/12
f 1547/83/12 1548/84/12 1549/85/12
f 1547/83/12 1549/85/12 1550/86/12
f 1551/87/41 1552/88/40 1553/89/40
f 1551/87/41 1553/89/40 1554/71/41
f 1555/88/39 1556/87/38 1557/71/38
f 1555/88/39 1557/71/38 1558/89/39
f 1559/90/22 1535/72/35 1538/73/35
f 1559/90/22 1538/73/35 1560/91/22
f 1544/80/12 1561/92/12 1562/93/12
f 1544/80/12 1562/93/12 1545/81/12
f 1563/94/23 1555/88/39 1558/89/39
f 1563/94/23 1558/89/39 1564/95/23
f 1532/72/36 1565/90/23 1566/91/23
f 1532/72/36 1566/91/23 1533/73/36
f 1567/96/12 1547/83/12 1550/86/12
f 1567/96/12 1550/86/12 1568/97/12
f 1552/88/40 1569/94/22 1570/95/22
f 1552/88/40 1570/95/22 1553/89/40
f 1567/96/25 1561/92/25 1571/92/25
f 1567/96/25 1571/92/25 1572/96/25
f 1561/92/12 1567/96/12 1568/97/12
f 1561/92/12 1568/97/12 1562/93/12
f 1573/97/24 1574/93/24 1562/93/24
f 1573/97/24 1562/93/24 1568/97/24
f 1548/84/12 1543/79/12 1546/82/12
f 1548/84/12 1546/82/12 1549/85/12
f 1575/82/38 1576/85/41 1549/85/41
f 1575/82/38 1549/85/41 1546/82/38
f 1543/79/34 1548/84/37 1577/84/37
f 1543/79/34 1577/84/37 1578/79/34
f 1579/54/12 1580/55/12 1581/56/12
f 1579/54/12 1581/56/12 1582/57/12
f 1583/58/24 1584/59/24 1585/60/24
f 1583/58/24 1585/60/24 1586/61/24
f 1587/61/25 1588/60/25 1589/59/25
f 1587/61/25 1589/59/25 1590/58/25
f 1591/62/12 1592/63/12 1593/64/12
f 1591/62/12 1593/64/12 1594/65/12
f 1595/58/24 1596/59/24 1597/60/24
f 1595/58/24 1597/60/24 1598/61/24
f 1599/61/25 1600/60/25 1601/59/25
f 1599/61/25 1601/59/25 1602/58/25
f 1603/66/12 1604/67/12 1605/61/12
f 1603/66/12 1605/61/12 1606/68/12
f 1607/69/23 1608/63/23 1609/56/23
f 1607/69/23 1609/56/23 1610/70/23
f 1611/70/22 1612/56/22 1613/63/22
f 1611/70/22 1613/63/22 1614/69/22
f 1615/71/37 1616/72/36 1617/73/36
f 1615/71/37 1617/73/36 1618/74/37
f 1619/72/35 1620/71/34 1621/74/34
f 1619/72/35 1621/74/34 1622/73/35
f 1623/75/12 1624/76/12 1625/77/12
f 1623/75/12 1625/77/12 1626/78/12
f 1627/79/12 1628/80/12 1629/81/12
f 1627/79/12 1629/81/12 1630/82/12
f 1631/83/12 1632/84/12 1633/85/12
f 1631/83/12 1633/85/12 1634/86/12
f 1635/87/41 1636/88/40 1637/89/40
f 1635/87/41 1637/89/40 1638/71/41
f 1639/88/39 1640/87/38 1641/71/38
f 1639/88/39 1641/71/38 1642/89/39
f 1643/90/22 1619/72/35 1622/73/35
f 1643/90/22 1622/73/35 1644/91/22
f 1628/80/12 1645/92/12 1646/93/12
f 1628/80/12 1646/93/12 1629/81/12
f 1647/94/23 1639/88/39 1642/89/39
f 1647/94/23 1642/89/39 1648/95/23
f 1616/72/36 1649/90/23 1650/91/23
f 1616/72/36 1650/91/23 1617/73/36
f 1651/96/12 1631/83/12 1634/86/12
f 1651/96/12 1634/86/12 1652/97/12
f 1636/88/40 1653/94/22 1654/95/22
f 1636/88/40 1654/95/22 1637/89/40
f 1651/96/25 1645/92/25 1655/92/25
f 1651/96/25 1655/92/25 1656/96/25
f 1645/92/12 1651/96/12 1652/97/12
f 1645/92/12 1652/97/12 1646/93/12
f 1657/97/24 1658/93/24 1646/93/24
f 1657/97/24 1646/93/24 1652/97/24
f 1632/84/12 1627/79/12 1630/82/12
f 1632/84/12 1630/82/12 1633/85/12
f 1659/82/38 1660/85/41 1633/85/41
f 1659/82/38 1633/85/41 1630/82/38
f 1627/79/34 1632/84/37 1661/84/37
f 1627/79/34 1661/84/37 1662/79/34
f 1663/98/24 1664/99/24 1665/100/24
f 1663/98/24 1665/100/24 1666/101/24
f 1667/102/25 1668/103/25 1669/104/25
f 1667/102/25 1669/104/25 1670/105/25
f 1671/106/42 1672/107/43 1673/108/43
f 1671/106/42 1673/108/43 1674/109/44
f 1675/110/24 1676/111/24 1677/112/24
f 1675/110/24 1677/112/24 1678/113/24
f 1679/99/25 1680/98/25 1681/101/25
f 1679/99/25 1681/101/25 1682/100/25
f 1683/114/45 1684/115/46 1685/116/47
f 1683/114/45 1685/116/47 1686/117/45
f 1687/103/24 1688/102/24 1689/105/24
f 1687/103/24 1689/105/24 1690/104/24
f 1691/118/25 1692/119/25 1693/120/25
f 1691/118/25 1693/120/25 1694/121/25
f 1695/111/25 1696/110/25 1697/113/25
f 1695/111/25 1697/113/25 1698/112/25
f 1699/119/24 1700/118/24 1701/121/24
f 1699/119/24 1701/121/24 1702/120/24
f 1684/115/46 1703/122/22 1704/123/22
f 1684/115/46 1704/123/22 1685/116/47
f 1705/99/24 1706/119/24 1707/120/24
f 1705/99/24 1707/120/24 1708/100/24
f 1703/122/22 1671/106/42 1674/109/44
f 1703/122/22 1674/109/44 1704/123/22
f 1709/118/25 1710/119/25 1711/120/25
f 1709/118/25 1711/120/25 1712/121/25
f 1713/119/25 1714/99/25 1715/100/25
f 1713/119/25 1715/100/25 1716/120/25
f 1717/119/24 1718/118/24 1719/121/24
f 1717/119/24 1719/121/24 1720/120/24
f 1721/103/25 1695/111/25 1698/112/25
f 1721/103/25 1698/112/25 1722/104/25
f 1723/99/24 1717/119/24 1720/120/24
f 1723/99/24 1720/120/24 1724/100/24
f 1725/118/25 1713/119/25 1716/120/25
f 1725/118/25 1716/120/25 1726/121/25
f 1676/111/24 1727/103/24 1728/104/24
f 1676/111/24 1728/104/24 1677/112/24
f 1710/119/25 1729/99/25 1730/100/25
f 1710/119/25 1730/100/25 1711/120/25
f 1706/119/24 1731/118/24 1732/121/24
f 1706/119/24 1732/121/24 1707/120/24
f 1668/103/25 1733/111/25 1734/112/25
f 1668/103/25 1734/112/25 1669/104/25
f 1735/124/12 1736/125/12 1737/126/12
f 1735/124/12 1737/126/12 1738/127/12
f 1739/128/12 1740/129/12 1741/130/12
f 1739/128/12 1741/130/12 1742/131/12
f 1743/132/12 1744/133/12 1745/134/12
f 1743/132/12 1745/134/12 1746/135/12
f 1747/136/1 1748/137/1 1749/138/1
f 1747/136/1 1749/138/1 1750/139/1
f 1751/140/1 1752/141/1 1753/142/1
f 1751/140/1 1753/142/1 1754/143/1
f 1755/144/1 1756/145/1 1757/146/1
f 1755/144/1 1757/146/1 1758/147/1
f 1759/148/22 1760/149/22 1761/150/22
f 1759/148/22 1761/150/22 1762/151/22
f 1763/152/22 1764/153/22 1765/154/22
f 1763/152/22 1765/154/22 1766/155/22
f 1767/156/22 1768/157/22 1769/158/22
f 1767/156/22 1769/158/22 1770/159/22
f 1771/128/1 1772/133/1 1773/134/1
f 1771/128/1 1773/134/1 1774/131/1
f 1775/124/1 1776/129/1 1777/130/1
f 1775/124/1 1777/130/1 1778/127/1
f 1779/160/22 1780/161/22 1781/162/22
f 1779/160/22 1781/162/22 1782/163/22
f 1783/164/22 1784/165/22 1785/166/22
f 1783/164/22 1785/166/22 1786/167/22
f 1787/140/12 1788/145/12 1789/146/12
f 1787/140/12 1789/146/12 1790/143/12
f 1791/136/12 1792/141/12 1793/142/12
f 1791/136/12 1793/142/12 1794/139/12
f 1733/111/25 1795/110/25 1796/113/25
f 1733/111/25 1796/113/25 1734/112/25
f 1797/129/12 1798/124/12 1799/168/12
f 1797/129/12 1799/168/12 1800/169/12
f 1727/103/24 1801/102/24 1802/105/24
f 1727/103/24 1802/105/24 1728/104/24
f 1803/133/12 1804/128/12 1805/170/12
f 1803/133/12 1805/170/12 1806/171/12
f 1807/172/1 1808/173/1 1809/174/1
f 1807/172/1 1809/174/1 1810/175/1
f 1811/176/22 1812/107/22 1813/177/22
f 1811/176/22 1813/177/22 1814/178/22
f 1729/99/25 1815/98/25 1816/101/25
f 1729/99/25 1816/101/25 1730/100/25
f 1817/179/1 1818/180/1 1819/181/1
f 1817/179/1 1819/181/1 1820/182/1
f 1821/110/24 1822/111/24 1823/112/24
f 1821/110/24 1823/112/24 1824/113/24
f 1825/183/1 1826/184/1 1827/185/1
f 1825/183/1 1827/185/1 1828/186/1
f 1829/102/25 1721/103/25 1722/104/25
f 1829/102/25 1722/104/25 1830/105/25
f 1831/187/48 1832/188/1 1833/189/1
f 1831/187/48 1833/189/1 1834/190/48
f 1835/98/24 1723/99/24 1724/100/24
f 1835/98/24 1724/100/24 1836/101/24
f 1837/191/22 1838/192/22 1839/193/22
f 1837/191/22 1839/193/22 1840/194/22
f 1841/195/22 1842/196/22 1843/197/22
f 1841/195/22 1843/197/22 1844/198/22
f 1714/99/25 1845/98/25 1846/101/25
f 1714/99/25 1846/101/25 1715/100/25
f 1847/108/22 1848/199/22 1849/200/22
f 1847/108/22 1849/200/22 1850/201/22
f 1851/133/1 1852/202/1 1853/203/1
f 1851/133/1 1853/203/1 1854/171/1
f 1855/204/49 1856/124/1 1857/168/1
f 1855/204/49 1857/168/1 1858/205/49
f 1859/98/24 1705/99/24 1708/100/24
f 1859/98/24 1708/100/24 1860/101/24
f 1861/129/1 1862/128/1 1863/170/1
f 1861/129/1 1863/170/1 1864/169/1
f 1692/119/25 1679/99/25 1682/100/25
f 1692/119/25 1682/100/25 1693/120/25
f 1865/206/22 1866/117/22 1867/207/22
f 1865/206/22 1867/207/22 1868/208/22
f 1869/209/22 1870/210/22 1871/211/22
f 1869/209/22 1871/211/22 1872/212/22
f 1822/111/24 1687/103/24 1690/104/24
f 1822/111/24 1690/104/24 1823/112/24
f 1873/213/22 1874/214/22 1875/215/22
f 1873/213/22 1875/215/22 1876/114/22
f 1877/183/12 1878/187/50 1879/190/50
f 1877/183/12 1879/190/50 1880/186/12
f 1881/179/12 1882/184/12 1883/185/12
f 1881/179/12 1883/185/12 1884/182/12
f 1664/99/24 1699/119/24 1702/120/24
f 1664/99/24 1702/120/24 1665/100/24
f 1885/180/12 1886/181/12 1887/174/12
f 1885/180/12 1887/174/12 1888/173/12
f 1889/216/51 1890/217/24 1891/218/24
f 1889/216/51 1891/218/24 1892/219/51
f 1890/217/24 1893/220/52 1894/221/52
f 1890/217/24 1894/221/52 1891/218/24
f 1893/220/52 1895/98/48 1896/99/48
f 1893/220/52 1896/99/48 1894/221/52
f 1897/110/24 1898/118/24 1899/119/24
f 1897/110/24 1899/119/24 1900/111/24
f 1901/102/25 1902/103/25 1903/99/25
f 1901/102/25 1903/99/25 1904/98/25
f 1905/222/53 1906/110/49 1907/111/49
f 1905/222/53 1907/111/49 1908/223/53
f 1909/116/22 1910/123/22 1911/224/22
f 1909/116/22 1911/224/22 1912/225/22
f 1910/123/22 1913/109/22 1914/226/22
f 1910/123/22 1914/226/22 1911/224/22
f 1913/109/22 1847/108/22 1850/201/22
f 1913/109/22 1850/201/22 1914/226/22
f 1876/114/22 1875/215/22 1813/177/22
f 1876/114/22 1813/177/22 1812/107/22
f 1866/117/22 1909/116/22 1912/225/22
f 1866/117/22 1912/225/22 1867/207/22
f 1915/118/54 1916/227/55 1917/228/55
f 1915/118/54 1917/228/55 1918/119/54
f 1919/102/50 1889/216/51 1892/219/51
f 1919/102/50 1892/219/51 1920/103/50
f 1916/227/55 1921/229/25 1922/218/25
f 1916/227/55 1922/218/25 1917/228/55
f 1921/229/25 1905/222/53 1908/223/53
f 1921/229/25 1908/223/53 1922/218/25
f 1923/125/12 1924/204/54 1925/205/54
f 1923/125/12 1925/205/54 1926/230/12
f 1927/202/12 1928/132/12 1929/231/12
f 1927/202/12 1929/231/12 1930/203/12
f 1931/232/22 1932/233/22 1933/234/22
f 1931/232/22 1933/234/22 1934/235/22
f 1935/46/22 1936/47/22 1937/48/22
f 1935/46/22 1937/48/22 1938/49/22
f 1939/54/22 1940/55/22 1941/56/22
f 1939/54/22 1941/56/22 1942/57/22
f 1943/58/24 1944/59/24 1945/60/24
f 1943/58/24 1945/60/24 1946/61/24
f 1947/61/25 1948/60/25 1949/59/25
f 1947/61/25 1949/59/25 1950/58/25
f 1951/62/22 1952/63/22 1953/64/22
f 1951/62/22 1953/64/22 1954/65/22
f 1955/58/24 1956/59/24 1957/60/24
f 1955/58/24 1957/60/24 1958/61/24
f 1959/61/25 1960/60/25 1961/59/25
f 1959/61/25 1961/59/25 1962/58/25
f 1963/66/22 1964/67/22 1965/61/22
f 1963/66/22 1965/61/22 1966/68/22
f 1967/69/12 1968/63/12 1969/56/12
f 1967/69/12 1969/56/12 1970/70/12
f 1971/70/1 1972/56/1 1973/63/1
f 1971/70/1 1973/63/1 1974/69/1
f 1975/71/26 1976/72/27 1977/73/27
f 1975/71/26 1977/73/27 1978/74/26
f 1979/72/28 1980/71/29 1981/74/29
f 1979/72/28 1981/74/29 1982/73/28
f 1983/75/22 1984/76/22 1985/77/22
f 1983/75/22 1985/77/22 1986/78/22
f 1987/79/22 1988/80/22 1989/81/22
f 1987/79/22 1989/81/22 1990/82/22
f 1991/83/22 1992/84/22 1993/85/22
f 1991/83/22 1993/85/22 1994/86/22
f 1995/87/30 1996/88/31 1997/89/31
f 1995/87/30 1997/89/31 1998/71/30
f 1999/88/32 2000/87/33 2001/71/33
f 1999/88/32 2001/71/33 2002/89/32
f 2003/90/1 1979/72/28 1982/73/28
f 2003/90/1 1982/73/28 2004/91/1
f 1988/80/22 2005/92/22 2006/93/22
f 1988/80/22 2006/93/22 1989/81/22
f 2007/94/12 1999/88/32 2002/89/32
f 2007/94/12 2002/89/32 2008/95/12
f 1976/72/27 2009/90/12 2010/91/12
f 1976/72/27 2010/91/12 1977/73/27
f 2011/96/22 1991/83/22 1994/86/22
f 2011/96/22 1994/86/22 2012/97/22
f 1996/88/31 2013/94/1 2014/95/1
f 1996/88/31 2014/95/1 1997/89/31
f 2011/96/25 2005/92/25 2015/92/25
f 2011/96/25 2015/92/25 2016/96/25
f 2005/92/22 2011/96/22 2012/97/22
f 2005/92/22 2012/97/22 2006/93/22
f 2017/97/24 2018/93/24 2006/93/24
f 2017/97/24 2006/93/24 2012/97/24
f 1992/84/22 1987/79/22 1990/82/22
f 1992/84/22 1990/82/22 1993/85/22
f 2019/82/33 2020/85/30 1993/85/30
f 2019/82/33 1993/85/30 1990/82/33
f 1987/79/29 1992/84/26 2021/84/26
f 1987/79/29 2021/84/26 2022/79/29
f 2023/54/22 2024/55/22 2025/56/22
f 2023/54/22 2025/56/22 2026/57/22
f 2027/58/24 2028/59/24 2029/60/24
f 2027/58/24 2029/60/24 2030/61/24
f 2031/61/25 2032/60/25 2033/59/25
f 2031/61/25 2033/59/25 2034/58/25
f 2035/62/22 2036/63/22 2037/64/22
f 2035/62/22 2037/64/22 2038/65/22
f 2039/58/24 2040/59/24 2041/60/24
f 2039/58/24 2041/60/24 2042/61/24
f 2043/61/25 2044/60/25 2045/59/25
f 2043/61/25 2045/59/25 2046/58/25
f 2047/66/22 2048/67/22 2049/61/22
f 2047/66/22 2049/61/22 2050/68/22
f 2051/69/12 2052/63/12 2053/56/12
f 2051/69/12 2053/56/12 2054/70/12
f 2055/70/1 2056/56/1 2057/63/1
f 2055/70/1 2057/63/1 2058/69/1
f 2059/71/26 2060/72/27 2061/73/27
f 2059/71/26 2061/73/27 2062/74/26
f 2063/72/28 2064/71/29 2065/74/29
f 2063/72/28 2065/74/29 2066/73/28
f 2067/75/22 2068/76/22 2069/77/22
f 2067/75/22 2069/77/22 2070/78/22
f 2071/79/22 2072/80/22 2073/81/22
f 2071/79/22 2073/81/22 2074/82/22
f 2075/83/22 2076/84/22 2077/85/22
f 2075/83/22 2077/85/22 2078/86/22
f 2079/87/30 2080/88/31 2081/89/31
f 2079/87/30 2081/89/31 2082/71/30
f 2083/88/32 2084/87/33 2085/71/33
f 2083/88/32 2085/71/33 2086/89/32
f 2087/90/1 2063/72/28 2066/73/28
f 2087/90/1 2066/73/28 2088/91/1
f 2072/80/22 2089/92/22 2090/93/22
f 2072/80/22 2090/93/22 2073/81/22
f 2091/94/12 2083/88/32 2086/89/32
f 2091/94/12 2086/89/32 2092/95/12
f 2060/72/27 2093/90/12 2094/91/12
f 2060/72/27 2094/91/12 2061/73/27
f 2095/96/22 2075/83/22 2078/86/22
f 2095/96/22 2078/86/22 2096/97/22
f 2080/88/31 2097/94/1 2098/95/1
f 2080/88/31 2098/95/1 2081/89/31
f 2095/96/25 2089/92/25 2099/92/25
f 2095/96/25 2099/92/25 2100/96/25
f 2089/92/22 2095/96/22 2096/97/22
f 2089/92/22 2096/97/22 2090/93/22
f 2101/97/24 2102/93/24 2090/93/24
f 2101/97/24 2090/93/24 2096/97/24
f 2076/84/22 2071/79/22 2074/82/22
f 2076/84/22 2074/82/22 2077/85/22
f 2103/82/33 2104/85/30 2077/85/30
f 2103/82/33 2077/85/30 2074/82/33
f 2071/79/29 2076/84/26 2105/84/26
f 2071/79/29 2105/84/26 2106/79/29
f 2107/46/22 2108/47/22 2109/48/22
f 2107/46/22 2109/48/22 2110/49/22
f 2111/54/22 2112/55/22 2113/56/22
f 2111/54/22 2113/56/22 2114/57/22
f 2115/58/24 2116/59/24 2117/60/24
f 2115/58/24 2117/60/24 2118/61/24
f 2119/61/25 2120/60/25 2121/59/25
f 2119/61/25 2121/59/25 2122/58/25
f 2123/62/22 2124/63/22 2125/64/22
f 2123/62/22 2125/64/22 2126/65/22
f 2127/58/24 2128/59/24 2129/60/24
f 2127/58/24 2129/60/24 2130/61/24
f 2131/61/25 2132/60/25 2133/59/25
f 2131/61/25 2133/59/25 2134/58/25
f 2135/66/22 2136/67/22 2137/61/22
f 2135/66/22 2137/61/22 2138/68/22
f 2139/69/12 2140/63/12 2141/56/12
f 2139/69/12 2141/56/12 2142/70/12
f 2143/70/1 2144/56/1 2145/63/1
f 2143/70/1 2145/63/1 2146/69/1
f 2147/71/26 2148/72/27 2149/73/27
f 2147/71/26 2149/73/27 2150/74/26
f 2151/72/28 2152/71/29 2153/74/29
f 2151/72/28 2153/74/29 2154/73/28
f 2155/75/22 2156/76/22 2157/77/22
f 2155/75/22 2157/77/22 2158/78/22
f 2159/79/22 2160/80/22 2161/81/22
f 2159/79/22 2161/81/22 2162/82/22
f 2163/83/22 2164/84/22 2165/85/22
f 2163/83/22 2165/85/22 2166/86/22
f 2167/87/30 2168/88/31 2169/89/31
f 2167/87/30 2169/89/31 2170/71/30
f 2171/88/32 2172/87/33 2173/71/33
f 2171/88/32 2173/71/33 2174/89/32
f 2175/90/1 2151/72/28 2154/73/28
f 2175/90/1 2154/73/28 2176/91/1
f 2160/80/22 2177/92/22 2178/93/22
f 2160/80/22 2178/93/22 2161/81/22
f 2179/94/12 2171/88/32 2174/89/32
f 2179/94/12 2174/89/32 2180/95/12
f 2148/72/27 2181/90/12 2182/91/12
f 2148/72/27 2182/91/12 2149/73/27
f 2183/96/22 2163/83/22 2166/86/22
f 2183/96/22 2166/86/22 2184/97/22
f 2168/88/31 2185/94/1 2186/95/1
f 2168/88/31 2186/95/1 2169/89/31
f 2183/96/25 2177/92/25 2187/92/25
f 2183/96/25 2187/92/25 2188/96/25
f 2177/92/22 2183/96/22 2184/97/22
f 2177/92/22 2184/97/22 2178/93/22
f 2189/97/24 2190/93/24 2178/93/24
f 2189/97/24 2178/93/24 2184/97/24
f 2164/84/22 2159/79/22 2162/82/22
f 2164/84/22 2162/82/22 2165/85/22
f 2191/82/33 2192/85/30 2165/85/30
f 2191/82/33 2165/85/30 2162/82/33
f 2159/79/29 2164/84/26 2193/84/26
f 2159/79/29 2193/84/26 2194/79/29
f 2195/54/22 2196/55/22 2197/56/22
f 2195/54/22 2197/56/22 2198/57/22
f 2199/58/24 2200/59/24 2201/60/24
f 2199/58/24 2201/60/24 2202/61/24
f 2203/61/25 2204/60/25 2205/59/25
f 2203/61/25 2205/59/25 2206/58/25
f 2207/62/22 2208/63/22 2209/64/22
f 2207/62/22 2209/64/22 2210/65/22
f 2211/58/24 2212/59/24 2213/60/24
f 2211/58/24 2213/60/24 2214/61/24
f 2215/61/25 2216/60/25 2217/59/25
f 2215/61/25 2217/59/25 2218/58/25
f 2219/66/22 2220/67/22 2221/61/22
f 2219/66/22 2221/61/22 2222/68/22
f 2223/69/12 2224/63/12 2225/56/12
f 2223/69/12 2225/56/12 2226/70/12
f 2227/70/1 2228/56/1 2229/63/1
f 2227/70/1 2229/63/1 2230/69/1
f 2231/71/26 2232/72/27 2233/73/27
f 2231/71/26 2233/73/27 2234/74/26
f 2235/72/28 2236/71/29 2237/74/29
f 2235/72/28 2237/74/29 2238/73/28
f 2239/75/22 2240/76/22 2241/77/22
f 2239/75/22 2241/77/22 2242/78/22
f 2243/79/22 2244/80/22 2245/81/22
f 2243/79/22 2245/81/22 2246/82/22
f 2247/83/22 2248/84/22 2249/85/22
f 2247/83/22 2249/85/22 2250/86/22
f 2251/87/30 2252/88/31 2253/89/31
f 2251/87/30 2253/89/31 2254/71/30
f 2255/88/32 2256/87/33 2257/71/33
f 2255/88/32 2257/71/33 2258/89/32
f 2259/90/1 2235/72/28 2238/73/28
f 2259/90/1 2238/73/28 2260/91/1
f 2244/80/22 2261/92/22 2262/93/22
f 2244/80/22 2262/93/22 2245/81/22
f 2263/94/12 2255/88/32 2258/89/32
f 2263/94/12 2258/89/32 2264/95/12
f 2232/72/27 2265/90/12 2266/91/12
f 2232/72/27 2266/91/12 2233/73/27
f 2267/96/22 2247/83/22 2250/86/22
f 2267/96/22 2250/86/22 2268/97/22
f 2252/88/31 2269/94/1 2270/95/1
f 2252/88/31 2270/95/1 2253/89/31
f 2267/96/25 2261/92/25 2271/92/25
f 2267/96/25 2271/92/25 2272/96/25
f 2261/92/22 2267/96/22 2268/97/22
f 2261/92/22 2268/97/22 2262/93/22
f 2273/97/24 2274/93/24 2262/93/24
f 2273/97/24 2262/93/24 2268/97/24
f 2248/84/22 2243/79/22 2246/82/22
f 2248/84/22 2246/82/22 2249/85/22
f 2275/82/33 2276/85/30 2249/85/30
f 2275/82/33 2249/85/30 2246/82/33
f 2243/79/29 2248/84/26 2277/84/26
f 2243/79/29 2277/84/26 2278/79/29
f 2279/46/1 2280/49/1 2281/48/1
f 2279/46/1 2281/48/1 2282/47/1
f 2283/46/12 2284/47/12 2285/48/12
f 2283/46/12 2285/48/12 2286/49/12
f 2287/46/12 2288/47/12 2289/48/12
f 2287/46/12 2289/48/12 2290/49/12
f 2291/46/23 2292/47/23 2293/48/23
f 2291/46/23 2293/48/23 2294/49/23
f 2295/46/23 2296/47/23 2297/48/23
f 2295/46/23 2297/48/23 2298/49/23
f 2299/46/1 2300/47/1 2301/48/1
f 2299/46/1 2301/48/1 2302/49/1
f 2303/46/23 2304/47/23 2305/48/23
f 2303/46/23 2305/48/23 2306/49/23
f 2307/54/1 2308/55/1 2309/56/1
f 2307/54/1 2309/56/1 2310/57/1
f 2311/58/24 2312/59/24 2313/60/24
f 2311/58/24 2313/60/24 2314/61/24
f 2315/61/25 2316/60/25 2317/59/25
f 2315/61/25 2317/59/25 2318/58/25
f 2319/62/1 2320/63/1 2321/64/1
f 2319/62/1 2321/64/1 2322/65/1
f 2323/58/24 2324/59/24 2325/60/24
f 2323/58/24 2325/60/24 2326/61/24
f 2327/61/25 2328/60/25 2329/59/25
f 2327/61/25 2329/59/25 2330/58/25
f 2331/66/1 2332/67/1 2333/61/1
f 2331/66/1 2333/61/1 2334/68/1
f 2335/69/22 2336/63/22 2337/56/22
f 2335/69/22 2337/56/22 2338/70/22
f 2339/70/23 2340/56/23 2341/63/23
f 2339/70/23 2341/63/23 2342/69/23
f 2343/71/34 2344/72/35 2345/73/35
f 2343/71/34 2345/73/35 2346/74/34
f 2347/72/36 2348/71/37 2349/74/37
f 2347/72/36 2349/74/37 2350/73/36
f 2351/75/1 2352/76/1 2353/77/1
f 2351/75/1 2353/77/1 2354/78/1
f 2355/79/1 2356/80/1 2357/81/1
f 2355/79/1 2357/81/1 2358/82/1
f 2359/83/1 2360/84/1 2361/85/1
f 2359/83/1 2361/85/1 2362/86/1
f 2363/87/38 2364/88/39 2365/89/39
f 2363/87/38 2365/89/39 2366/71/38
f 2367/88/40 2368/87/41 2369/71/41
f 2367/88/40 2369/71/41 2370/89/40
f 2371/90/23 2347/72/36 2350/73/36
f 2371/90/23 2350/73/36 2372/91/23
f 2356/80/1 2373/92/1 2374/93/1
f 2356/80/1 2374/93/1 2357/81/1
f 2375/94/22 2367/88/40 2370/89/40
f 2375/94/22 2370/89/40 2376/95/22
f 2344/72/35 2377/90/22 2378/91/22
f 2344/72/35 2378/91/22 2345/73/35
f 2379/96/1 2359/83/1 2362/86/1
f 2379/96/1 2362/86/1 2380/97/1
f 2364/88/39 2381/94/23 2382/95/23
f 2364/88/39 2382/95/23 2365/89/39
f 2379/96/25 2373/92/25 2383/92/25
f 2379/96/25 2383/92/25 2384/96/25
f 2373/92/1 2379/96/1 2380/97/1
f 2373/92/1 2380/97/1 2374/93/1
f 2385/97/24 2386/93/24 2374/93/24
f 2385/97/24 2374/93/24 2380/97/24
f 2360/84/1 2355/79/1 2358/82/1
f 2360/84/1 2358/82/1 2361/85/1
f 2387/82/41 2388/85/38 2361/85/38
f 2387/82/41 2361/85/38 2358/82/41
f 2355/79/37 2360/84/34 2389/84/34
f 2355/79/37 2389/84/34 2390/79/37
f 2391/54/1 2392/55/1 2393/56/1
f 2391/54/1 2393/56/1 2394/57/1
f 2395/58/24 2396/59/24 2397/60/24
f 2395/58/24 2397/60/24 2398/61/24
f 2399/61/25 2400/60/25 2401/59/25
f 2399/61/25 2401/59/25 2402/58/25
f 2403/62/1 2404/63/1 2405/64/1
f 2403/62/1 2405/64/1 2406/65/1
f 2407/58/24 2408/59/24 2409/60/24
f 2407/58/24 2409/60/24 2410/61/24
f 2411/61/25 2412/60/25 2413/59/25
f 2411/61/25 2413/59/25 2414/58/25
f 2415/66/1 2416/67/1 2417/61/1
f 2415/66/1 2417/61/1 2418/68/1
f 2419/69/22 2420/63/22 2421/56/22
f 2419/69/22 2421/56/22 2422/70/22
f 2423/70/23 2424/56/23 2425/63/23
f 2423/70/23 2425/63/23 2426/69/23
f 2427/71/34 2428/72/35 2429/73/35
f 2427/71/34 2429/73/35 2430/74/34
f 2431/72/36 2432/71/37 2433/74/37
f 2431/72/36 2433/74/37 2434/73/36
f 2435/75/1 2436/76/1 2437/77/1
f 2435/75/1 2437/77/1 2438/78/1
f 2439/79/1 2440/80/1 2441/81/1
f 2439/79/1 2441/81/1 2442/82/1
f 2443/83/1 2444/84/1 2445/85/1
f 2443/83/1 2445/85/1 2446/86/1
f 2447/87/38 2448/88/39 2449/89/39
f 2447/87/38 2449/89/39 2450/71/38
f 2451/88/40 2452/87/41 2453/71/41
f 2451/88/40 2453/71/41 2454/89/40
f 2455/90/23 2431/72/36 2434/73/36
f 2455/90/23 2434/73/36 2456/91/23
f 2440/80/1 2457/92/1 2458/93/1
f 2440/80/1 2458/93/1 2441/81/1
f 2459/94/22 2451/88/40 2454/89/40
f 2459/94/22 2454/89/40 2460/95/22
f 2428/72/35 2461/90/22 2462/91/22
f 2428/72/35 2462/91/22 2429/73/35
f 2463/96/1 2443/83/1 2446/86/1
f 2463/96/1 2446/86/1 2464/97/1
f 2448/88/39 2465/94/23 2466/95/23
f 2448/88/39 2466/95/23 2449/89/39
f 2463/96/25 2457/92/25 2467/92/25
f 2463/96/25 2467/92/25 2468/96/25
f 2457/92/1 2463/96/1 2464/97/1
f 2457/92/1 2464/97/1 2458/93/1
f 2469/97/24 2470/93/24 2458/93/24
f 2469/97/24 2458/93/24 2464/97/24
f 2444/84/1 2439/79/1 2442/82/1
f 2444/84/1 2442/82/1 2445/85/1
f 2471/82/41 2472/85/38 2445/85/38
f 2471/82/41 2445/85/38 2442/82/41
f 2439/79/37 2444/84/34 2473/84/34
f 2439/79/37 2473/84/34 2474/79/37
f 2475/54/1 2476/55/1 2477/56/1
f 2475/54/1 2477/56/1 2478/57/1
f 2479/58/24 2480/59/24 2481/60/24
f 2479/58/24 2481/60/24 2482/61/24
f 2483/61/25 2484/60/25 2485/59/25
f 2483/61/25 2485/59/25 2486/58/25
f 2487/62/1 2488/63/1 2489/64/1
f 2487/62/1 2489/64/1 2490/65/1
f 2491/58/24 2492/59/24 2493/60/24
f 2491/58/24 2493/60/24 2494/61/24
f 2495/61/25 2496/60/25 2497/59/25
f 2495/61/25 2497/59/25 2498/58/25
f 2499/66/1 2500/67/1 2501/61/1
f 2499/66/1 2501/61/1 2502/68/1
f 2503/69/22 2504/63/22 2505/56/22
f 2503/69/22 2505/56/22 2506/70/22
f 2507/70/23 2508/56/23 2509/63/23
f 2507/70/23 2509/63/23 2510/69/23
f 2511/71/34 2512/72/35 2513/73/35
f 2511/71/34 2513/73/35 2514/74/34
f 2515/72/36 2516/71/37 2517/74/37
f 2515/72/36 2517/74/37 2518/73/36
f 2519/75/1 2520/76/1 2521/77/1
f 2519/75/1 2521/77/1 2522/78/1
f 2523/79/1 2524/80/1 2525/81/1
f 2523/79/1 2525/81/1 2526/82/1
f 2527/83/1 2528/84/1 2529/85/1
f 2527/83/1 2529/85/1 2530/86/1
f 2531/87/38 2532/88/39 2533/89/39
f 2531/87/38 2533/89/39 2534/71/38
f 2535/88/40 2536/87/41 2537/71/41
f 2535/88/40 2537/71/41 2538/89/40
f 2539/90/23 2515/72/36 2518/73/36
f 2539/90/23 2518/73/36 2540/91/23
f 2524/80/1 2541/92/1 2542/93/1
f 2524/80/1 2542/93/1 2525/81/1
f 2543/94/22 2535/88/40 2538/89/40
f 2543/94/22 2538/89/40 2544/95/22
f 2512/72/35 2545/90/22 2546/91/22
f 2512/72/35 2546/91/22 2513/73/35
f 2547/96/1 2527/83/1 2530/86/1
f 2547/96/1 2530/86/1 2548/97/1
f 2532/88/39 2549/94/23 2550/95/23
f 2532/88/39 2550/95/23 2533/89/39
f 2547/96/25 2541/92/25 2551/92/25
f 2547/96/25 2551/92/25 2552/96/25
f 2541/92/1 2547/96/1 2548/97/1
f 2541/92/1 2548/97/1 2542/93/1
f 2553/97/24 2554/93/24 2542/93/24
f 2553/97/24 2542/93/24 2548/97/24
f 2528/84/1 2523/79/1 2526/82/1
f 2528/84/1 2526/82/1 2529/85/1
f 2555/82/41 2556/85/38 2529/85/38
f 2555/82/41 2529/85/38 2526/82/41
f 2523/79/37 2528/84/34 2557/84/34
f 2523/79/37 2557/84/34 2558/79/37
f 2559/54/1 2560/55/1 2561/56/1
f 2559/54/1 2561/56/1 2562/57/1
f 2563/58/24 2564/59/24 2565/60/24
f 2563/58/24 2565/60/24 2566/61/24
f 2567/61/25 2568/60/25 2569/59/25
f 2567/61/25 2569/59/25 2570/58/25
f 2571/62/1 2572/63/1 2573/64/1
f 2571/62/1 2573/64/1 2574/65/1
f 2575/58/24 2576/59/24 2577/60/24
f 2575/58/24 2577/60/24 2578/61/24
f 2579/61/25 2580/60/25 2581/59/25
f 2579/61/25 2581/59/25 2582/58/25
f 2583/66/1 2584/67/1 2585/61/1
f 2583/66/1 2585/61/1 2586/68/1
f 2587/69/22 2588/63/22 2589/56/22
f 2587/69/22 2589/56/22 2590/70/22
f 2591/70/23 2592/56/23 2593/63/23
f 2591/70/23 2593/63/23 2594/69/23
f 2595/71/34 2596/72/35 2597/73/35
f 2595/71/34 2597/73/35 2598/74/34
f 2599/72/36 2600/71/37 2601/74/37
f 2599/72/36 2601/74/37 2602/73/36
f 2603/75/1 2604/76/1 2605/77/1
f 2603/75/1 2605/77/1 2606/78/1
f 2607/79/1 2608/80/1 2609/81/1
f 2607/79/1 2609/81/1 2610/82/1
f 2611/83/1 2612/84/1 2613/85/1
f 2611/83/1 2613/85/1 2614/86/1
f 2615/87/38 2616/88/39 2617/89/39
f 2615/87/38 2617/89/39 2618/71/38
f 2619/88/40 2620/87/41 2621/71/41
f 2619/88/40 2621/71/41 2622/89/40
f 2623/90/23 2599/72/36 2602/73/36
f 2623/90/23 2602/73/36 2624/91/23
f 2608/80/1 2625/92/1 2626/93/1
f 2608/80/1 2626/93/1 2609/81/1
f 2627/94/22 2619/88/40 2622/89/40
f 2627/94/22 2622/89/40 2628/95/22
f 2596/72/35 2629/90/22 2630/91/22
f 2596/72/35 2630/91/22 2597/73/35
f 2631/96/1 2611/83/1 2614/86/1
f 2631/96/1 2614/86/1 2632/97/1
f 2616/88/39 2633/94/23 2634/95/23
f 2616/88/39 2634/95/23 2617/89/39
f 2631/96/25 2625/92/25 2635/92/25
f 2631/96/25 2635/92/25 2636/96/25
f 2625/92/1 2631/96/1 2632/97/1
f 2625/92/1 2632/97/1 2626/93/1
f 2637/97/24 2638/93/24 2626/93/24
f 2637/97/24 2626/93/24 2632/97/24
f 2612/84/1 2607/79/1 2610/82/1
f 2612/84/1 2610/82/1 2613/85/1
f 2639/82/41 2640/85/38 2613/85/38
f 2639/82/41 2613/85/38 2610/82/41
f 2607/79/37 2612/84/34 2641/84/34
f 2607/79/37 2641/84/34 2642/79/37
f 2643/54/23 2644/55/23 2645/56/23
f 2643/54/23 2645/56/23 2646/57/23
f 2647/58/24 2648/59/24 2649/60/24
f 2647/58/24 2649/60/24 2650/61/24
f 2651/61/25 2652/60/25 2653/59/25
f 2651/61/25 2653/59/25 2654/58/25
f 2655/62/23 2656/63/23 2657/64/23
f 2655/62/23 2657/64/23 2658/65/23
f 2659/58/24 2660/59/24 2661/60/24
f 2659/58/24 2661/60/24 2662/61/24
f 2663/61/25 2664/60/25 2665/59/25
f 2663/61/25 2665/59/25 2666/58/25
f 2667/66/23 2668/67/23 2669/61/23
f 2667/66/23 2669/61/23 2670/68/23
f 2671/69/1 2672/63/1 2673/56/1
f 2671/69/1 2673/56/1 2674/70/1
f 2675/70/12 2676/56/12 2677/63/12
f 2675/70/12 2677/63/12 2678/69/12
f 2679/71/29 2680/72/28 2681/73/28
f 2679/71/29 2681/73/28 2682/74/29
f 2683/72/27 2684/71/26 2685/74/26
f 2683/72/27 2685/74/26 2686/73/27
f 2687/75/23 2688/76/23 2689/77/23
f 2687/75/23 2689/77/23 2690/78/23
f 2691/79/23 2692/80/23 2693/81/23
f 2691/79/23 2693/81/23 2694/82/23
f 2695/83/23 2696/84/23 2697/85/23
f 2695/83/23 2697/85/23 2698/86/23
f 2699/87/33 2700/88/32 2701/89/32
f 2699/87/33 2701/89/32 2702/71/33
f 2703/88/31 2704/87/30 2705/71/30
f 2703/88/31 2705/71/30 2706/89/31
f 2707/90/12 2683/72/27 2686/73/27
f 2707/90/12 2686/73/27 2708/91/12
f 2692/80/23 2709/92/23 2710/93/23
f 2692/80/23 2710/93/23 2693/81/23
f 2711/94/1 2703/88/31 2706/89/31
f 2711/94/1 2706/89/31 2712/95/1
f 2680/72/28 2713/90/1 2714/91/1
f 2680/72/28 2714/91/1 2681/73/28
f 2715/96/23 2695/83/23 2698/86/23
f 2715/96/23 2698/86/23 2716/97/23
f 2700/88/32 2717/94/12 2718/95/12
f 2700/88/32 2718/95/12 2701/89/32
f 2715/96/25 2709/92/25 2719/92/25
f 2715/96/25 2719/92/25 2720/96/25
f 2709/92/23 2715/96/23 2716/97/23
f 2709/92/23 2716/97/23 2710/93/23
f 2721/97/24 2722/93/24 2710/93/24
f 2721/97/24 2710/93/24 2716/97/24
f 2696/84/23 2691/79/23 2694/82/23
f 2696/84/23 2694/82/23 2697/85/23
f 2723/82/30 2724/85/33 2697/85/33
f 2723/82/30 2697/85/33 2694/82/30
f 2691/79/26 2696/84/29 2725/84/29
f 2691/79/26 2725/84/29 2726/79/26
f 2727/54/23 2728/55/23 2729/56/23
f 2727/54/23 2729/56/23 2730/57/23
f 2731/58/24 2732/59/24 2733/60/24
f 2731/58/24 2733/60/24 2734/61/24
f 2735/61/25 2736/60/25 2737/59/25
f 2735/61/25 2737/59/25 2738/58/25
f 2739/62/23 2740/63/23 2741/64/23
f 2739/62/23 2741/64/23 2742/65/23
f 2743/58/24 2744/59/24 2745/60/24
f 2743/58/24 2745/60/24 2746/61/24
f 2747/61/25 2748/60/25 2749/59/25
f 2747/61/25 2749/59/25 2750/58/25
f 2751/66/23 2752/67/23 2753/61/23
f 2751/66/23 2753/61/23 2754/68/23
f 2755/69/1 2756/63/1 2757/56/1
f 2755/69/1 2757/56/1 2758/70/1
f 2759/70/12 2760/56/12 2761/63/12
f 2759/70/12 2761/63/12 2762/69/12
f 2763/71/29 2764/72/28 2765/73/28
f 2763/71/29 2765/73/28 2766/74/29
f 2767/72/27 2768/71/26 2769/74/26
f 2767/72/27 2769/74/26 2770/73/27
f 2771/75/23 2772/76/23 2773/77/23
f 2771/75/23 2773/77/23 2774/78/23
f 2775/79/23 2776/80/23 2777/81/23
f 2775/79/23 2777/81/23 2778/82/23
f 2779/83/23 2780/84/23 2781/85/23
f 2779/83/23 2781/85/23 2782/86/23
f 2783/87/33 2784/88/32 2785/89/32
f 2783/87/33 2785/89/32 2786/71/33
f 2787/88/31 2788/87/30 2789/71/30
f 2787/88/31 2789/71/30 2790/89/31
f 2791/90/12 2767/72/27 2770/73/27
f 2791/90/12 2770/73/27 2792/91/12
f 2776/80/23 2793/92/23 2794/93/23
f 2776/80/23 2794/93/23 2777/81/23
f 2795/94/1 2787/88/31 2790/89/31
f 2795/94/1 2790/89/31 2796/95/1
f 2764/72/28 2797/90/1 2798/91/1
f 2764/72/28 2798/91/1 2765/73/28
f 2799/96/23 2779/83/23 2782/86/23
f 2799/96/23 2782/86/23 2800/97/23
f 2784/88/32 2801/94/12 2802/95/12
f 2784/88/32 2802/95/12 2785/89/32
f 2799/96/25 2793/92/25 2803/92/25
f 2799/96/25 2803/92/25 2804/96/25
f 2793/92/23 2799/96/23 2800/97/23
f 2793/92/23 2800/97/23 2794/93/23
f 2805/97/24 2806/93/24 2794/93/24
f 2805/97/24 2794/93/24 2800/97/24
f 2780/84/23 2775/79/23 2778/82/23
f 2780/84/23 2778/82/23 2781/85/23
f 2807/82/30 2808/85/33 2781/85/33
f 2807/82/30 2781/85/33 2778/82/30
f 2775/79/26 2780/84/29 2809/84/29
f 2775/79/26 2809/84/29 2810/79/26
f 2811/54/23 2812/55/23 2813/56/23
f 2811/54/23 2813/56/23 2814/57/23
f 2815/58/24 2816/59/24 2817/60/24
f 2815/58/24 2817/60/24 2818/61/24
f 2819/61/25 2820/60/25 2821/59/25
f 2819/61/25 2821/59/25 2822/58/25
f 2823/62/23 2824/63/23 2825/64/23
f 2823/62/23 2825/64/23 2826/65/23
f 2827/58/24 2828/59/24 2829/60/24
f 2827/58/24 2829/60/24 2830/61/24
f 2831/61/25 2832/60/25 2833/59/25
f 2831/61/25 2833/59/25 2834/58/25
f 2835/66/23 2836/67/23 2837/61/23
f 2835/66/23 2837/61/23 2838/68/23
f 2839/69/1 2840/63/1 2841/56/1
f 2839/69/1 2841/56/1 2842/70/1
f 2843/70/12 2844/56/12 2845/63/12
f 2843/70/12 2845/63/12 2846/69/12
f 2847/71/29 2848/72/28 2849/73/28
f 2847/71/29 2849/73/28 2850/74/29
f 2851/72/27 2852/71/26 2853/74/26
f 2851/72/27 2853/74/26 2854/73/27
f 2855/75/23 2856/76/23 2857/77/23
f 2855/75/23 2857/77/23 2858/78/23
f 2859/79/23 2860/80/23 2861/81/23
f 2859/79/23 2861/81/23 2862/82/23
f 2863/83/23 2864/84/23 2865/85/23
f 2863/83/23 2865/85/23 2866/86/23
f 2867/87/33 2868/88/32 2869/89/32
f 2867/87/33 2869/89/32 2870/71/33
f 2871/88/31 2872/87/30 2873/71/30
f 2871/88/31 2873/71/30 2874/89/31
f 2875/90/12 2851/72/27 2854/73/27
f 2875/90/12 2854/73/27 2876/91/12
f 2860/80/23 2877/92/23 2878/93/23
f 2860/80/23 2878/93/23 2861/81/23
f 2879/94/1 2871/88/31 2874/89/31
f 2879/94/1 2874/89/31 2880/95/1
f 2848/72/28 2881/90/1 2882/91/1
f 2848/72/28 2882/91/1 2849/73/28
f 2883/96/23 2863/83/23 2866/86/23
f 2883/96/23 2866/86/23 2884/97/23
f 2868/88/32 2885/94/12 2886/95/12
f 2868/88/32 2886/95/12 2869/89/32
f 2883/96/25 2877/92/25 2887/92/25
f 2883/96/25 2887/92/25 2888/96/25
f 2877/92/23 2883/96/23 2884/97/23
f 2877/92/23 2884/97/23 2878/93/23
f 2889/97/24 2890/93/24 2878/93/24
f 2889/97/24 2878/93/24 2884/97/24
f 2864/84/23 2859/79/23 2862/82/23
f 2864/84/23 2862/82/23 2865/85/23
f 2891/82/30 2892/85/33 2865/85/33
f 2891/82/30 2865/85/33 2862/82/30
f 2859/79/26 2864/84/29 2893/84/29
f 2859/79/26 2893/84/29 2894/79/26
f 2895/54/23 2896/55/23 2897/56/23
f 2895/54/23 2897/56/23 2898/57/23
f 2899/58/24 2900/59/24 2901/60/24
f 2899/58/24 2901/60/24 2902/61/24
f 2903/61/25 2904/60/25 2905/59/25
f 2903/61/25 2905/59/25 2906/58/25
f 2907/62/23 2908/63/23 2909/64/23
f 2907/62/23 2909/64/23 2910/65/23
f 2911/58/24 2912/59/24 2913/60/24
f 2911/58/24 2913/60/24 2914/61/24
f 2915/61/25 2916/60/25 2917/59/25
f 2915/61/25 2917/59/25 2918/58/25
f 2919/66/23 2920/67/23 2921/61/23
f 2919/66/23 2921/61/23 2922/68/23
f 2923/69/1 2924/63/1 2925/56/1
f 2923/69/1 2925/56/1 2926/70/1
f 2927/70/12 2928/56/12 2929/63/12
f 2927/70/12 2929/63/12 2930/69/12
f 2931/71/29 2932/72/28 2933/73/28
f 2931/71/29 2933/73/28 2934/74/29
f 2935/72/27 2936/71/26 2937/74/26
f 2935/72/27 2937/74/26 2938/73/27
f 2939/75/23 2940/76/23 2941/77/23
f 2939/75/23 2941/77/23 2942/78/23
f 2943/79/23 2944/80/23 2945/81/23
f 2943/79/23 2945/81/23 2946/82/23
f 2947/83/23 2948/84/23 2949/85/23
f 2947/83/23 2949/85/23 2950/86/23
f 2951/87/33 2952/88/32 2953/89/32
f 2951/87/33 2953/89/32 2954/71/33
f 2955/88/31 2956/87/30 2957/71/30
f 2955/88/31 2957/71/30 2958/89/31
f 2959/90/12 2935/72/27 2938/73/27
f 2959/90/12 2938/73/27 2960/91/12
f 2944/80/23 2961/92/23 2962/93/23
f 2944/80/23 2962/93/23 2945/81/23
f 2963/94/1 2955/88/31 2958/89/31
f 2963/94/1 2958/89/31 2964/95/1
f 2932/72/28 2965/90/1 2966/91/1
f 2932/72/28 2966/91/1 2933/73/28
f 2967/96/23 2947/83/23 2950/86/23
f 2967/96/23 2950/86/23 2968/97/23
f 2952/88/32 2969/94/12 2970/95/12
f 2952/88/32 2970/95/12 2953/89/32
f 2967/96/25 2961/92/25 2971/92/25
f 2967/96/25 2971/92/25 2972/96/25
f 2961/92/23 2967/96/23 2968/97/23
f 2961/92/23 2968/97/23 2962/93/23
f 2973/97/24 2974/93/24 2962/93/24
f 2973/97/24 2962/93/24 2968/97/24
f 2948/84/23 2943/79/23 2946/82/23
f 2948/84/23 2946/82/23 2949/85/23
f 2975/82/30 2976/85/33 2949/85/33
f 2975/82/30 2949/85/33 2946/82/30
f 2943/79/26 2948/84/29 2977/84/29
f 2943/79/26 2977/84/29 2978/79/26
f 2979/54/23 2980/55/23 2981/56/23
f 2979/54/23 2981/56/23 2982/57/23
f 2983/58/24 2984/59/24 2985/60/24
f 2983/58/24 2985/60/24 2986/61/24
f 2987/61/25 2988/60/25 2989/59/25
f 2987/61/25 2989/59/25 2990/58/25
f 2991/62/23 2992/63/23 2993/64/23
f 2991/62/23 2993/64/23 2994/65/23
f 2995/58/24 2996/59/24 2997/60/24
f 2995/58/24 2997/60/24 2998/61/24
f 2999/61/25 3000/60/25 3001/59/25
f 2999/61/25 3001/59/25 3002/58/25
f 3003/66/23 3004/67/23 3005/61/23
f 3003/66/23 3005/61/23 3006/68/23
f 3007/69/1 3008/63/1 3009/56/1
f 3007/69/1 3009/56/1 3010/70/1
f 3011/70/12 3012/56/12 3013/63/12
f 3011/70/12 3013/63/12 3014/69/12
f 3015/71/29 3016/72/28 3017/73/28
f 3015/71/29 3017/73/28 3018/74/29
f 3019/72/27 3020/71/26 3021/74/26
f 3019/72/27 3021/74/26 3022/73/27
f 3023/75/23 3024/76/23 3025/77/23
f 3023/75/23 3025/77/23 3026/78/23
f 3027/79/23 3028/80/23 3029/81/23
f 3027/79/23 3029/81/23 3030/82/23
f 3031/83/23 3032/84/23 3033/85/23
f 3031/83/23 3033/85/23 3034/86/23
f 3035/87/33 3036/88/32 3037/89/32
f 3035/87/33 3037/89/32 3038/71/33
f 3039/88/31 3040/87/30 3041/71/30
f 3039/88/31 3041/71/30 3042/89/31
f 3043/90/12 3019/72/27 3022/73/27
f 3043/90/12 3022/73/27 3044/91/12
f 3028/80/23 3045/92/23 3046/93/23
f 3028/80/23 3046/93/23 3029/81/23
f 3047/94/1 3039/88/31 3042/89/31
f 3047/94/1 3042/89/31 3048/95/1
f 3016/72/28 3049/90/1 3050/91/1
f 3016/72/28 3050/91/1 3017/73/28
f 3051/96/23 3031/83/23 3034/86/23
f 3051/96/23 3034/86/23 3052/97/23
f 3036/88/32 3053/94/12 3054/95/12
f 3036/88/32 3054/95/12 3037/89/32
f 3051/96/25 3045/92/25 3055/92/25
f 3051/96/25 3055/92/25 3056/96/25
f 3045/92/23 3051/96/23 3052/97/23
f 3045/92/23 3052/97/23 3046/93/23
f 3057/97/24 3058/93/24 3046/93/24
f 3057/97/24 3046/93/24 3052/97/24
f 3032/84/23 3027/79/23 3030/82/23
f 3032/84/23 3030/82/23 3033/85/23
f 3059/82/30 3060/85/33 3033/85/33
f 3059/82/30 3033/85/33 3030/82/30
f 3027/79/26 3032/84/29 3061/84/29
f 3027/79/26 3061/84/29 3062/79/26
f 3063/54/23 3064/55/23 3065/56/23
f 3063/54/23 3065/56/23 3066/57/23
f 3067/58/24 3068/59/24 3069/60/24
f 3067/58/24 3069/60/24 3070/61/24
f 3071/61/25 3072/60/25 3073/59/25
f 3071/61/25 3073/59/25 3074/58/25
f 3075/62/23 3076/63/23 3077/64/23
f 3075/62/23 3077/64/23 3078/65/23
f 3079/58/24 3080/59/24 3081/60/24
f 3079/58/24 3081/60/24 3082/61/24
f 3083/61/25 3084/60/25 3085/59/25
f 3083/61/25 3085/59/25 3086/58/25
f 3087/66/23 3088/67/23 3089/61/23
f 3087/66/23 3089/61/23 3090/68/23
f 3091/69/1 3092/63/1 3093/56/1
f 3091/69/1 3093/56/1 3094/70/1
f 3095/70/12 3096/56/12 3097/63/12
f 3095/70/12 3097/63/12 3098/69/12
f 3099/71/29 3100/72/28 3101/73/28
f 3099/71/29 3101/73/28 3102/74/29
f 3103/72/27 3104/71/26 3105/74/26
f 3103/72/27 3105/74/26 3106/73/27
f 3107/75/23 3108/76/23 3109/77/23
f 3107/75/23 3109/77/23 3110/78/23
f 3111/79/23 3112/80/23 3113/81/23
f 3111/79/23 3113/81/23 3114/82/23
f 3115/83/23 3116/84/23 3117/85/23
f 3115/83/23 3117/85/23 3118/86/23
f 3119/87/33 3120/88/32 3121/89/32
f 3119/87/33 3121/89/32 3122/71/33
f 3123/88/31 3124/87/30 3125/71/30
f 3123/88/31 3125/71/30 3126/89/31
f 3127/90/12 3103/72/27 3106/73/27
f 3127/90/12 3106/73/27 3128/91/12
f 3112/80/23 3129/92/23 3130/93/23
f 3112/80/23 3130/93/23 3113/81/23
f 3131/94/1 3123/88/31 3126/89/31
f 3131/94/1 3126/89/31 3132/95/1
f 3100/72/28 3133/90/1 3134/91/1
f 3100/72/28 3134/91/1 3101/73/28
f 3135/96/23 3115/83/23 3118/86/23
f 3135/96/23 3118/86/23 3136/97/23
f 3120/88/32 3137/94/12 3138/95/12
f 3120/88/32 3138/95/12 3121/89/32
f 3135/96/25 3129/92/25 3139/92/25
f 3135/96/25 3139/92/25 3140/96/25
f 3129/92/23 3135/96/23 3136/97/23
f 3129/92/23 3136/97/23 3130/93/23
f 3141/97/24 3142/93/24 3130/93/24
f 3141/97/24 3130/93/24 3136/97/24
f 3116/84/23 3111/79/23 3114/82/23
f 3116/84/23 3114/82/23 3117/85/23
f 3143/82/30 3144/85/33 3117/85/33
f 3143/82/30 3117/85/33 3114/82/30
f 3111/79/26 3116/84/29 3145/84/29
f 3111/79/26 3145/84/29 3146/79/26
f 3147/54/12 3148/55/12 3149/56/12
f 3147/54/12 3149/56/12 3150/57/12
f 3151/58/24 3152/59/24 3153/60/24
f 3151/58/24 3153/60/24 3154/61/24
f 3155/61/25 3156/60/25 3157/59/25
f 3155/61/25 3157/59/25 3158/58/25
f 3159/62/12 3160/63/12 3161/64/12
f 3159/62/12 3161/64/12 3162/65/12
f 3163/58/24 3164/59/24 3165/60/24
f 3163/58/24 3165/60/24 3166/61/24
f 3167/61/25 3168/60/25 3169/59/25
f 3167/61/25 3169/59/25 3170/58/25
f 3171/66/12 3172/67/12 3173/61/12
f 3171/66/12 3173/61/12 3174/68/12
f 3175/69/23 3176/63/23 3177/56/23
f 3175/69/23 3177/56/23 3178/70/23
f 3179/70/22 3180/56/22 3181/63/22
f 3179/70/22 3181/63/22 3182/69/22
f 3183/71/37 3184/72/36 3185/73/36
f 3183/71/37 3185/73/36 3186/74/37
f 3187/72/35 3188/71/34 3189/74/34
f 3187/72/35 3189/74/34 3190/73/35
f 3191/75/12 3192/76/12 3193/77/12
f 3191/75/12 3193/77/12 3194/78/12
f 3195/79/12 3196/80/12 3197/81/12
f 3195/79/12 3197/81/12 3198/82/12
f 3199/83/12 3200/84/12 3201/85/12
f 3199/83/12 3201/85/12 3202/86/12
f 3203/87/41 3204/88/40 3205/89/40
f 3203/87/41 3205/89/40 3206/71/41
f 3207/88/39 3208/87/38 3209/71/38
f 3207/88/39 3209/71/38 3210/89/39
f 3211/90/22 3187/72/35 3190/73/35
f 3211/90/22 3190/73/35 3212/91/22
f 3196/80/12 3213/92/12 3214/93/12
f 3196/80/12 3214/93/12 3197/81/12
f 3215/94/23 3207/88/39 3210/89/39
f 3215/94/23 3210/89/39 3216/95/23
f 3184/72/36 3217/90/23 3218/91/23
f 3184/72/36 3218/91/23 3185/73/36
f 3219/96/12 3199/83/12 3202/86/12
f 3219/96/12 3202/86/12 3220/97/12
f 3204/88/40 3221/94/22 3222/95/22
f 3204/88/40 3222/95/22 3205/89/40
f 3219/96/25 3213/92/25 3223/92/25
f 3219/96/25 3223/92/25 3224/96/25
f 3213/92/12 3219/96/12 3220/97/12
f 3213/92/12 3220/97/12 3214/93/12
f 3225/97/24 3226/93/24 3214/93/24
f 3225/97/24 3214/93/24 3220/97/24
f 3200/84/12 3195/79/12 3198/82/12
f 3200/84/12 3198/82/12 3201/85/12
f 3227/82/38 3228/85/41 3201/85/41
f 3227/82/38 3201/85/41 3198/82/38
f 3195/79/34 3200/84/37 3229/84/37
f 3195/79/34 3229/84/37 3230/79/34
f 3231/54/12 3232/55/12 3233/56/12
f 3231/54/12 3233/56/12 3234/57/12
f 3235/58/24 3236/59/24 3237/60/24
f 3235/58/24 3237/60/24 3238/61/24
f 3239/61/25 3240/60/25 3241/59/25
f 3239/61/25 3241/59/25 3242/58/25
f 3243/62/12 3244/63/12 3245/64/12
f 3243/62/12 3245/64/12 3246/65/12
f 3247/58/24 3248/59/24 3249/60/24
f 3247/58/24 3249/60/24 3250/61/24
f 3251/61/25 3252/60/25 3253/59/25
f 3251/61/25 3253/59/25 3254/58/25
f 3255/66/12 3256/67/12 3257/61/12
f 3255/66/12 3257/61/12 3258/68/12
f 3259/69/23 3260/63/23 3261/56/23
f 3259/69/23 3261/56/23 3262/70/23
f 3263/70/22 3264/56/22 3265/63/22
f 3263/70/22 3265/63/22 3266/69/22
f 3267/71/37 3268/72/36 3269/73/36
f 3267/71/37 3269/73/36 3270/74/37
f 3271/72/35 3272/71/34 3273/74/34
f 3271/72/35 3273/74/34 3274/73/35
f 3275/75/12 3276/76/12 3277/77/12
f 3275/75/12 3277/77/12 3278/78/12
f 3279/79/12 3280/80/12 3281/81/12
f 3279/79/12 3281/81/12 3282/82/12
f 3283/83/12 3284/84/12 3285/85/12
f 3283/83/12 3285/85/12 3286/86/12
f 3287/87/41 3288/88/40 3289/89/40
f 3287/87/41 3289/89/40 3290/71/41
f 3291/88/39 3292/87/38 3293/71/38
f 3291/88/39 3293/71/38 3294/89/39
f 3295/90/22 3271/72/35 3274/73/35
f 3295/90/22 3274/73/35 3296/91/22
f 3280/80/12 3297/92/12 3298/93/12
f 3280/80/12 3298/93/12 3281/81/12
f 3299/94/23 3291/88/39 3294/89/39
f 3299/94/23 3294/89/39 3300/95/23
f 3268/72/36 3301/90/23 3302/91/23
f 3268/72/36 3302/91/23 3269/73/36
f 3303/96/12 3283/83/12 3286/86/12
f 3303/96/12 3286/86/12 3304/97/12
f 3288/88/40 3305/94/22 3306/95/22
f 3288/88/40 3306/95/22 3289/89/40
f 3303/96/25 3297/92/25 3307/92/25
f 3303/96/25 3307/92/25 3308/96/25
f 3297/92/12 3303/96/12 3304/97/12
f 3297/92/12 3304/97/12 3298/93/12
f 3309/97/24 3310/93/24 3298/93/24
f 3309/97/24 3298/93/24 3304/97/24
f 3284/84/12 3279/79/12 3282/82/12
f 3284/84/12 3282/82/12 3285/85/12
f 3311/82/38 3312/85/41 3285/85/41
f 3311/82/38 3285/85/41 3282/82/38
f 3279/79/34 3284/84/37 3313/84/37
f 3279/79/34 3313/84/37 3314/79/34
f 3315/54/12 3316/55/12 3317/56/12
f 3315/54/12 3317/56/12 3318/57/12
f 3319/58/24 3320/59/24 3321/60/24
f 3319/58/24 3321/60/24 3322/61/24
f 3323/61/25 3324/60/25 3325/59/25
f 3323/61/25 3325/59/25 3326/58/25
f 3327/62/12 3328/63/12 3329/64/12
f 3327/62/12 3329/64/12 3330/65/12
f 3331/58/24 3332/59/24 3333/60/24
f 3331/58/24 3333/60/24 3334/61/24
f 3335/61/25 3336/60/25 3337/59/25
f 3335/61/25 3337/59/25 3338/58/25
f 3339/66/12 3340/67/12 3341/61/12
f 3339/66/12 3341/61/12 3342/68/12
f 3343/69/23 3344/63/23 3345/56/23
f 3343/69/23 3345/56/23 3346/70/23
f 3347/70/22 3348/56/22 3349/63/22
f 3347/70/22 3349/63/22 3350/69/22
f 3351/71/37 3352/72/36 3353/73/36
f 3351/71/37 3353/73/36 3354/74/37
f 3355/72/35 3356/71/34 3357/74/34
f 3355/72/35 3357/74/34 3358/73/35
f 3359/75/12 3360/76/12 3361/77/12
f 3359/75/12 3361/77/12 3362/78/12
f 3363/79/12 3364/80/12 3365/81/12
f 3363/79/12 3365/81/12 3366/82/12
f 3367/83/12 3368/84/12 3369/85/12
f 3367/83/12 3369/85/12 3370/86/12
f 3371/87/41 3372/88/40 3373/89/40
f 3371/87/41 3373/89/40 3374/71/41
f 3375/88/39 3376/87/38 3377/71/38
f 3375/88/39 3377/71/38 3378/89/39
f 3379/90/22 3355/72/35 3358/73/35
f 3379/90/22 3358/73/35 3380/91/22
f 3364/80/12 3381/92/12 3382/93/12
f 3364/80/12 3382/93/12 3365/81/12
f 3383/94/23 3375/88/39 3378/89/39
f 3383/94/23 3378/89/39 3384/95/23
f 3352/72/36 3385/90/23 3386/91/23
f 3352/72/36 3386/91/23 3353/73/36
f 3387/96/12 3367/83/12 3370/86/12
f 3387/96/12 3370/86/12 3388/97/12
f 3372/88/40 3389/94/22 3390/95/22
f 3372/88/40 3390/95/22 3373/89/40
f 3387/96/25 3381/92/25 3391/92/25
f 3387/96/25 3391/92/25 3392/96/25
f 3381/92/12 3387/96/12 3388/97/12
f 3381/92/12 3388/97/12 3382/93/12
f 3393/97/24 3394/93/24 3382/93/24
f 3393/97/24 3382/93/24 3388/97/24
f 3368/84/12 3363/79/12 3366/82/12
f 3368/84/12 3366/82/12 3369/85/12
f 3395/82/38 3396/85/41 3369/85/41
f 3395/82/38 3369/85/41 3366/82/38
f 3363/79/34 3368/84/37 3397/84/37
f 3363/79/34 3397/84/37 3398/79/34
f 3399/54/12 3400/55/12 3401/56/12
f 3399/54/12 3401/56/12 3402/57/12
f 3403/58/24 3404/59/24 3405/60/24
f 3403/58/24 3405/60/24 3406/61/24
f 3407/61/25 3408/60/25 3409/59/25
f 3407/61/25 3409/59/25 3410/58/25
f 3411/62/12 3412/63/12 3413/64/12
f 3411/62/12 3413/64/12 3414/65/12
f 3415/58/24 3416/59/24 3417/60/24
f 3415/58/24 3417/60/24 3418/61/24
f 3419/61/25 3420/60/25 3421/59/25
f 3419/61/25 3421/59/25 3422/58/25
f 3423/66/12 3424/67/12 3425/61/12
f 3423/66/12 3425/61/12 3426/68/12
f 3427/69/23 3428/63/23 3429/56/23
f 3427/69/23 3429/56/23 3430/70/23
f 3431/70/22 3432/56/22 3433/63/22
f 3431/70/22 3433/63/22 3434/69/22
f 3435/71/37 3436/72/36 3437/73/36
f 3435/71/37 3437/73/36 3438/74/37
f 3439/72/35 3440/71/34 3441/74/34
f 3439/72/35 3441/74/34 3442/73/35
f 3443/75/12 3444/76/12 3445/77/12
f 3443/75/12 3445/77/12 3446/78/12
f 3447/79/12 3448/80/12 3449/81/12
f 3447/79/12 3449/81/12 3450/82/12
f 3451/83/12 3452/84/12 3453/85/12
f 3451/83/12 3453/85/12 3454/86/12
f 3455/87/41 3456/88/40 3457/89/40
f 3455/87/41 3457/89/40 3458/71/41
f 3459/88/39 3460/87/38 3461/71/38
f 3459/88/39 3461/71/38 3462/89/39
f 3463/90/22 3439/72/35 3442/73/35
f 3463/90/22 3442/73/35 3464/91/22
f 3448/80/12 3465/92/12 3466/93/12
f 3448/80/12 3466/93/12 3449/81/12
f 3467/94/23 3459/88/39 3462/89/39
f 3467/94/23 3462/89/39 3468/95/23
f 3436/72/36 3469/90/23 3470/91/23
f 3436/72/36 3470/91/23 3437/73/36
f 3471/96/12 3451/83/12 3454/86/12
f 3471/96/12 3454/86/12 3472/97/12
f 3456/88/40 3473/94/22 3474/95/22
f 3456/88/40 3474/95/22 3457/89/40
f 3471/96/25 3465/92/25 3475/92/25
f 3471/96/25 3475/92/25 3476/96/25
f 3465/92/12 3471/96/12 3472/97/12
f 3465/92/12 3472/97/12 3466/93/12
f 3477/97/24 3478/93/24 3466/93/24
f 3477/97/24 3466/93/24 3472/97/24
f 3452/84/12 3447/79/12 3450/82/12
f 3452/84/12 3450/82/12 3453/85/12
f 3479/82/38 3480/85/41 3453/85/41
f 3479/82/38 3453/85/41 3450/82/38
f 3447/79/34 3452/84/37 3481/84/37
f 3447/79/34 3481/84/37 3482/79/34
f 3483/236/56 3484/237/56 3485/238/57
f 3483/236/56 3485/238/57 3486/239/58
f 3487/240/56 3488/241/56 3489/242/58
f 3487/240/56 3489/242/58 3490/243/57
f 3484/237/56 3491/244/56 3492/245/58
f 3484/237/56 3492/245/58 3485/238/57
f 3493/246/56 3494/247/56 3495/248/58
f 3493/246/56 3495/248/58 3496/249/57
f 3497/250/56 3498/251/56 3499/252/58
f 3497/250/56 3499/252/58 3500/253/57
f 3501/254/56 3502/255/56 3503/256/58
f 3501/254/56 3503/256/58 3504/257/57
f 3505/258/56 3506/259/56 3507/252/58
f 3505/258/56 3507/252/58 3508/260/57
f 3509/261/56 3493/246/56 3496/249/57
f 3509/261/56 3496/249/57 3510/262/58
f 3511/263/56 3487/240/56 3490/243/57
f 3511/263/56 3490/243/57 3512/264/58
f 3513/265/56 3505/258/56 3508/260/57
f 3513/265/56 3508/260/57 3514/266/58
f 3515/267/56 3501/254/56 3504/257/57
f 3515/267/56 3504/257/57 3516/268/58
f 3517/269/12 3518/270/12 3519/271/12
f 3517/269/12 3519/271/12 3520/272/12
f 3521/273/59 3522/274/60 3523/275/61
f 3521/273/59 3523/275/61 3524/276/59
f 3525/237/56 3526/244/62 3527/245/63
f 3525/237/56 3527/245/63 3528/238/57
f 3518/270/12 3529/277/12 3530/278/12
f 3518/270/12 3530/278/12 3519/271/12
f 3531/279/64 3532/280/65 3533/281/66
f 3531/279/64 3533/281/66 3534/282/67
f 3535/283/68 3536/284/66 3537/285/66
f 3535/283/68 3537/285/66 3538/286/67
f 3522/274/60 3535/283/68 3538/286/67
f 3522/274/60 3538/286/67 3523/275/61
f 3539/287/69 3521/273/59 3524/276/59
f 3539/287/69 3524/276/59 3540/288/70
f 3541/289/12 3542/290/12 3543/291/12
f 3541/289/12 3543/291/12 3544/292/12
f 3529/277/12 3541/289/12 3544/292/12
f 3529/277/12 3544/292/12 3530/278/12
f 3542/290/12 3545/293/12 3546/294/12
f 3542/290/12 3546/294/12 3543/291/12
f 3499/252/58 3539/287/69 3540/288/70
f 3499/252/58 3540/288/70 3500/253/57
f 3547/295/59 3548/296/61 3549/297/60
f 3547/295/59 3549/297/60 3550/298/59
f 3551/299/71 3497/250/56 3500/253/57
f 3551/299/71 3500/253/57 3552/300/72
f 3553/301/59 3554/302/73 3548/296/61
f 3553/301/59 3548/296/61 3547/295/59
f 3555/303/59 3556/304/61 3557/305/73
f 3555/303/59 3557/305/73 3558/306/59
f 3559/307/59 3560/308/73 3556/304/61
f 3559/307/59 3556/304/61 3555/303/59
f 3561/309/59 3562/310/61 3563/311/73
f 3561/309/59 3563/311/73 3564/312/59
f 3565/313/59 3566/314/73 3562/310/61
f 3565/313/59 3562/310/61 3561/309/59
f 3567/315/59 3568/316/61 3569/317/73
f 3567/315/59 3569/317/73 3570/318/59
f 3571/319/59 3572/320/73 3568/316/61
f 3571/319/59 3568/316/61 3567/315/59
f 3573/321/59 3574/322/61 3575/323/73
f 3573/321/59 3575/323/73 3576/324/59
f 3577/325/59 3578/326/60 3574/322/61
f 3577/325/59 3574/322/61 3573/321/59
f 3579/295/59 3580/296/61 3581/327/60
f 3579/295/59 3581/327/60 3582/328/59
f 3524/276/59 3523/275/61 3583/329/74
f 3524/276/59 3583/329/74 3584/330/75
f 3485/238/57 3585/331/70 3586/332/69
f 3485/238/57 3586/332/69 3486/239/58
f 3587/301/76 3588/333/77 3580/296/61
f 3587/301/76 3580/296/61 3579/295/59
f 3492/245/58 3589/334/69 3585/331/70
f 3492/245/58 3585/331/70 3485/238/57
f 3504/257/57 3590/335/70 3591/336/69
f 3504/257/57 3591/336/69 3516/268/58
f 3503/256/58 3592/337/69 3590/335/70
f 3503/256/58 3590/335/70 3504/257/57
f 3508/260/57 3593/338/70 3594/339/69
f 3508/260/57 3594/339/69 3514/266/58
f 3507/252/58 3595/337/69 3593/338/70
f 3507/252/58 3593/338/70 3508/260/57
f 3496/249/57 3596/340/70 3597/341/69
f 3496/249/57 3597/341/69 3510/262/58
f 3495/248/58 3598/342/69 3596/340/70
f 3495/248/58 3596/340/70 3496/249/57
f 3490/243/57 3599/343/70 3600/344/69
f 3490/243/57 3600/344/69 3512/264/58
f 3489/242/58 3601/345/69 3599/343/70
f 3489/242/58 3599/343/70 3490/243/57
f 3528/238/57 3602/331/70 3603/346/69
f 3528/238/57 3603/346/69 3604/347/58
f 3500/253/57 3540/288/70 3605/348/78
f 3500/253/57 3605/348/78 3552/300/72
f 3585/331/70 3547/295/59 3550/298/59
f 3585/331/70 3550/298/59 3586/332/69
f 3527/245/63 3606/349/79 3602/331/70
f 3527/245/63 3602/331/70 3528/238/57
f 3589/334/69 3553/301/59 3547/295/59
f 3589/334/69 3547/295/59 3585/331/70
f 3590/335/70 3555/303/59 3558/306/59
f 3590/335/70 3558/306/59 3591/336/69
f 3592/337/69 3559/307/59 3555/303/59
f 3592/337/69 3555/303/59 3590/335/70
f 3593/338/70 3561/309/59 3564/312/59
f 3593/338/70 3564/312/59 3594/339/69
f 3595/337/69 3565/313/59 3561/309/59
f 3595/337/69 3561/309/59 3593/338/70
f 3596/340/70 3567/315/59 3570/318/59
f 3596/340/70 3570/318/59 3597/341/69
f 3598/342/69 3571/319/59 3567/315/59
f 3598/342/69 3567/315/59 3596/340/70
f 3599/343/70 3573/321/59 3576/324/59
f 3599/343/70 3576/324/59 3600/344/69
f 3601/345/69 3577/325/59 3573/321/59
f 3601/345/69 3573/321/59 3599/343/70
f 3602/331/70 3579/295/59 3582/328/59
f 3602/331/70 3582/328/59 3603/346/69
f 3540/288/70 3524/276/59 3584/330/75
f 3540/288/70 3584/330/75 3605/348/78
f 3548/296/61 3607/350/67 3608/351/68
f 3548/296/61 3608/351/68 3549/297/60
f 3606/349/79 3587/301/76 3579/295/59
f 3606/349/79 3579/295/59 3602/331/70
f 3554/302/73 3609/352/68 3607/350/67
f 3554/302/73 3607/350/67 3548/296/61
f 3556/304/61 3610/353/67 3611/354/68
f 3556/304/61 3611/354/68 3557/305/73
f 3560/308/73 3612/355/68 3610/353/67
f 3560/308/73 3610/353/67 3556/304/61
f 3562/310/61 3613/356/67 3614/357/68
f 3562/310/61 3614/357/68 3563/311/73
f 3566/314/73 3615/358/68 3613/356/67
f 3566/314/73 3613/356/67 3562/310/61
f 3568/316/61 3616/359/67 3617/360/68
f 3568/316/61 3617/360/68 3569/317/73
f 3572/320/73 3618/361/68 3616/359/67
f 3572/320/73 3616/359/67 3568/316/61
f 3574/322/61 3619/362/67 3620/363/68
f 3574/322/61 3620/363/68 3575/323/73
f 3578/326/60 3621/352/68 3619/362/67
f 3578/326/60 3619/362/67 3574/322/61
f 3580/296/61 3534/282/67 3622/364/68
f 3580/296/61 3622/364/68 3581/327/60
f 3523/275/61 3538/286/67 3623/365/80
f 3523/275/61 3623/365/80 3583/329/74
f 3607/350/67 3624/281/66 3625/366/66
f 3607/350/67 3625/366/66 3608/351/68
f 3588/333/77 3531/279/64 3534/282/67
f 3588/333/77 3534/282/67 3580/296/61
f 3609/352/68 3626/280/66 3624/281/66
f 3609/352/68 3624/281/66 3607/350/67
f 3610/353/67 3627/367/66 3628/368/66
f 3610/353/67 3628/368/66 3611/354/68
f 3612/355/68 3629/369/66 3627/367/66
f 3612/355/68 3627/367/66 3610/353/67
f 3613/356/67 3630/370/66 3631/371/66
f 3613/356/67 3631/371/66 3614/357/68
f 3615/358/68 3632/372/66 3630/370/66
f 3615/358/68 3630/370/66 3613/356/67
f 3616/359/67 3633/373/66 3634/374/66
f 3616/359/67 3634/374/66 3617/360/68
f 3618/361/68 3635/375/66 3633/373/66
f 3618/361/68 3633/373/66 3616/359/67
f 3619/362/67 3636/376/66 3637/377/66
f 3619/362/67 3637/377/66 3620/363/68
f 3621/352/68 3638/378/66 3636/376/66
f 3621/352/68 3636/376/66 3619/362/67
f 3534/282/67 3533/281/66 3639/379/66
f 3534/282/67 3639/379/66 3622/364/68
f 3538/286/67 3537/285/66 3640/380/81
f 3538/286/67 3640/380/81 3623/365/80
f 3641/263/56 3525/237/56 3528/238/57
f 3641/263/56 3528/238/57 3604/347/58
f 3642/236/82 3643/237/82 3644/238/83
f 3642/236/82 3644/238/83 3645/239/84
f 3646/240/82 3647/241/82 3648/242/84
f 3646/240/82 3648/242/84 3649/243/83
f 3643/237/82 3650/244/82 3651/245/84
f 3643/237/82 3651/245/84 3644/238/83
f 3652/246/82 3653/247/82 3654/248/84
f 3652/246/82 3654/248/84 3655/249/83
f 3656/250/82 3657/251/82 3658/252/84
f 3656/250/82 3658/252/84 3659/253/83
f 3660/254/82 3661/255/82 3662/256/84
f 3660/254/82 3662/256/84 3663/257/83
f 3664/258/82 3665/259/82 3666/252/84
f 3664/258/82 3666/252/84 3667/260/83
f 3668/261/82 3652/246/82 3655/249/83
f 3668/261/82 3655/249/83 3669/262/84
f 3670/263/82 3646/240/82 3649/243/83
f 3670/263/82 3649/243/83 3671/264/84
f 3672/265/82 3664/258/82 3667/260/83
f 3672/265/82 3667/260/83 3673/266/84
f 3674/267/82 3660/254/82 3663/257/83
f 3674/267/82 3663/257/83 3675/268/84
f 3676/290/12 3677/291/12 3678/294/12
f 3676/290/12 3678/294/12 3679/293/12
f 3680/273/85 3681/274/86 3682/275/87
f 3680/273/85 3682/275/87 3683/276/85
f 3684/237/82 3685/244/88 3686/245/89
f 3684/237/82 3686/245/89 3687/238/83
f 3688/277/12 3689/278/12 3690/292/12
f 3688/277/12 3690/292/12 3691/289/12
f 3692/279/90 3693/280/91 3694/281/92
f 3692/279/90 3694/281/92 3695/282/93
f 3696/283/94 3697/284/92 3698/285/92
f 3696/283/94 3698/285/92 3699/286/93
f 3681/274/86 3696/283/94 3699/286/93
f 3681/274/86 3699/286/93 3682/275/87
f 3700/287/95 3680/273/85 3683/276/85
f 3700/287/95 3683/276/85 3701/288/96
f 3691/289/12 3690/292/12 3677/291/12
f 3691/289/12 3677/291/12 3676/290/12
f 3518/270/12 3702/271/12 3689/278/12
f 3518/270/12 3689/278/12 3688/277/12
f 3517/269/12 3703/272/12 3702/271/12
f 3517/269/12 3702/271/12 3518/270/12
f 3658/252/84 3700/287/95 3701/288/96
f 3658/252/84 3701/288/96 3659/253/83
f 3704/295/85 3705/296/87 3706/297/86
f 3704/295/85 3706/297/86 3707/298/85
f 3708/299/97 3656/250/82 3659/253/83
f 3708/299/97 3659/253/83 3709/300/98
f 3710/301/85 3711/302/86 3705/296/87
f 3710/301/85 3705/296/87 3704/295/85
f 3712/303/85 3713/304/87 3714/305/86
f 3712/303/85 3714/305/86 3715/306/85
f 3716/307/85 3717/308/86 3713/304/87
f 3716/307/85 3713/304/87 3712/303/85
f 3718/309/85 3719/310/87 3720/311/86
f 3718/309/85 3720/311/86 3721/312/85
f 3722/313/85 3723/314/86 3719/310/87
f 3722/313/85 3719/310/87 3718/309/85
f 3724/315/85 3725/316/87 3726/317/86
f 3724/315/85 3726/317/86 3727/318/85
f 3728/319/85 3729/320/86 3725/316/87
f 3728/319/85 3725/316/87 3724/315/85
f 3730/321/85 3731/322/87 3732/323/86
f 3730/321/85 3732/323/86 3733/324/85
f 3734/325/85 3735/326/99 3731/322/87
f 3734/325/85 3731/322/87 3730/321/85
f 3736/295/85 3737/296/87 3738/327/99
f 3736/295/85 3738/327/99 3739/328/85
f 3683/276/85 3682/275/87 3740/329/100
f 3683/276/85 3740/329/100 3741/330/101
f 3644/238/83 3742/331/96 3743/332/95
f 3644/238/83 3743/332/95 3645/239/84
f 3744/301/102 3745/333/103 3737/296/87
f 3744/301/102 3737/296/87 3736/295/85
f 3651/245/84 3746/334/95 3742/331/96
f 3651/245/84 3742/331/96 3644/238/83
f 3663/257/83 3747/335/96 3748/336/95
f 3663/257/83 3748/336/95 3675/268/84
f 3662/256/84 3749/337/95 3747/335/96
f 3662/256/84 3747/335/96 3663/257/83
f 3667/260/83 3750/338/96 3751/339/95
f 3667/260/83 3751/339/95 3673/266/84
f 3666/252/84 3752/337/95 3750/338/96
f 3666/252/84 3750/338/96 3667/260/83
f 3655/249/83 3753/340/96 3754/341/95
f 3655/249/83 3754/341/95 3669/262/84
f 3654/248/84 3755/342/95 3753/340/96
f 3654/248/84 3753/340/96 3655/249/83
f 3649/243/83 3756/343/96 3757/344/95
f 3649/243/83 3757/344/95 3671/264/84
f 3648/242/84 3758/345/95 3756/343/96
f 3648/242/84 3756/343/96 3649/243/83
f 3687/238/83 3759/331/96 3760/346/95
f 3687/238/83 3760/346/95 3761/347/84
f 3659/253/83 3701/288/96 3762/348/104
f 3659/253/83 3762/348/104 3709/300/98
f 3742/331/96 3704/295/85 3707/298/85
f 3742/331/96 3707/298/85 3743/332/95
f 3686/245/89 3763/349/105 3759/331/96
f 3686/245/89 3759/331/96 3687/238/83
f 3746/334/95 3710/301/85 3704/295/85
f 3746/334/95 3704/295/85 3742/331/96
f 3747/335/96 3712/303/85 3715/306/85
f 3747/335/96 3715/306/85 3748/336/95
f 3749/337/95 3716/307/85 3712/303/85
f 3749/337/95 3712/303/85 3747/335/96
f 3750/338/96 3718/309/85 3721/312/85
f 3750/338/96 3721/312/85 3751/339/95
f 3752/337/95 3722/313/85 3718/309/85
f 3752/337/95 3718/309/85 3750/338/96
f 3753/340/96 3724/315/85 3727/318/85
f 3753/340/96 3727/318/85 3754/341/95
f 3755/342/95 3728/319/85 3724/315/85
f 3755/342/95 3724/315/85 3753/340/96
f 3756/343/96 3730/321/85 3733/324/85
f 3756/343/96 3733/324/85 3757/344/95
f 3758/345/95 3734/325/85 3730/321/85
f 3758/345/95 3730/321/85 3756/343/96
f 3759/331/96 3736/295/85 3739/328/85
f 3759/331/96 3739/328/85 3760/346/95
f 3701/288/96 3683/276/85 3741/330/101
f 3701/288/96 3741/330/101 3762/348/104
f 3705/296/87 3764/350/93 3765/351/94
f 3705/296/87 3765/351/94 3706/297/86
f 3763/349/105 3744/301/102 3736/295/85
f 3763/349/105 3736/295/85 3759/331/96
f 3711/302/86 3766/352/94 3764/350/93
f 3711/302/86 3764/350/93 3705/296/87
f 3713/304/87 3767/353/93 3768/354/94
f 3713/304/87 3768/354/94 3714/305/86
f 3717/308/86 3769/355/94 3767/353/93
f 3717/308/86 3767/353/93 3713/304/87
f 3719/310/87 3770/356/93 3771/357/94
f 3719/310/87 3771/357/94 3720/311/86
f 3723/314/86 3772/358/94 3770/356/93
f 3723/314/86 3770/356/93 3719/310/87
f 3725/316/87 3773/359/93 3774/360/94
f 3725/316/87 3774/360/94 3726/317/86
f 3729/320/86 3775/361/94 3773/359/93
f 3729/320/86 3773/359/93 3725/316/87
f 3731/322/87 3776/362/93 3777/363/94
f 3731/322/87 3777/363/94 3732/323/86
f 3735/326/99 3778/352/94 3776/362/93
f 3735/326/99 3776/362/93 3731/322/87
f 3737/296/87 3695/282/93 3779/364/94
f 3737/296/87 3779/364/94 3738/327/99
f 3682/275/87 3699/286/93 3780/365/106
f 3682/275/87 3780/365/106 3740/329/100
f 3764/350/93 3781/281/92 3782/366/92
f 3764/350/93 3782/366/92 3765/351/94
f 3745/333/103 3692/279/90 3695/282/93
f 3745/333/103 3695/282/93 3737/296/87
f 3766/352/94 3783/280/92 3781/281/92
f 3766/352/94 3781/281/92 3764/350/93
f 3767/353/93 3784/367/92 3785/368/92
f 3767/353/93 3785/368/92 3768/354/94
f 3769/355/94 3786/369/92 3784/367/92
f 3769/355/94 3784/367/92 3767/353/93
f 3770/356/93 3787/370/92 3788/371/92
f 3770/356/93 3788/371/92 3771/357/94
f 3772/358/94 3789/372/92 3787/370/92
f 3772/358/94 3787/370/92 3770/356/93
f 3773/359/93 3790/373/92 3791/374/92
f 3773/359/93 3791/374/92 3774/360/94
f 3775/361/94 3792/375/92 3790/373/92
f 3775/361/94 3790/373/92 3773/359/93
f 3776/362/93 3793/376/92 3794/377/92
f 3776/362/93 3794/377/92 3777/363/94
f 3778/352/94 3795/378/92 3793/376/92
f 3778/352/94 3793/376/92 3776/362/93
f 3695/282/93 3694/281/92 3796/379/92
f 3695/282/93 3796/379/92 3779/364/94
f 3699/286/93 3698/285/92 3797/380/107
f 3699/286/93 3797/380/107 3780/365/106
f 3798/263/82 3684/237/82 3687/238/83
f 3798/263/82 3687/238/83 3761/347/84
f 3799/236/56 3800/237/56 3801/238/57
f 3799/236/56 3801/238/57 3802/239/58
f 3803/240/56 3804/241/56 3805/242/58
f 3803/240/56 3805/242/58 3806/243/57
f 3800/237/56 3807/244/56 3808/245/58
f 3800/237/56 3808/245/58 3801/238/57
f 3809/246/56 3810/247/56 3811/248/58
f 3809/246/56 3811/248/58 3812/249/57
f 3813/250/56 3814/251/56 3815/252/58
f 3813/250/56 3815/252/58 3816/253/57
f 3817/254/56 3818/255/56 3819/256/58
f 3817/254/56 3819/256/58 3820/257/57
f 3821/258/56 3822/259/56 3823/252/58
f 3821/258/56 3823/252/58 3824/260/57
f 3825/261/56 3809/246/56 3812/249/57
f 3825/261/56 3812/249/57 3826/262/58
f 3827/263/56 3803/240/56 3806/243/57
f 3827/263/56 3806/243/57 3828/264/58
f 3829/265/56 3821/258/56 3824/260/57
f 3829/265/56 3824/260/57 3830/266/58
f 3831/267/56 3817/254/56 3820/257/57
f 3831/267/56 3820/257/57 3832/268/58
f 3833/269/12 3834/270/12 3835/271/12
f 3833/269/12 3835/271/12 3836/272/12
f 3837/273/59 3838/274/60 3839/275/61
f 3837/273/59 3839/275/61 3840/276/59
f 3841/237/56 3842/244/62 3843/245/63
f 3841/237/56 3843/245/63 3844/238/57
f 3834/270/12 3845/277/12 3846/278/12
f 3834/270/12 3846/278/12 3835/271/12
f 3847/279/64 3848/280/65 3849/281/66
f 3847/279/64 3849/281/66 3850/282/67
f 3851/283/68 3852/284/66 3853/285/66
f 3851/283/68 3853/285/66 3854/286/67
f 3838/274/60 3851/283/68 3854/286/67
f 3838/274/60 3854/286/67 3839/275/61
f 3855/287/69 3837/273/59 3840/276/59
f 3855/287/69 3840/276/59 3856/288/70
f 3857/289/12 3858/290/12 3859/291/12
f 3857/289/12 3859/291/12 3860/292/12
f 3845/277/12 3857/289/12 3860/292/12
f 3845/277/12 3860/292/12 3846/278/12
f 3858/290/12 3861/293/12 3862/294/12
f 3858/290/12 3862/294/12 3859/291/12
f 3815/252/58 3855/287/69 3856/288/70
f 3815/252/58 3856/288/70 3816/253/57
f 3863/295/59 3864/296/61 3865/297/60
f 3863/295/59 3865/297/60 3866/298/59
f 3867/299/71 3813/250/56 3816/253/57
f 3867/299/71 3816/253/57 3868/300/72
f 3869/301/59 3870/302/73 3864/296/61
f 3869/301/59 3864/296/61 3863/295/59
f 3871/303/59 3872/304/61 3873/305/73
f 3871/303/59 3873/305/73 3874/306/59
f 3875/307/59 3876/308/73 3872/304/61
f 3875/307/59 3872/304/61 3871/303/59
f 3877/309/59 3878/310/61 3879/311/73
f 3877/309/59 3879/311/73 3880/312/59
f 3881/313/59 3882/314/73 3878/310/61
f 3881/313/59 3878/310/61 3877/309/59
f 3883/315/59 3884/316/61 3885/317/73
f 3883/315/59 3885/317/73 3886/318/59
f 3887/319/59 3888/320/73 3884/316/61
f 3887/319/59 3884/316/61 3883/315/59
f 3889/321/59 3890/322/61 3891/323/73
f 3889/321/59 3891/323/73 3892/324/59
f 3893/325/59 3894/326/60 3890/322/61
f 3893/325/59 3890/322/61 3889/321/59
f 3895/295/59 3896/296/61 3897/327/60
f 3895/295/59 3897/327/60 3898/328/59
f 3840/276/59 3839/275/61 3899/329/74
f 3840/276/59 3899/329/74 3900/330/75
f 3801/238/57 3901/331/70 3902/332/69
f 3801/238/57 3902/332/69 3802/239/58
f 3903/301/76 3904/333/77 3896/296/61
f 3903/301/76 3896/296/61 3895/295/59
f 3808/245/58 3905/334/69 3901/331/70
f 3808/245/58 3901/331/70 3801/238/57
f 3820/257/57 3906/335/70 3907/336/69
f 3820/257/57 3907/336/69 3832/268/58
f 3819/256/58 3908/337/69 3906/335/70
f 3819/256/58 3906/335/70 3820/257/57
f 3824/260/57 3909/338/70 3910/339/69
f 3824/260/57 3910/339/69 3830/266/58
f 3823/252/58 3911/337/69 3909/338/70
f 3823/252/58 3909/338/70 3824/260/57
f 3812/249/57 3912/340/70 3913/341/69
f 3812/249/57 3913/341/69 3826/262/58
f 3811/248/58 3914/342/69 3912/340/70
f 3811/248/58 3912/340/70 3812/249/57
f 3806/243/57 3915/343/70 3916/344/69
f 3806/243/57 3916/344/69 3828/264/58
f 3805/242/58 3917/345/69 3915/343/70
f 3805/242/58 3915/343/70 3806/243/57
f 3844/238/57 3918/331/70 3919/346/69
f 3844/238/57 3919/346/69 3920/347/58
f 3816/253/57 3856/288/70 3921/348/78
f 3816/253/57 3921/348/78 3868/300/72
f 3901/331/70 3863/295/59 3866/298/59
f 3901/331/70 3866/298/59 3902/332/69
f 3843/245/63 3922/349/79 3918/331/70
f 3843/245/63 3918/331/70 3844/238/57
f 3905/334/69 3869/301/59 3863/295/59
f 3905/334/69 3863/295/59 3901/331/70
f 3906/335/70 3871/303/59 3874/306/59
f 3906/335/70 3874/306/59 3907/336/69
f 3908/337/69 3875/307/59 3871/303/59
f 3908/337/69 3871/303/59 3906/335/70
f 3909/338/70 3877/309/59 3880/312/59
f 3909/338/70 3880/312/59 3910/339/69
f 3911/337/69 3881/313/59 3877/309/59
f 3911/337/69 3877/309/59 3909/338/70
f 3912/340/70 3883/315/59 3886/318/59
f 3912/340/70 3886/318/59 3913/341/69
f 3914/342/69 3887/319/59 3883/315/59
f 3914/342/69 3883/315/59 3912/340/70
f 3915/343/70 3889/321/59 3892/324/59
f 3915/343/70 3892/324/59 3916/344/69
f 3917/345/69 3893/325/59 3889/321/59
f 3917/345/69 3889/321/59 3915/343/70
f 3918/331/70 3895/295/59 3898/328/59
f 3918/331/70 3898/328/59 3919/346/69
f 3856/288/70 3840/276/59 3900/330/75
f 3856/288/70 3900/330/75 3921/348/78
f 3864/296/61 3923/350/67 3924/351/68
f 3864/296/61 3924/351/68 3865/297/60
f 3922/349/79 3903/301/76 3895/295/59
f 3922/349/79 3895/295/59 3918/331/70
f 3870/302/73 3925/352/68 3923/350/67
f 3870/302/73 3923/350/67 3864/296/61
f 3872/304/61 3926/353/67 3927/354/68
f 3872/304/61 3927/354/68 3873/305/73
f 3876/308/73 3928/355/68 3926/353/67
f 3876/308/73 3926/353/67 3872/304/61
f 3878/310/61 3929/356/67 3930/357/68
f 3878/310/61 3930/357/68 3879/311/73
f 3882/314/73 3931/358/68 3929/356/67
f 3882/314/73 3929/356/67 3878/310/61
f 3884/316/61 3932/359/67 3933/360/68
f 3884/316/61 3933/360/68 3885/317/73
f 3888/320/73 3934/361/68 3932/359/67
f 3888/320/73 3932/359/67 3884/316/61
f 3890/322/61 3935/362/67 3936/363/68
f 3890/322/61 3936/363/68 3891/323/73
f 3894/326/60 3937/352/68 3935/362/67
f 3894/326/60 3935/362/67 3890/322/61
f 3896/296/61 3850/282/67 3938/364/68
f 3896/296/61 3938/364/68 3897/327/60
f 3839/275/61 3854/286/67 3939/365/80
f 3839/275/61 3939/365/80 3899/329/74
f 3923/350/67 3940/281/66 3941/366/66
f 3923/350/67 3941/366/66 3924/351/68
f 3904/333/77 3847/279/64 3850/282/67
f 3904/333/77 3850/282/67 3896/296/61
f 3925/352/68 3942/280/66 3940/281/66
f 3925/352/68 3940/281/66 3923/350/67
f 3926/353/67 3943/367/66 3944/368/66
f 3926/353/67 3944/368/66 3927/354/68
f 3928/355/68 3945/369/66 3943/367/66
f 3928/355/68 3943/367/66 3926/353/67
f 3929/356/67 3946/370/66 3947/371/66
f 3929/356/67 3947/371/66 3930/357/68
f 3931/358/68 3948/372/66 3946/370/66
f 3931/358/68 3946/370/66 3929/356/67
f 3932/359/67 3949/373/66 3950/374/66
f 3932/359/67 3950/374/66 3933/360/68
f 3934/361/68 3951/375/66 3949/373/66
f 3934/361/68 3949/373/66 3932/359/67
f 3935/362/67 3952/376/66 3953/377/66
f 3935/362/67 3953/377/66 3936/363/68
f 3937/352/68 3954/378/66 3952/376/66
f 3937/352/68 3952/376/66 3935/362/67
f 3850/282/67 3849/281/66 3955/379/66
f 3850/282/67 3955/379/66 3938/364/68
f 3854/286/67 3853/285/66 3956/380/81
f 3854/286/67 3956/380/81 3939/365/80
f 3957/263/56 3841/237/56 3844/238/57
f 3957/263/56 3844/238/57 3920/347/58
f 3958/236/82 3959/237/82 3960/238/83
f 3958/236/82 3960/238/83 3961/239/84
f 3962/240/82 3963/241/82 3964/242/84
f 3962/240/82 3964/242/84 3965/243/83
f 3959/237/82 3966/244/82 3967/245/84
f 3959/237/82 3967/245/84 3960/238/83
f 3968/246/82 3969/247/82 3970/248/84
f 3968/246/82 3970/248/84 3971/249/83
f 3972/250/82 3973/251/82 3974/252/84
f 3972/250/82 3974/252/84 3975/253/83
f 3976/254/82 3977/255/82 3978/256/84
f 3976/254/82 3978/256/84 3979/257/83
f 3980/258/82 3981/259/82 3982/252/84
f 3980/258/82 3982/252/84 3983/260/83
f 3984/261/82 3968/246/82 3971/249/83
f 3984/261/82 3971/249/83 3985/262/84
f 3986/263/82 3962/240/82 3965/243/83
f 3986/263/82 3965/243/83 3987/264/84
f 3988/265/82 3980/258/82 3983/260/83
f 3988/265/82 3983/260/83 3989/266/84
f 3990/267/82 3976/254/82 3979/257/83
f 3990/267/82 3979/257/83 3991/268/84
f 3992/290/12 3993/291/12 3994/294/12
f 3992/290/12 3994/294/12 3995/293/12
f 3996/273/85 3997/274/86 3998/275/87
f 3996/273/85 3998/275/87 3999/276/85
f 4000/237/82 4001/244/88 4002/245/89
f 4000/237/82 4002/245/89 4003/238/83
f 4004/277/12 4005/278/12 4006/292/12
f 4004/277/12 4006/292/12 4007/289/12
f 4008/279/90 4009/280/91 4010/281/92
f 4008/279/90 4010/281/92 4011/282/93
f 4012/283/94 4013/284/92 4014/285/92
f 4012/283/94 4014/285/92 4015/286/93
f 3997/274/86 4012/283/94 4015/286/93
f 3997/274/86 4015/286/93 3998/275/87
f 4016/287/95 3996/273/85 3999/276/85
f 4016/287/95 3999/276/85 4017/288/96
f 4007/289/12 4006/292/12 3993/291/12
f 4007/289/12 3993/291/12 3992/290/12
f 3834/270/12 4018/271/12 4005/278/12
f 3834/270/12 4005/278/12 4004/277/12
f 3833/269/12 4019/272/12 4018/271/12
f 3833/269/12 4018/271/12 3834/270/12
f 3974/252/84 4016/287/95 4017/288/96
f 3974/252/84 4017/288/96 3975/253/83
f 4020/295/85 4021/296/87 4022/297/86
f 4020/295/85 4022/297/86 4023/298/85
f 4024/299/97 3972/250/82 3975/253/83
f 4024/299/97 3975/253/83 4025/300/98
f 4026/301/85 4027/302/86 4021/296/87
f 4026/301/85 4021/296/87 4020/295/85
f 4028/303/85 4029/304/87 4030/305/86
f 4028/303/85 4030/305/86 4031/306/85
f 4032/307/85 4033/308/86 4029/304/87
f 4032/307/85 4029/304/87 4028/303/85
f 4034/309/85 4035/310/87 4036/311/86
f 4034/309/85 4036/311/86 4037/312/85
f 4038/313/85 4039/314/86 4035/310/87
f 4038/313/85 4035/310/87 4034/309/85
f 4040/315/85 4041/316/87 4042/317/86
f 4040/315/85 4042/317/86 4043/318/85
f 4044/319/85 4045/320/86 4041/316/87
f 4044/319/85 4041/316/87 4040/315/85
f 4046/321/85 4047/322/87 4048/323/86
f 4046/321/85 4048/323/86 4049/324/85
f 4050/325/85 4051/326/99 4047/322/87
f 4050/325/85 4047/322/87 4046/321/85
f 4052/295/85 4053/296/87 4054/327/99
f 4052/295/85 4054/327/99 4055/328/85
f 3999/276/85 3998/275/87 4056/329/100
f 3999/276/85 4056/329/100 4057/330/101
f 3960/238/83 4058/331/96 4059/332/95
f 3960/238/83 4059/332/95 3961/239/84
f 4060/301/102 4061/333/103 4053/296/87
f 4060/301/102 4053/296/87 4052/295/85
f 3967/245/84 4062/334/95 4058/331/96
f 3967/245/84 4058/331/96 3960/238/83
f 3979/257/83 4063/335/96 4064/336/95
f 3979/257/83 4064/336/95 3991/268/84
f 3978/256/84 4065/337/95 4063/335/96
f 3978/256/84 4063/335/96 3979/257/83
f 3983/260/83 4066/338/96 4067/339/95
f 3983/260/83 4067/339/95 3989/266/84
f 3982/252/84 4068/337/95 4066/338/96
f 3982/252/84 4066/338/96 3983/260/83
f 3971/249/83 4069/340/96 4070/341/95
f 3971/249/83 4070/341/95 3985/262/84
f 3970/248/84 4071/342/95 4069/340/96
f 3970/248/84 4069/340/96 3971/249/83
f 3965/243/83 4072/343/96 4073/344/95
f 3965/243/83 4073/344/95 3987/264/84
f 3964/242/84 4074/345/95 4072/343/96
f 3964/242/84 4072/343/96 3965/243/83
f 4003/238/83 4075/331/96 4076/346/95
f 4003/238/83 4076/346/95 4077/347/84
f 3975/253/83 4017/288/96 4078/348/104
f 3975/253/83 4078/348/104 4025/300/98
f 4058/331/96 4020/295/85 4023/298/85
f 4058/331/96 4023/298/85 4059/332/95
f 4002/245/89 4079/349/105 4075/331/96
f 4002/245/89 4075/331/96 4003/238/83
f 4062/334/95 4026/301/85 4020/295/85
f 4062/334/95 4020/295/85 4058/331/96
f 4063/335/96 4028/303/85 4031/306/85
f 4063/335/96 4031/306/85 4064/336/95
f 4065/337/95 4032/307/85 4028/303/85
f 4065/337/95 4028/303/85 4063/335/96
f 4066/338/96 4034/309/85 4037/312/85
f 4066/338/96 4037/312/85 4067/339/95
f 4068/337/95 4038/313/85 4034/309/85
f 4068/337/95 4034/309/85 4066/338/96
f 4069/340/96 4040/315/85 4043/318/85
f 4069/340/96 4043/318/85 4070/341/95
f 4071/342/95 4044/319/85 4040/315/85
f 4071/342/95 4040/315/85 4069/340/96
f 4072/343/96 4046/321/85 4049/324/85
f 4072/343/96 4049/324/85 4073/344/95
f 4074/345/95 4050/325/85 4046/321/85
f 4074/345/95 4046/321/85 4072/343/96
f 4075/331/96 4052/295/85 4055/328/85
f 4075/331/96 4055/328/85 4076/346/95
f 4017/288/96 3999/276/85 4057/330/101
f 4017/288/96 4057/330/101 4078/348/104
f 4021/296/87 4080/350/93 4081/351/94
f 4021/296/87 4081/351/94 4022/297/86
f 4079/349/105 4060/301/102 4052/295/85
f 4079/349/105 4052/295/85 4075/331/96
f 4027/302/86 4082/352/94 4080/350/93
f 4027/302/86 4080/350/93 4021/296/87
f 4029/304/87 4083/353/93 4084/354/94
f 4029/304/87 4084/354/94 4030/305/86
f 4033/308/86 4085/355/94 4083/353/93
f 4033/308/86 4083/353/93 4029/304/87
f 4035/310/87 4086/356/93 4087/357/94
f 4035/310/87 4087/357/94 4036/311/86
f 4039/314/86 4088/358/94 4086/356/93
f 4039/314/86 4086/356/93 4035/310/87
f 4041/316/87 4089/359/93 4090/360/94
f 4041/316/87 4090/360/94 4042/317/86
f 4045/320/86 4091/361/94 4089/359/93
f 4045/320/86 4089/359/93 4041/316/87
f 4047/322/87 4092/362/93 4093/363/94
f 4047/322/87 4093/363/94 4048/323/86
f 4051/326/99 4094/352/94 4092/362/93
f 4051/326/99 4092/362/93 4047/322/87
f 4053/296/87 4011/282/93 4095/364/94
f 4053/296/87 4095/364/94 4054/327/99
f 3998/275/87 4015/286/93 4096/365/106
f 3998/275/87 4096/365/106 4056/329/100
f 4080/350/93 4097/281/92 4098/366/92
f 4080/350/93 4098/366/92 4081/351/94
f 4061/333/103 4008/279/90 4011/282/93
f 4061/333/103 4011/282/93 4053/296/87
f 4082/352/94 4099/280/92 4097/281/92
f 4082/352/94 4097/281/92 4080/350/93
f 4083/353/93 4100/367/92 4101/368/92
f 4083/353/93 4101/368/92 4084/354/94
f 4085/355/94 4102/369/92 4100/367/92
f 4085/355/94 4100/367/92 4083/353/93
f 4086/356/93 4103/370/92 4104/371/92
f 4086/356/93 4104/371/92 4087/357/94
f 4088/358/94 4105/372/92 4103/370/92
f 4088/358/94 4103/370/92 4086/356/93
f 4089/359/93 4106/373/92 4107/374/92
f 4089/359/93 4107/374/92 4090/360/94
f 4091/361/94 4108/375/92 4106/373/92
f 4091/361/94 4106/373/92 4089/359/93
f 4092/362/93 4109/376/92 4110/377/92
f 4092/362/93 4110/377/92 4093/363/94
f 4094/352/94 4111/378/92 4109/376/92
f 4094/352/94 4109/376/92 4092/362/93
f 4011/282/93 4010/281/92 4112/379/92
f 4011/282/93 4112/379/92 4095/364/94
f 4015/286/93 4014/285/92 4113/380/107
f 4015/286/93 4113/380/107 4096/365/106
f 4114/263/82 4000/237/82 4003/238/83
f 4114/263/82 4003/238/83 4077/347/84
f 4115/236/108 4116/237/108 4117/238/109
f 4115/236/108 4117/238/109 4118/239/110
f 4119/240/108 4120/241/108 4121/242/110
f 4119/240/108 4121/242/110 4122/243/109
f 4116/237/108 4123/244/108 4124/245/110
f 4116/237/108 4124/245/110 4117/238/109
f 4125/246/108 4126/247/108 4127/248/110
f 4125/246/108 4127/248/110 4128/249/109
f 4129/250/108 4130/251/108 4131/252/110
f 4129/250/108 4131/252/110 4132/253/109
f 4133/254/108 4134/255/108 4135/256/110
f 4133/254/108 4135/256/110 4136/257/109
f 4137/258/108 4138/259/108 4139/252/110
f 4137/258/108 4139/252/110 4140/260/109
f 4141/261/108 4125/246/108 4128/249/109
f 4141/261/108 4128/249/109 4142/262/110
f 4143/263/108 4119/240/108 4122/243/109
f 4143/263/108 4122/243/109 4144/264/110
f 4145/265/108 4137/258/108 4140/260/109
f 4145/265/108 4140/260/109 4146/266/110
f 4147/267/108 4133/254/108 4136/257/109
f 4147/267/108 4136/257/109 4148/268/110
f 4149/269/23 4150/270/23 4151/271/23
f 4149/269/23 4151/271/23 4152/272/23
f 4153/273/111 4154/274/112 4155/275/113
f 4153/273/111 4155/275/113 4156/276/111
f 4157/237/108 4158/244/114 4159/245/115
f 4157/237/108 4159/245/115 4160/238/109
f 4150/270/23 4161/277/23 4162/278/23
f 4150/270/23 4162/278/23 4151/271/23
f 4163/279/116 4164/280/117 4165/281/118
f 4163/279/116 4165/281/118 4166/282/119
f 4167/283/120 4168/284/118 4169/285/118
f 4167/283/120 4169/285/118 4170/286/119
f 4154/274/112 4167/283/120 4170/286/119
f 4154/274/112 4170/286/119 4155/275/113
f 4171/287/121 4153/273/111 4156/276/111
f 4171/287/121 4156/276/111 4172/288/122
f 4173/289/23 4174/290/23 4175/291/23
f 4173/289/23 4175/291/23 4176/292/23
f 4161/277/23 4173/289/23 4176/292/23
f 4161/277/23 4176/292/23 4162/278/23
f 4174/290/23 4177/293/23 4178/294/23
f 4174/290/23 4178/294/23 4175/291/23
f 4131/252/110 4171/287/121 4172/288/122
f 4131/252/110 4172/288/122 4132/253/109
f 4179/295/111 4180/296/113 4181/297/112
f 4179/295/111 4181/297/112 4182/298/111
f 4183/299/123 4129/250/108 4132/253/109
f 4183/299/123 4132/253/109 4184/300/124
f 4185/301/111 4186/302/112 4180/296/113
f 4185/301/111 4180/296/113 4179/295/111
f 4187/303/111 4188/304/113 4189/305/112
f 4187/303/111 4189/305/112 4190/306/111
f 4191/307/111 4192/308/112 4188/304/113
f 4191/307/111 4188/304/113 4187/303/111
f 4193/309/111 4194/310/113 4195/311/112
f 4193/309/111 4195/311/112 4196/312/111
f 4197/313/111 4198/314/112 4194/310/113
f 4197/313/111 4194/310/113 4193/309/111
f 4199/315/111 4200/316/113 4201/317/112
f 4199/315/111 4201/317/112 4202/318/111
f 4203/319/111 4204/320/112 4200/316/113
f 4203/319/111 4200/316/113 4199/315/111
f 4205/321/111 4206/322/113 4207/323/112
f 4205/321/111 4207/323/112 4208/324/111
f 4209/325/111 4210/326/112 4206/322/113
f 4209/325/111 4206/322/113 4205/321/111
f 4211/295/111 4212/296/113 4213/327/112
f 4211/295/111 4213/327/112 4214/328/111
f 4156/276/111 4155/275/113 4215/329/125
f 4156/276/111 4215/329/125 4216/330/126
f 4117/238/109 4217/331/122 4218/332/121
f 4117/238/109 4218/332/121 4118/239/110
f 4219/301/127 4220/333/128 4212/296/113
f 4219/301/127 4212/296/113 4211/295/111
f 4124/245/110 4221/334/121 4217/331/122
f 4124/245/110 4217/331/122 4117/238/109
f 4136/257/109 4222/335/122 4223/336/121
f 4136/257/109 4223/336/121 4148/268/110
f 4135/256/110 4224/337/121 4222/335/122
f 4135/256/110 4222/335/122 4136/257/109
f 4140/260/109 4225/338/122 4226/339/121
f 4140/260/109 4226/339/121 4146/266/110
f 4139/252/110 4227/337/121 4225/338/122
f 4139/252/110 4225/338/122 4140/260/109
f 4128/249/109 4228/340/122 4229/341/121
f 4128/249/109 4229/341/121 4142/262/110
f 4127/248/110 4230/342/121 4228/340/122
f 4127/248/110 4228/340/122 4128/249/109
f 4122/243/109 4231/343/122 4232/344/121
f 4122/243/109 4232/344/121 4144/264/110
f 4121/242/110 4233/345/121 4231/343/122
f 4121/242/110 4231/343/122 4122/243/109
f 4160/238/109 4234/331/122 4235/346/121
f 4160/238/109 4235/346/121 4236/347/110
f 4132/253/109 4172/288/122 4237/348/129
f 4132/253/109 4237/348/129 4184/300/124
f 4217/331/122 4179/295/111 4182/298/111
f 4217/331/122 4182/298/111 4218/332/121
f 4159/245/115 4238/349/130 4234/331/122
f 4159/245/115 4234/331/122 4160/238/109
f 4221/334/121 4185/301/111 4179/295/111
f 4221/334/121 4179/295/111 4217/331/122
f 4222/335/122 4187/303/111 4190/306/111
f 4222/335/122 4190/306/111 4223/336/121
f 4224/337/121 4191/307/111 4187/303/111
f 4224/337/121 4187/303/111 4222/335/122
f 4225/338/122 4193/309/111 4196/312/111
f 4225/338/122 4196/312/111 4226/339/121
f 4227/337/121 4197/313/111 4193/309/111
f 4227/337/121 4193/309/111 4225/338/122
f 4228/340/122 4199/315/111 4202/318/111
f 4228/340/122 4202/318/111 4229/341/121
f 4230/342/121 4203/319/111 4199/315/111
f 4230/342/121 4199/315/111 4228/340/122
f 4231/343/122 4205/321/111 4208/324/111
f 4231/343/122 4208/324/111 4232/344/121
f 4233/345/121 4209/325/111 4205/321/111
f 4233/345/121 4205/321/111 4231/343/122
f 4234/331/122 4211/295/111 4214/328/111
f 4234/331/122 4214/328/111 4235/346/121
f 4172/288/122 4156/276/111 4216/330/126
f 4172/288/122 4216/330/126 4237/348/129
f 4180/296/113 4239/350/119 4240/351/120
f 4180/296/113 4240/351/120 4181/297/112
f 4238/349/130 4219/301/127 4211/295/111
f 4238/349/130 4211/295/111 4234/331/122
f 4186/302/112 4241/352/120 4239/350/119
f 4186/302/112 4239/350/119 4180/296/113
f 4188/304/113 4242/353/119 4243/354/120
f 4188/304/113 4243/354/120 4189/305/112
f 4192/308/112 4244/355/120 4242/353/119
f 4192/308/112 4242/353/119 4188/304/113
f 4194/310/113 4245/356/119 4246/357/120
f 4194/310/113 4246/357/120 4195/311/112
f 4198/314/112 4247/358/120 4245/356/119
f 4198/314/112 4245/356/119 4194/310/113
f 4200/316/113 4248/359/119 4249/360/120
f 4200/316/113 4249/360/120 4201/317/112
f 4204/320/112 4250/361/120 4248/359/119
f 4204/320/112 4248/359/119 4200/316/113
f 4206/322/113 4251/362/119 4252/363/120
f 4206/322/113 4252/363/120 4207/323/112
f 4210/326/112 4253/352/120 4251/362/119
f 4210/326/112 4251/362/119 4206/322/113
f 4212/296/113 4166/282/119 4254/364/120
f 4212/296/113 4254/364/120 4213/327/112
f 4155/275/113 4170/286/119 4255/365/131
f 4155/275/113 4255/365/131 4215/329/125
f 4239/350/119 4256/281/118 4257/366/118
f 4239/350/119 4257/366/118 4240/351/120
f 4220/333/128 4163/279/116 4166/282/119
f 4220/333/128 4166/282/119 4212/296/113
f 4241/352/120 4258/280/118 4256/281/118
f 4241/352/120 4256/281/118 4239/350/119
f 4242/353/119 4259/367/118 4260/368/118
f 4242/353/119 4260/368/118 4243/354/120
f 4244/355/120 4261/369/118 4259/367/118
f 4244/355/120 4259/367/118 4242/353/119
f 4245/356/119 4262/370/118 4263/371/118
f 4245/356/119 4263/371/118 4246/357/120
f 4247/358/120 4264/372/118 4262/370/118
f 4247/358/120 4262/370/118 4245/356/119
f 4248/359/119 4265/373/118 4266/374/118
f 4248/359/119 4266/374/118 4249/360/120
f 4250/361/120 4267/375/118 4265/373/118
f 4250/361/120 4265/373/118 4248/359/119
f 4251/362/119 4268/376/118 4269/377/118
f 4251/362/119 4269/377/118 4252/363/120
f 4253/352/120 4270/378/118 4268/376/118
f 4253/352/120 4268/376/118 4251/362/119
f 4166/282/119 4165/281/118 4271/379/118
f 4166/282/119 4271/379/118 4254/364/120
f 4170/286/119 4169/285/118 4272/380/132
f 4170/286/119 4272/380/132 4255/365/131
f 4273/263/108 4157/237/108 4160/238/109
f 4273/263/108 4160/238/109 4236/347/110
f 4274/236/133 4275/237/133 4276/238/134
f 4274/236/133 4276/238/134 4277/239/135
f 4278/240/133 4279/241/133 4280/242/135
f 4278/240/133 4280/242/135 4281/243/134
f 4275/237/133 4282/244/133 4283/245/135
f 4275/237/133 4283/245/135 4276/238/134
f 4284/246/133 4285/247/133 4286/248/135
f 4284/246/133 4286/248/135 4287/249/134
f 4288/250/133 4289/251/133 4290/252/135
f 4288/250/133 4290/252/135 4291/253/134
f 4292/254/133 4293/255/133 4294/256/135
f 4292/254/133 4294/256/135 4295/257/134
f 4296/258/133 4297/259/133 4298/252/135
f 4296/258/133 4298/252/135 4299/260/134
f 4300/261/133 4284/246/133 4287/249/134
f 4300/261/133 4287/249/134 4301/262/135
f 4302/263/133 4278/240/133 4281/243/134
f 4302/263/133 4281/243/134 4303/264/135
f 4304/265/133 4296/258/133 4299/260/134
f 4304/265/133 4299/260/134 4305/266/135
f 4306/267/133 4292/254/133 4295/257/134
f 4306/267/133 4295/257/134 4307/268/135
f 4308/290/23 4309/291/23 4310/294/23
f 4308/290/23 4310/294/23 4311/293/23
f 4312/273/136 4313/274/137 4314/275/138
f 4312/273/136 4314/275/138 4315/276/136
f 4316/237/133 4317/244/139 4318/245/140
f 4316/237/133 4318/245/140 4319/238/134
f 4320/277/23 4321/278/23 4322/292/23
f 4320/277/23 4322/292/23 4323/289/23
f 4324/279/141 4325/280/142 4326/281/143
f 4324/279/141 4326/281/143 4327/282/144
f 4328/283/145 4329/284/143 4330/285/143
f 4328/283/145 4330/285/143 4331/286/144
f 4313/274/137 4328/283/145 4331/286/144
f 4313/274/137 4331/286/144 4314/275/138
f 4332/287/146 4312/273/136 4315/276/136
f 4332/287/146 4315/276/136 4333/288/147
f 4323/289/23 4322/292/23 4309/291/23
f 4323/289/23 4309/291/23 4308/290/23
f 4150/270/23 4334/271/23 4321/278/23
f 4150/270/23 4321/278/23 4320/277/23
f 4149/269/23 4335/272/23 4334/271/23
f 4149/269/23 4334/271/23 4150/270/23
f 4290/252/135 4332/287/146 4333/288/147
f 4290/252/135 4333/288/147 4291/253/134
f 4336/295/136 4337/296/138 4338/297/137
f 4336/295/136 4338/297/137 4339/298/136
f 4340/299/148 4288/250/133 4291/253/134
f 4340/299/148 4291/253/134 4341/300/149
f 4342/301/136 4343/302/137 4337/296/138
f 4342/301/136 4337/296/138 4336/295/136
f 4344/303/136 4345/304/138 4346/305/137
f 4344/303/136 4346/305/137 4347/306/136
f 4348/307/136 4349/308/137 4345/304/138
f 4348/307/136 4345/304/138 4344/303/136
f 4350/309/136 4351/310/138 4352/311/137
f 4350/309/136 4352/311/137 4353/312/136
f 4354/313/136 4355/314/137 4351/310/138
f 4354/313/136 4351/310/138 4350/309/136
f 4356/315/136 4357/316/138 4358/317/137
f 4356/315/136 4358/317/137 4359/318/136
f 4360/319/136 4361/320/137 4357/316/138
f 4360/319/136 4357/316/138 4356/315/136
f 4362/321/136 4363/322/138 4364/323/137
f 4362/321/136 4364/323/137 4365/324/136
f 4366/325/136 4367/326/150 4363/322/138
f 4366/325/136 4363/322/138 4362/321/136
f 4368/295/136 4369/296/138 4370/327/150
f 4368/295/136 4370/327/150 4371/328/136
f 4315/276/136 4314/275/138 4372/329/151
f 4315/276/136 4372/329/151 4373/330/152
f 4276/238/134 4374/331/147 4375/332/146
f 4276/238/134 4375/332/146 4277/239/135
f 4376/301/153 4377/333/154 4369/296/138
f 4376/301/153 4369/296/138 4368/295/136
f 4283/245/135 4378/334/146 4374/331/147
f 4283/245/135 4374/331/147 4276/238/134
f 4295/257/134 4379/335/147 4380/336/146
f 4295/257/134 4380/336/146 4307/268/135
f 4294/256/135 4381/337/146 4379/335/147
f 4294/256/135 4379/335/147 4295/257/134
f 4299/260/134 4382/338/147 4383/339/146
f 4299/260/134 4383/339/146 4305/266/135
f 4298/252/135 4384/337/146 4382/338/147
f 4298/252/135 4382/338/147 4299/260/134
f 4287/249/134 4385/340/147 4386/341/146
f 4287/249/134 4386/341/146 4301/262/135
f 4286/248/135 4387/342/146 4385/340/147
f 4286/248/135 4385/340/147 4287/249/134
f 4281/243/134 4388/343/147 4389/344/146
f 4281/243/134 4389/344/146 4303/264/135
f 4280/242/135 4390/345/146 4388/343/147
f 4280/242/135 4388/343/147 4281/243/134
f 4319/238/134 4391/331/147 4392/346/146
f 4319/238/134 4392/346/146 4393/347/135
f 4291/253/134 4333/288/147 4394/348/155
f 4291/253/134 4394/348/155 4341/300/149
f 4374/331/147 4336/295/136 4339/298/136
f 4374/331/147 4339/298/136 4375/332/146
f 4318/245/140 4395/349/156 4391/331/147
f 4318/245/140 4391/331/147 4319/238/134
f 4378/334/146 4342/301/136 4336/295/136
f 4378/334/146 4336/295/136 4374/331/147
f 4379/335/147 4344/303/136 4347/306/136
f 4379/335/147 4347/306/136 4380/336/146
f 4381/337/146 4348/307/136 4344/303/136
f 4381/337/146 4344/303/136 4379/335/147
f 4382/338/147 4350/309/136 4353/312/136
f 4382/338/147 4353/312/136 4383/339/146
f 4384/337/146 4354/313/136 4350/309/136
f 4384/337/146 4350/309/136 4382/338/147
f 4385/340/147 4356/315/136 4359/318/136
f 4385/340/147 4359/318/136 4386/341/146
f 4387/342/146 4360/319/136 4356/315/136
f 4387/342/146 4356/315/136 4385/340/147
f 4388/343/147 4362/321/136 4365/324/136
f 4388/343/147 4365/324/136 4389/344/146
f 4390/345/146 4366/325/136 4362/321/136
f 4390/345/146 4362/321/136 4388/343/147
f 4391/331/147 4368/295/136 4371/328/136
f 4391/331/147 4371/328/136 4392/346/146
f 4333/288/147 4315/276/136 4373/330/152
f 4333/288/147 4373/330/152 4394/348/155
f 4337/296/138 4396/350/144 4397/351/145
f 4337/296/138 4397/351/145 4338/297/137
f 4395/349/156 4376/301/153 4368/295/136
f 4395/349/156 4368/295/136 4391/331/147
f 4343/302/137 4398/352/145 4396/350/144
f 4343/302/137 4396/350/144 4337/296/138
f 4345/304/138 4399/353/144 4400/354/145
f 4345/304/138 4400/354/145 4346/305/137
f 4349/308/137 4401/355/145 4399/353/144
f 4349/308/137 4399/353/144 4345/304/138
f 4351/310/138 4402/356/144 4403/357/145
f 4351/310/138 4403/357/145 4352/311/137
f 4355/314/137 4404/358/145 4402/356/144
f 4355/314/137 4402/356/144 4351/310/138
f 4357/316/138 4405/359/144 4406/360/145
f 4357/316/138 4406/360/145 4358/317/137
f 4361/320/137 4407/361/145 4405/359/144
f 4361/320/137 4405/359/144 4357/316/138
f 4363/322/138 4408/362/144 4409/363/145
f 4363/322/138 4409/363/145 4364/323/137
f 4367/326/150 4410/352/145 4408/362/144
f 4367/326/150 4408/362/144 4363/322/138
f 4369/296/138 4327/282/144 4411/364/145
f 4369/296/138 4411/364/145 4370/327/150
f 4314/275/138 4331/286/144 4412/365/157
f 4314/275/138 4412/365/157 4372/329/151
f 4396/350/144 4413/281/143 4414/366/143
f 4396/350/144 4414/366/143 4397/351/145
f 4377/333/154 4324/279/141 4327/282/144
f 4377/333/154 4327/282/144 4369/296/138
f 4398/352/145 4415/280/143 4413/281/143
f 4398/352/145 4413/281/143 4396/350/144
f 4399/353/144 4416/367/143 4417/368/143
f 4399/353/144 4417/368/143 4400/354/145
f 4401/355/145 4418/369/143 4416/367/143
f 4401/355/145 4416/367/143 4399/353/144
f 4402/356/144 4419/370/143 4420/371/143
f 4402/356/144 4420/371/143 4403/357/145
f 4404/358/145 4421/372/143 4419/370/143
f 4404/358/145 4419/370/143 4402/356/144
f 4405/359/144 4422/373/143 4423/374/143
f 4405/359/144 4423/374/143 4406/360/145
f 4407/361/145 4424/375/143 4422/373/143
f 4407/361/145 4422/373/143 4405/359/144
f 4408/362/144 4425/376/143 4426/377/143
f 4408/362/144 4426/377/143 4409/363/145
f 4410/352/145 4427/378/143 4425/376/143
f 4410/352/145 4425/376/143 4408/362/144
f 4327/282/144 4326/281/143 4428/379/143
f 4327/282/144 4428/379/143 4411/364/145
f 4331/286/144 4330/285/143 4429/380/158
f 4331/286/144 4429/380/158 4412/365/157
f 4430/263/133 4316/237/133 4319/238/134
f 4430/263/133 4319/238/134 4393/347/135
f 4431/381/159 4432/382/160 4433/383/160
f 4431/381/159 4433/383/160 4434/384/159
f 4435/383/161 4436/385/162 4437/386/162
f 4435/383/161 4437/386/162 4438/382/161
f 4439/387/162 4440/388/163 4441/389/163
f 4439/387/162 4441/389/163 4442/390/162
f 4443/391/163 4444/392/164 4445/393/164
f 4443/391/163 4445/393/164 4446/394/163
f 4447/395/164 4448/391/25 4449/394/25
f 4447/395/164 4449/394/25 4450/396/164
f 4451/395/25 4452/391/165 4453/394/165
f 4451/395/25 4453/394/165 4454/396/25
f 4452/391/165 4455/392/166 4456/393/166
f 4452/391/165 4456/393/166 4453/394/165
f 4457/397/166 4458/398/159 4459/389/159
f 4457/397/166 4459/389/159 4460/390/166
f 4461/399/24 4462/400/167 4463/401/167
f 4461/399/24 4463/401/167 4464/402/24
f 4465/403/168 4466/404/169 4467/405/169
f 4465/403/168 4467/405/169 4468/406/168
f 4469/407/170 4470/408/171 4471/409/171
f 4469/407/170 4471/409/171 4472/410/170
f 4462/400/167 4473/411/172 4474/412/172
f 4462/400/167 4474/412/172 4463/401/167
f 4466/404/169 4461/399/24 4464/402/24
f 4466/404/169 4464/402/24 4467/405/169
f 4470/408/171 4465/403/168 4468/406/168
f 4470/408/171 4468/406/168 4471/409/171
f 4475/413/173 4476/414/174 4477/44/174
f 4475/413/173 4477/44/174 4478/415/173
f 4473/411/172 4475/413/173 4478/415/173
f 4473/411/172 4478/415/173 4474/412/172
f 4479/416/25 4480/417/25 4481/418/175
f 4479/416/25 4481/418/175 4482/419/175
f 4483/420/176 4484/421/176 4485/422/177
f 4483/420/176 4485/422/177 4486/423/177
f 4487/424/178 4488/425/178 4489/426/179
f 4487/424/178 4489/426/179 4490/427/179
f 4482/419/175 4481/418/175 4491/428/180
f 4482/419/175 4491/428/180 4492/429/180
f 4486/423/177 4485/422/177 4480/417/25
f 4486/423/177 4480/417/25 4479/416/25
f 4490/427/179 4489/426/179 4484/421/176
f 4490/427/179 4484/421/176 4483/420/176
f 4493/430/181 4494/431/181 4495/414/182
f 4493/430/181 4495/414/182 4496/44/182
f 4492/429/180 4491/428/180 4494/431/181
f 4492/429/180 4494/431/181 4493/430/181
f 4497/432/12 4498/433/12 4499/434/12
f 4497/432/12 4499/434/12 4500/435/12
f 4501/435/1 4502/434/1 4503/436/1
f 4501/435/1 4503/436/1 4504/432/1
f 4500/435/12 4499/434/12 4505/437/12
f 4500/435/12 4505/437/12 4506/438/12
f 4507/439/1 4508/437/1 4502/434/1
f 4507/439/1 4502/434/1 4501/435/1
f 4506/438/12 4505/437/12 4509/440/12
f 4506/438/12 4509/440/12 4510/441/12
f 4510/441/12 4509/440/12 4511/442/12
f 4510/441/12 4511/442/12 4512/443/12
f 4513/441/1 4514/440/1 4508/437/1
f 4513/441/1 4508/437/1 4507/439/1
f 4515/443/1 4516/442/1 4514/440/1
f 4515/443/1 4514/440/1 4513/441/1
f 4517/443/12 4518/442/12 4519/440/12
f 4517/443/12 4519/440/12 4520/441/12
f 4521/441/1 4522/440/1 4523/442/1
f 4521/441/1 4523/442/1 4524/443/1
f 4520/441/12 4519/440/12 4525/437/12
f 4520/441/12 4525/437/12 4526/438/12
f 4527/438/1 4528/437/1 4522/440/1
f 4527/438/1 4522/440/1 4521/441/1
f 4526/438/12 4525/437/12 4529/434/12
f 4526/438/12 4529/434/12 4530/435/12
f 4531/435/1 4532/434/1 4528/437/1
f 4531/435/1 4528/437/1 4527/438/1
f 4530/435/12 4529/434/12 4533/436/12
f 4530/435/12 4533/436/12 4497/432/12
f 4504/432/1 4503/436/1 4532/434/1
f 4504/432/1 4532/434/1 4531/435/1
f 4534/444/1 4535/445/1 2/2/1
f 4534/444/1 2/2/1 4/3/1
f 4536/446/1 4537/447/1 4535/445/1
f 4536/446/1 4535/445/1 4534/444/1
f 4538/448/1 4537/447/1 4539/449/1
f 4538/448/1 4539/449/1 4540/450/1
f 4535/445/1 4537/447/1 4538/448/1
f 4535/445/1 4538/448/1 4541/444/1
f 4539/449/1 4537/447/1 4536/446/1
f 4539/449/1 4536/446/1 4542/450/1
f 2/2/1 4535/445/1 4541/444/1
f 2/2/1 4541/444/1 3/3/1
f 4543/236/133 4544/237/133 4545/238/134
f 4543/236/133 4545/238/134 4546/239/135
f 4547/240/133 4548/241/133 4549/242/135
f 4547/240/133 4549/242/135 4550/243/134
f 4544/237/133 4551/244/133 4552/245/135
f 4544/237/133 4552/245/135 4545/238/134
f 4553/246/133 4554/247/133 4555/248/135
f 4553/246/133 4555/248/135 4556/249/134
f 4557/250/133 4558/251/133 4559/252/135
f 4557/250/133 4559/252/135 4560/253/134
f 4561/254/133 4562/255/133 4563/256/135
f 4561/254/133 4563/256/135 4564/257/134
f 4565/258/133 4566/259/133 4567/252/135
f 4565/258/133 4567/252/135 4568/260/134
f 4569/261/133 4553/246/133 4556/249/134
f 4569/261/133 4556/249/134 4570/262/135
f 4571/263/133 4547/240/133 4550/243/134
f 4571/263/133 4550/243/134 4572/264/135
f 4573/265/133 4565/258/133 4568/260/134
f 4573/265/133 4568/260/134 4574/266/135
f 4575/267/133 4561/254/133 4564/257/134
f 4575/267/133 4564/257/134 4576/268/135
f 4577/269/22 4578/270/22 4579/271/22
f 4577/269/22 4579/271/22 4580/272/22
f 4581/273/136 4582/274/137 4583/275/138
f 4581/273/136 4583/275/138 4584/276/136
f 4585/237/133 4586/244/139 4587/245/140
f 4585/237/133 4587/245/140 4588/238/134
f 4578/270/22 4589/277/22 4590/278/22
f 4578/270/22 4590/278/22 4579/271/22
f 4591/279/141 4592/280/142 4593/281/143
f 4591/279/141 4593/281/143 4594/282/144
f 4595/283/145 4596/284/143 4597/285/143
f 4595/283/145 4597/285/143 4598/286/144
f 4582/274/137 4595/283/145 4598/286/144
f 4582/274/137 4598/286/144 4583/275/138
f 4599/287/146 4581/273/136 4584/276/136
f 4599/287/146 4584/276/136 4600/288/147
f 4601/289/22 4602/290/22 4603/291/22
f 4601/289/22 4603/291/22 4604/292/22
f 4589/277/22 4601/289/22 4604/292/22
f 4589/277/22 4604/292/22 4590/278/22
f 4602/290/22 4605/293/22 4606/294/22
f 4602/290/22 4606/294/22 4603/291/22
f 4559/252/135 4599/287/146 4600/288/147
f 4559/252/135 4600/288/147 4560/253/134
f 4607/295/136 4608/296/138 4609/297/137
f 4607/295/136 4609/297/137 4610/298/136
f 4611/299/148 4557/250/133 4560/253/134
f 4611/299/148 4560/253/134 4612/300/149
f 4613/301/136 4614/302/137 4608/296/138
f 4613/301/136 4608/296/138 4607/295/136
f 4615/303/136 4616/304/138 4617/305/137
f 4615/303/136 4617/305/137 4618/306/136
f 4619/307/136 4620/308/137 4616/304/138
f 4619/307/136 4616/304/138 4615/303/136
f 4621/309/136 4622/310/138 4623/311/137
f 4621/309/136 4623/311/137 4624/312/136
f 4625/313/136 4626/314/137 4622/310/138
f 4625/313/136 4622/310/138 4621/309/136
f 4627/315/136 4628/316/138 4629/317/137
f 4627/315/136 4629/317/137 4630/318/136
f 4631/319/136 4632/320/137 4628/316/138
f 4631/319/136 4628/316/138 4627/315/136
f 4633/321/136 4634/322/138 4635/323/137
f 4633/321/136 4635/323/137 4636/324/136
f 4637/325/136 4638/326/137 4634/322/138
f 4637/325/136 4634/322/138 4633/321/136
f 4639/295/136 4640/296/138 4641/327/137
f 4639/295/136 4641/327/137 4642/328/136
f 4584/276/136 4583/275/138 4643/329/151
f 4584/276/136 4643/329/151 4644/330/152
f 4545/238/134 4645/331/147 4646/332/146
f 4545/238/134 4646/332/146 4546/239/135
f 4647/301/153 4648/333/154 4640/296/138
f 4647/301/153 4640/296/138 4639/295/136
f 4552/245/135 4649/334/146 4645/331/147
f 4552/245/135 4645/331/147 4545/238/134
f 4564/257/134 4650/335/147 4651/336/146
f 4564/257/134 4651/336/146 4576/268/135
f 4563/256/135 4652/337/146 4650/335/147
f 4563/256/135 4650/335/147 4564/257/134
f 4568/260/134 4653/338/147 4654/339/146
f 4568/260/134 4654/339/146 4574/266/135
f 4567/252/135 4655/337/146 4653/338/147
f 4567/252/135 4653/338/147 4568/260/134
f 4556/249/134 4656/340/147 4657/341/146
f 4556/249/134 4657/341/146 4570/262/135
f 4555/248/135 4658/342/146 4656/340/147
f 4555/248/135 4656/340/147 4556/249/134
f 4550/243/134 4659/343/147 4660/344/146
f 4550/243/134 4660/344/146 4572/264/135
f 4549/242/135 4661/345/146 4659/343/147
f 4549/242/135 4659/343/147 4550/243/134
f 4588/238/134 4662/331/147 4663/346/146
f 4588/238/134 4663/346/146 4664/347/135
f 4560/253/134 4600/288/147 4665/348/155
f 4560/253/134 4665/348/155 4612/300/149
f 4645/331/147 4607/295/136 4610/298/136
f 4645/331/147 4610/298/136 4646/332/146
f 4587/245/140 4666/349/156 4662/331/147
f 4587/245/140 4662/331/147 4588/238/134
f 4649/334/146 4613/301/136 4607/295/136
f 4649/334/146 4607/295/136 4645/331/147
f 4650/335/147 4615/303/136 4618/306/136
f 4650/335/147 4618/306/136 4651/336/146
f 4652/337/146 4619/307/136 4615/303/136
f 4652/337/146 4615/303/136 4650/335/147
f 4653/338/147 4621/309/136 4624/312/136
f 4653/338/147 4624/312/136 4654/339/146
f 4655/337/146 4625/313/136 4621/309/136
f 4655/337/146 4621/309/136 4653/338/147
f 4656/340/147 4627/315/136 4630/318/136
f 4656/340/147 4630/318/136 4657/341/146
f 4658/342/146 4631/319/136 4627/315/136
f 4658/342/146 4627/315/136 4656/340/147
f 4659/343/147 4633/321/136 4636/324/136
f 4659/343/147 4636/324/136 4660/344/146
f 4661/345/146 4637/325/136 4633/321/136
f 4661/345/146 4633/321/136 4659/343/147
f 4662/331/147 4639/295/136 4642/328/136
f 4662/331/147 4642/328/136 4663/346/146
f 4600/288/147 4584/276/136 4644/330/152
f 4600/288/147 4644/330/152 4665/348/155
f 4608/296/138 4667/350/144 4668/351/145
f 4608/296/138 4668/351/145 4609/297/137
f 4666/349/156 4647/301/153 4639/295/136
f 4666/349/156 4639/295/136 4662/331/147
f 4614/302/137 4669/352/145 4667/350/144
f 4614/302/137 4667/350/144 4608/296/138
f 4616/304/138 4670/353/144 4671/354/145
f 4616/304/138 4671/354/145 4617/305/137
f 4620/308/137 4672/355/145 4670/353/144
f 4620/308/137 4670/353/144 4616/304/138
f 4622/310/138 4673/356/144 4674/357/145
f 4622/310/138 4674/357/145 4623/311/137
f 4626/314/137 4675/358/145 4673/356/144
f 4626/314/137 4673/356/144 4622/310/138
f 4628/316/138 4676/359/144 4677/360/145
f 4628/316/138 4677/360/145 4629/317/137
f 4632/320/137 4678/361/145 4676/359/144
f 4632/320/137 4676/359/144 4628/316/138
f 4634/322/138 4679/362/144 4680/363/145
f 4634/322/138 4680/363/145 4635/323/137
f 4638/326/137 4681/352/145 4679/362/144
f 4638/326/137 4679/362/144 4634/322/138
f 4640/296/138 4594/282/144 4682/364/145
f 4640/296/138 4682/364/145 4641/327/137
f 4583/275/138 4598/286/144 4683/365/157
f 4583/275/138 4683/365/157 4643/329/151
f 4667/350/144 4684/281/143 4685/366/143
f 4667/350/144 4685/366/143 4668/351/145
f 4648/333/154 4591/279/141 4594/282/144
f 4648/333/154 4594/282/144 4640/296/138
f 4669/352/145 4686/280/143 4684/281/143
f 4669/352/145 4684/281/143 4667/350/144
f 4670/353/144 4687/367/143 4688/368/143
f 4670/353/144 4688/368/143 4671/354/145
f 4672/355/145 4689/369/143 4687/367/143
f 4672/355/145 4687/367/143 4670/353/144
f 4673/356/144 4690/370/143 4691/371/143
f 4673/356/144 4691/371/143 4674/357/145
f 4675/358/145 4692/372/143 4690/370/143
f 4675/358/145 4690/370/143 4673/356/144
f 4676/359/144 4693/373/143 4694/374/143
f 4676/359/144 4694/374/143 4677/360/145
f 4678/361/145 4695/375/143 4693/373/143
f 4678/361/145 4693/373/143 4676/359/144
f 4679/362/144 4696/376/143 4697/377/143
f 4679/362/144 4697/377/143 4680/363/145
f 4681/352/145 4698/378/143 4696/376/143
f 4681/352/145 4696/376/143 4679/362/144
f 4594/282/144 4593/281/143 4699/379/143
f 4594/282/144 4699/379/143 4682/364/145
f 4598/286/144 4597/285/143 4700/380/158
f 4598/286/144 4700/380/158 4683/365/157
f 4701/263/133 4585/237/133 4588/238/134
f 4701/263/133 4588/238/134 4664/347/135
f 4702/236/108 4703/237/108 4704/238/109
f 4702/236/108 4704/238/109 4705/239/110
f 4706/240/108 4707/241/108 4708/242/110
f 4706/240/108 4708/242/110 4709/243/109
f 4703/237/108 4710/244/108 4711/245/110
f 4703/237/108 4711/245/110 4704/238/109
f 4712/246/108 4713/247/108 4714/248/110
f 4712/246/108 4714/248/110 4715/249/109
f 4716/250/108 4717/251/108 4718/252/110
f 4716/250/108 4718/252/110 4719/253/109
f 4720/254/108 4721/255/108 4722/256/110
f 4720/254/108 4722/256/110 4723/257/109
f 4724/258/108 4725/259/108 4726/252/110
f 4724/258/108 4726/252/110 4727/260/109
f 4728/261/108 4712/246/108 4715/249/109
f 4728/261/108 4715/249/109 4729/262/110
f 4730/263/108 4706/240/108 4709/243/109
f 4730/263/108 4709/243/109 4731/264/110
f 4732/265/108 4724/258/108 4727/260/109
f 4732/265/108 4727/260/109 4733/266/110
f 4734/267/108 4720/254/108 4723/257/109
f 4734/267/108 4723/257/109 4735/268/110
f 4736/290/22 4737/291/22 4738/294/22
f 4736/290/22 4738/294/22 4739/293/22
f 4740/273/111 4741/274/112 4742/275/113
f 4740/273/111 4742/275/113 4743/276/111
f 4744/237/108 4745/244/114 4746/245/115
f 4744/237/108 4746/245/115 4747/238/109
f 4748/277/22 4749/278/22 4750/292/22
f 4748/277/22 4750/292/22 4751/289/22
f 4752/279/116 4753/280/117 4754/281/118
f 4752/279/116 4754/281/118 4755/282/119
f 4756/283/120 4757/284/118 4758/285/118
f 4756/283/120 4758/285/118 4759/286/119
f 4741/274/112 4756/283/120 4759/286/119
f 4741/274/112 4759/286/119 4742/275/113
f 4760/287/121 4740/273/111 4743/276/111
f 4760/287/121 4743/276/111 4761/288/122
f 4751/289/22 4750/292/22 4737/291/22
f 4751/289/22 4737/291/22 4736/290/22
f 4578/270/22 4762/271/22 4749/278/22
f 4578/270/22 4749/278/22 4748/277/22
f 4577/269/22 4763/272/22 4762/271/22
f 4577/269/22 4762/271/22 4578/270/22
f 4718/252/110 4760/287/121 4761/288/122
f 4718/252/110 4761/288/122 4719/253/109
f 4764/295/111 4765/296/113 4766/297/112
f 4764/295/111 4766/297/112 4767/298/111
f 4768/299/123 4716/250/108 4719/253/109
f 4768/299/123 4719/253/109 4769/300/124
f 4770/301/111 4771/302/183 4765/296/113
f 4770/301/111 4765/296/113 4764/295/111
f 4772/303/111 4773/304/113 4774/305/183
f 4772/303/111 4774/305/183 4775/306/111
f 4776/307/111 4777/308/112 4773/304/113
f 4776/307/111 4773/304/113 4772/303/111
f 4778/309/111 4779/310/113 4780/311/112
f 4778/309/111 4780/311/112 4781/312/111
f 4782/313/111 4783/314/112 4779/310/113
f 4782/313/111 4779/310/113 4778/309/111
f 4784/315/111 4785/316/113 4786/317/112
f 4784/315/111 4786/317/112 4787/318/111
f 4788/319/111 4789/320/112 4785/316/113
f 4788/319/111 4785/316/113 4784/315/111
f 4790/321/111 4791/322/113 4792/323/112
f 4790/321/111 4792/323/112 4793/324/111
f 4794/325/111 4795/326/183 4791/322/113
f 4794/325/111 4791/322/113 4790/321/111
f 4796/295/111 4797/296/113 4798/327/183
f 4796/295/111 4798/327/183 4799/328/111
f 4743/276/111 4742/275/113 4800/329/125
f 4743/276/111 4800/329/125 4801/330/126
f 4704/238/109 4802/331/122 4803/332/121
f 4704/238/109 4803/332/121 4705/239/110
f 4804/301/127 4805/333/128 4797/296/113
f 4804/301/127 4797/296/113 4796/295/111
f 4711/245/110 4806/334/121 4802/331/122
f 4711/245/110 4802/331/122 4704/238/109
f 4723/257/109 4807/335/122 4808/336/121
f 4723/257/109 4808/336/121 4735/268/110
f 4722/256/110 4809/337/121 4807/335/122
f 4722/256/110 4807/335/122 4723/257/109
f 4727/260/109 4810/338/122 4811/339/121
f 4727/260/109 4811/339/121 4733/266/110
f 4726/252/110 4812/337/121 4810/338/122
f 4726/252/110 4810/338/122 4727/260/109
f 4715/249/109 4813/340/122 4814/341/121
f 4715/249/109 4814/341/121 4729/262/110
f 4714/248/110 4815/342/121 4813/340/122
f 4714/248/110 4813/340/122 4715/249/109
f 4709/243/109 4816/343/122 4817/344/121
f 4709/243/109 4817/344/121 4731/264/110
f 4708/242/110 4818/345/121 4816/343/122
f 4708/242/110 4816/343/122 4709/243/109
f 4747/238/109 4819/331/122 4820/346/121
f 4747/238/109 4820/346/121 4821/347/110
f 4719/253/109 4761/288/122 4822/348/129
f 4719/253/109 4822/348/129 4769/300/124
f 4802/331/122 4764/295/111 4767/298/111
f 4802/331/122 4767/298/111 4803/332/121
f 4746/245/115 4823/349/130 4819/331/122
f 4746/245/115 4819/331/122 4747/238/109
f 4806/334/121 4770/301/111 4764/295/111
f 4806/334/121 4764/295/111 4802/331/122
f 4807/335/122 4772/303/111 4775/306/111
f 4807/335/122 4775/306/111 4808/336/121
f 4809/337/121 4776/307/111 4772/303/111
f 4809/337/121 4772/303/111 4807/335/122
f 4810/338/122 4778/309/111 4781/312/111
f 4810/338/122 4781/312/111 4811/339/121
f 4812/337/121 4782/313/111 4778/309/111
f 4812/337/121 4778/309/111 4810/338/122
f 4813/340/122 4784/315/111 4787/318/111
f 4813/340/122 4787/318/111 4814/341/121
f 4815/342/121 4788/319/111 4784/315/111
f 4815/342/121 4784/315/111 4813/340/122
f 4816/343/122 4790/321/111 4793/324/111
f 4816/343/122 4793/324/111 4817/344/121
f 4818/345/121 4794/325/111 4790/321/111
f 4818/345/121 4790/321/111 4816/343/122
f 4819/331/122 4796/295/111 4799/328/111
f 4819/331/122 4799/328/111 4820/346/121
f 4761/288/122 4743/276/111 4801/330/126
f 4761/288/122 4801/330/126 4822/348/129
f 4765/296/113 4824/350/119 4825/351/120
f 4765/296/113 4825/351/120 4766/297/112
f 4823/349/130 4804/301/127 4796/295/111
f 4823/349/130 4796/295/111 4819/331/122
f 4771/302/183 4826/352/120 4824/350/119
f 4771/302/183 4824/350/119 4765/296/113
f 4773/304/113 4827/353/119 4828/354/120
f 4773/304/113 4828/354/120 4774/305/183
f 4777/308/112 4829/355/120 4827/353/119
f 4777/308/112 4827/353/119 4773/304/113
f 4779/310/113 4830/356/119 4831/357/120
f 4779/310/113 4831/357/120 4780/311/112
f 4783/314/112 4832/358/120 4830/356/119
f 4783/314/112 4830/356/119 4779/310/113
f 4785/316/113 4833/359/119 4834/360/120
f 4785/316/113 4834/360/120 4786/317/112
f 4789/320/112 4835/361/120 4833/359/119
f 4789/320/112 4833/359/119 4785/316/113
f 4791/322/113 4836/362/119 4837/363/120
f 4791/322/113 4837/363/120 4792/323/112
f 4795/326/183 4838/352/120 4836/362/119
f 4795/326/183 4836/362/119 4791/322/113
f 4797/296/113 4755/282/119 4839/364/120
f 4797/296/113 4839/364/120 4798/327/183
f 4742/275/113 4759/286/119 4840/365/131
f 4742/275/113 4840/365/131 4800/329/125
f 4824/350/119 4841/281/118 4842/366/118
f 4824/350/119 4842/366/118 4825/351/120
f 4805/333/128 4752/279/116 4755/282/119
f 4805/333/128 4755/282/119 4797/296/113
f 4826/352/120 4843/280/118 4841/281/118
f 4826/352/120 4841/281/118 4824/350/119
f 4827/353/119 4844/367/118 4845/368/118
f 4827/353/119 4845/368/118 4828/354/120
f 4829/355/120 4846/369/118 4844/367/118
f 4829/355/120 4844/367/118 4827/353/119
f 4830/356/119 4847/370/118 4848/371/118
f 4830/356/119 4848/371/118 4831/357/120
f 4832/358/120 4849/372/118 4847/370/118
f 4832/358/120 4847/370/118 4830/356/119
f 4833/359/119 4850/373/118 4851/374/118
f 4833/359/119 4851/374/118 4834/360/120
f 4835/361/120 4852/375/118 4850/373/118
f 4835/361/120 4850/373/118 4833/359/119
f 4836/362/119 4853/376/118 4854/377/118
f 4836/362/119 4854/377/118 4837/363/120
f 4838/352/120 4855/378/118 4853/376/118
f 4838/352/120 4853/376/118 4836/362/119
f 4755/282/119 4754/281/118 4856/379/118
f 4755/282/119 4856/379/118 4839/364/120
f 4759/286/119 4758/285/118 4857/380/132
f 4759/286/119 4857/380/132 4840/365/131
f 4858/263/108 4744/237/108 4747/238/109
f 4858/263/108 4747/238/109 4821/347/110
f 4859/236/56 4860/237/56 4861/238/57
f 4859/236/56 4861/238/57 4862/239/58
f 4860/237/56 4863/244/56 4864/245/58
f 4860/237/56 4864/245/58 4861/238/57
f 4865/250/62 4866/251/56 4867/252/58
f 4865/250/62 4867/252/58 4868/253/184
f 4869/254/56 4870/255/56 4871/256/58
f 4869/254/56 4871/256/58 4872/257/57
f 4873/258/56 4874/259/62 4875/252/63
f 4873/258/56 4875/252/63 4876/260/57
f 4877/265/56 4873/258/56 4876/260/57
f 4877/265/56 4876/260/57 4878/266/58
f 4879/267/56 4869/254/56 4872/257/57
f 4879/267/56 4872/257/57 4880/268/58
f 4881/273/59 4882/274/73 4883/275/185
f 4881/273/59 4883/275/185 4884/276/76
f 4885/283/68 4886/284/66 4887/285/65
f 4885/283/68 4887/285/65 4888/286/186
f 4882/274/73 4885/283/68 4888/286/186
f 4882/274/73 4888/286/186 4883/275/185
f 4889/287/69 4881/273/59 4884/276/76
f 4889/287/69 4884/276/76 4890/288/187
f 4867/252/58 4889/287/69 4890/288/187
f 4867/252/58 4890/288/187 4868/253/184
f 4891/295/59 4892/296/61 4893/297/73
f 4891/295/59 4893/297/73 4894/298/59
f 4895/301/59 4896/302/73 4892/296/61
f 4895/301/59 4892/296/61 4891/295/59
f 4897/303/59 4898/304/61 4899/305/73
f 4897/303/59 4899/305/73 4900/306/59
f 4901/307/59 4902/308/73 4898/304/61
f 4901/307/59 4898/304/61 4897/303/59
f 4903/309/59 4904/310/61 4905/311/73
f 4903/309/59 4905/311/73 4906/312/59
f 4907/313/76 4908/314/77 4904/310/61
f 4907/313/76 4904/310/61 4903/309/59
f 4861/238/57 4909/331/70 4910/332/69
f 4861/238/57 4910/332/69 4862/239/58
f 4864/245/58 4911/334/69 4909/331/70
f 4864/245/58 4909/331/70 4861/238/57
f 4872/257/57 4912/335/70 4913/336/69
f 4872/257/57 4913/336/69 4880/268/58
f 4871/256/58 4914/337/69 4912/335/70
f 4871/256/58 4912/335/70 4872/257/57
f 4876/260/57 4915/338/70 4916/339/69
f 4876/260/57 4916/339/69 4878/266/58
f 4875/252/63 4917/337/79 4915/338/70
f 4875/252/63 4915/338/70 4876/260/57
f 4909/331/70 4891/295/59 4894/298/59
f 4909/331/70 4894/298/59 4910/332/69
f 4911/334/69 4895/301/59 4891/295/59
f 4911/334/69 4891/295/59 4909/331/70
f 4912/335/70 4897/303/59 4900/306/59
f 4912/335/70 4900/306/59 4913/336/69
f 4914/337/69 4901/307/59 4897/303/59
f 4914/337/69 4897/303/59 4912/335/70
f 4915/338/70 4903/309/59 4906/312/59
f 4915/338/70 4906/312/59 4916/339/69
f 4917/337/79 4907/313/76 4903/309/59
f 4917/337/79 4903/309/59 4915/338/70
f 4892/296/61 4918/350/67 4919/351/68
f 4892/296/61 4919/351/68 4893/297/73
f 4896/302/73 4920/352/68 4918/350/67
f 4896/302/73 4918/350/67 4892/296/61
f 4898/304/61 4921/353/67 4922/354/68
f 4898/304/61 4922/354/68 4899/305/73
f 4902/308/73 4923/355/68 4921/353/67
f 4902/308/73 4921/353/67 4898/304/61
f 4904/310/61 4924/356/67 4925/357/68
f 4904/310/61 4925/357/68 4905/311/73
f 4908/314/77 4926/358/64 4924/356/67
f 4908/314/77 4924/356/67 4904/310/61
f 4918/350/67 4927/281/66 4928/366/66
f 4918/350/67 4928/366/66 4919/351/68
f 4920/352/68 4929/280/66 4927/281/66
f 4920/352/68 4927/281/66 4918/350/67
f 4921/353/67 4930/367/66 4931/368/66
f 4921/353/67 4931/368/66 4922/354/68
f 4923/355/68 4932/369/66 4930/367/66
f 4923/355/68 4930/367/66 4921/353/67
f 4924/356/67 4933/370/66 4934/371/66
f 4924/356/67 4934/371/66 4925/357/68
f 4926/358/64 4935/372/65 4933/370/66
f 4926/358/64 4933/370/66 4924/356/67
f 4936/240/82 4937/241/82 4938/242/84
f 4936/240/82 4938/242/84 4939/243/83
f 4940/246/82 4941/247/82 4942/248/84
f 4940/246/82 4942/248/84 4943/249/83
f 4944/258/82 4945/259/82 4946/252/84
f 4944/258/82 4946/252/84 4947/260/83
f 4948/261/82 4940/246/82 4943/249/83
f 4948/261/82 4943/249/83 4949/262/84
f 4950/263/82 4936/240/82 4939/243/83
f 4950/263/82 4939/243/83 4951/264/84
f 4952/265/97 4944/258/82 4947/260/83
f 4952/265/97 4947/260/83 4953/266/98
f 4954/309/85 4955/310/87 4956/311/100
f 4954/309/85 4956/311/100 4957/312/101
f 4958/313/85 4959/314/86 4955/310/87
f 4958/313/85 4955/310/87 4954/309/85
f 4960/315/85 4961/316/87 4962/317/86
f 4960/315/85 4962/317/86 4963/318/85
f 4964/319/85 4965/320/86 4961/316/87
f 4964/319/85 4961/316/87 4960/315/85
f 4966/321/85 4967/322/87 4968/323/86
f 4966/321/85 4968/323/86 4969/324/85
f 4970/325/85 4971/326/86 4967/322/87
f 4970/325/85 4967/322/87 4966/321/85
f 4972/295/101 4973/296/188 4974/327/86
f 4972/295/101 4974/327/86 4975/328/85
f 4947/260/83 4976/338/96 4977/339/104
f 4947/260/83 4977/339/104 4953/266/98
f 4946/252/84 4978/337/95 4976/338/96
f 4946/252/84 4976/338/96 4947/260/83
f 4943/249/83 4979/340/96 4980/341/95
f 4943/249/83 4980/341/95 4949/262/84
f 4942/248/84 4981/342/95 4979/340/96
f 4942/248/84 4979/340/96 4943/249/83
f 4939/243/83 4982/343/96 4983/344/95
f 4939/243/83 4983/344/95 4951/264/84
f 4938/242/84 4984/345/95 4982/343/96
f 4938/242/84 4982/343/96 4939/243/83
f 4985/238/189 4986/331/190 4987/346/95
f 4985/238/189 4987/346/95 4988/347/84
f 4976/338/96 4954/309/85 4957/312/101
f 4976/338/96 4957/312/101 4977/339/104
f 4978/337/95 4958/313/85 4954/309/85
f 4978/337/95 4954/309/85 4976/338/96
f 4979/340/96 4960/315/85 4963/318/85
f 4979/340/96 4963/318/85 4980/341/95
f 4981/342/95 4964/319/85 4960/315/85
f 4981/342/95 4960/315/85 4979/340/96
f 4982/343/96 4966/321/85 4969/324/85
f 4982/343/96 4969/324/85 4983/344/95
f 4984/345/95 4970/325/85 4966/321/85
f 4984/345/95 4966/321/85 4982/343/96
f 4986/331/190 4972/295/101 4975/328/85
f 4986/331/190 4975/328/85 4987/346/95
f 4955/310/87 4989/356/93 4990/357/106
f 4955/310/87 4990/357/106 4956/311/100
f 4959/314/86 4991/358/94 4989/356/93
f 4959/314/86 4989/356/93 4955/310/87
f 4961/316/87 4992/359/93 4993/360/94
f 4961/316/87 4993/360/94 4962/317/86
f 4965/320/86 4994/361/94 4992/359/93
f 4965/320/86 4992/359/93 4961/316/87
f 4967/322/87 4995/362/93 4996/363/94
f 4967/322/87 4996/363/94 4968/323/86
f 4971/326/86 4997/352/94 4995/362/93
f 4971/326/86 4995/362/93 4967/322/87
f 4973/296/188 4998/282/191 4999/364/94
f 4973/296/188 4999/364/94 4974/327/86
f 4989/356/93 5000/370/92 5001/371/107
f 4989/356/93 5001/371/107 4990/357/106
f 4991/358/94 5002/372/92 5000/370/92
f 4991/358/94 5000/370/92 4989/356/93
f 4992/359/93 5003/373/92 5004/374/92
f 4992/359/93 5004/374/92 4993/360/94
f 4994/361/94 5005/375/92 5003/373/92
f 4994/361/94 5003/373/92 4992/359/93
f 4995/362/93 5006/376/92 5007/377/92
f 4995/362/93 5007/377/92 4996/363/94
f 4997/352/94 5008/378/92 5006/376/92
f 4997/352/94 5006/376/92 4995/362/93
f 4998/282/191 5009/281/107 5010/379/92
f 4998/282/191 5010/379/92 4999/364/94
f 5011/263/82 5012/237/97 4985/238/189
f 5011/263/82 4985/238/189 4988/347/84
f 5013/236/56 5014/237/56 5015/238/57
f 5013/236/56 5015/238/57 5016/239/58
f 5014/237/56 5017/244/56 5018/245/58
f 5014/237/56 5018/245/58 5015/238/57
f 5019/250/62 5020/251/56 5021/252/58
f 5019/250/62 5021/252/58 5022/253/184
f 5023/254/56 5024/255/56 5025/256/58
f 5023/254/56 5025/256/58 5026/257/57
f 5027/258/56 5028/259/62 5029/252/63
f 5027/258/56 5029/252/63 5030/260/57
f 5031/265/56 5027/258/56 5030/260/57
f 5031/265/56 5030/260/57 5032/266/58
f 5033/267/56 5023/254/56 5026/257/57
f 5033/267/56 5026/257/57 5034/268/58
f 5035/273/59 5036/274/73 5037/275/185
f 5035/273/59 5037/275/185 5038/276/76
f 5039/283/68 5040/284/66 5041/285/65
f 5039/283/68 5041/285/65 5042/286/186
f 5036/274/73 5039/283/68 5042/286/186
f 5036/274/73 5042/286/186 5037/275/185
f 5043/287/69 5035/273/59 5038/276/76
f 5043/287/69 5038/276/76 5044/288/187
f 5021/252/58 5043/287/69 5044/288/187
f 5021/252/58 5044/288/187 5022/253/184
f 5045/295/59 5046/296/61 5047/297/73
f 5045/295/59 5047/297/73 5048/298/59
f 5049/301/59 5050/302/73 5046/296/61
f 5049/301/59 5046/296/61 5045/295/59
f 5051/303/59 5052/304/61 5053/305/73
f 5051/303/59 5053/305/73 5054/306/59
f 5055/307/59 5056/308/73 5052/304/61
f 5055/307/59 5052/304/61 5051/303/59
f 5057/309/59 5058/310/61 5059/311/73
f 5057/309/59 5059/311/73 5060/312/59
f 5061/313/76 5062/314/77 5058/310/61
f 5061/313/76 5058/310/61 5057/309/59
f 5015/238/57 5063/331/70 5064/332/69
f 5015/238/57 5064/332/69 5016/239/58
f 5018/245/58 5065/334/69 5063/331/70
f 5018/245/58 5063/331/70 5015/238/57
f 5026/257/57 5066/335/70 5067/336/69
f 5026/257/57 5067/336/69 5034/268/58
f 5025/256/58 5068/337/69 5066/335/70
f 5025/256/58 5066/335/70 5026/257/57
f 5030/260/57 5069/338/70 5070/339/69
f 5030/260/57 5070/339/69 5032/266/58
f 5029/252/63 5071/337/79 5069/338/70
f 5029/252/63 5069/338/70 5030/260/57
f 5063/331/70 5045/295/59 5048/298/59
f 5063/331/70 5048/298/59 5064/332/69
f 5065/334/69 5049/301/59 5045/295/59
f 5065/334/69 5045/295/59 5063/331/70
f 5066/335/70 5051/303/59 5054/306/59
f 5066/335/70 5054/306/59 5067/336/69
f 5068/337/69 5055/307/59 5051/303/59
f 5068/337/69 5051/303/59 5066/335/70
f 5069/338/70 5057/309/59 5060/312/59
f 5069/338/70 5060/312/59 5070/339/69
f 5071/337/79 5061/313/76 5057/309/59
f 5071/337/79 5057/309/59 5069/338/70
f 5046/296/61 5072/350/67 5073/351/68
f 5046/296/61 5073/351/68 5047/297/73
f 5050/302/73 5074/352/68 5072/350/67
f 5050/302/73 5072/350/67 5046/296/61
f 5052/304/61 5075/353/67 5076/354/68
f 5052/304/61 5076/354/68 5053/305/73
f 5056/308/73 5077/355/68 5075/353/67
f 5056/308/73 5075/353/67 5052/304/61
f 5058/310/61 5078/356/67 5079/357/68
f 5058/310/61 5079/357/68 5059/311/73
f 5062/314/77 5080/358/64 5078/356/67
f 5062/314/77 5078/356/67 5058/310/61
f 5072/350/67 5081/281/66 5082/366/66
f 5072/350/67 5082/366/66 5073/351/68
f 5074/352/68 5083/280/66 5081/281/66
f 5074/352/68 5081/281/66 5072/350/67
f 5075/353/67 5084/367/66 5085/368/66
f 5075/353/67 5085/368/66 5076/354/68
f 5077/355/68 5086/369/66 5084/367/66
f 5077/355/68 5084/367/66 5075/353/67
f 5078/356/67 5087/370/66 5088/371/66
f 5078/356/67 5088/371/66 5079/357/68
f 5080/358/64 5089/372/65 5087/370/66
f 5080/358/64 5087/370/66 5078/356/67
f 5090/240/82 5091/241/82 5092/242/84
f 5090/240/82 5092/242/84 5093/243/83
f 5094/246/82 5095/247/82 5096/248/84
f 5094/246/82 5096/248/84 5097/249/83
f 5098/258/82 5099/259/82 5100/252/84
f 5098/258/82 5100/252/84 5101/260/83
f 5102/261/82 5094/246/82 5097/249/83
f 5102/261/82 5097/249/83 5103/262/84
f 5104/263/82 5090/240/82 5093/243/83
f 5104/263/82 5093/243/83 5105/264/84
f 5106/265/97 5098/258/82 5101/260/83
f 5106/265/97 5101/260/83 5107/266/98
f 5108/309/85 5109/310/87 5110/311/100
f 5108/309/85 5110/311/100 5111/312/101
f 5112/313/85 5113/314/86 5109/310/87
f 5112/313/85 5109/310/87 5108/309/85
f 5114/315/85 5115/316/87 5116/317/86
f 5114/315/85 5116/317/86 5117/318/85
f 5118/319/85 5119/320/86 5115/316/87
f 5118/319/85 5115/316/87 5114/315/85
f 5120/321/85 5121/322/87 5122/323/86
f 5120/321/85 5122/323/86 5123/324/85
f 5124/325/85 5125/326/99 5121/322/87
f 5124/325/85 5121/322/87 5120/321/85
f 5126/295/101 5127/296/188 5128/327/99
f 5126/295/101 5128/327/99 5129/328/85
f 5101/260/83 5130/338/96 5131/339/104
f 5101/260/83 5131/339/104 5107/266/98
f 5100/252/84 5132/337/95 5130/338/96
f 5100/252/84 5130/338/96 5101/260/83
f 5097/249/83 5133/340/96 5134/341/95
f 5097/249/83 5134/341/95 5103/262/84
f 5096/248/84 5135/342/95 5133/340/96
f 5096/248/84 5133/340/96 5097/249/83
f 5093/243/83 5136/343/96 5137/344/95
f 5093/243/83 5137/344/95 5105/264/84
f 5092/242/84 5138/345/95 5136/343/96
f 5092/242/84 5136/343/96 5093/243/83
f 5139/238/189 5140/331/190 5141/346/95
f 5139/238/189 5141/346/95 5142/347/84
f 5130/338/96 5108/309/85 5111/312/101
f 5130/338/96 5111/312/101 5131/339/104
f 5132/337/95 5112/313/85 5108/309/85
f 5132/337/95 5108/309/85 5130/338/96
f 5133/340/96 5114/315/85 5117/318/85
f 5133/340/96 5117/318/85 5134/341/95
f 5135/342/95 5118/319/85 5114/315/85
f 5135/342/95 5114/315/85 5133/340/96
f 5136/343/96 5120/321/85 5123/324/85
f 5136/343/96 5123/324/85 5137/344/95
f 5138/345/95 5124/325/85 5120/321/85
f 5138/345/95 5120/321/85 5136/343/96
f 5140/331/190 5126/295/101 5129/328/85
f 5140/331/190 5129/328/85 5141/346/95
f 5109/310/87 5143/356/93 5144/357/106
f 5109/310/87 5144/357/106 5110/311/100
f 5113/314/86 5145/358/94 5143/356/93
f 5113/314/86 5143/356/93 5109/310/87
f 5115/316/87 5146/359/93 5147/360/94
f 5115/316/87 5147/360/94 5116/317/86
f 5119/320/86 5148/361/94 5146/359/93
f 5119/320/86 5146/359/93 5115/316/87
f 5121/322/87 5149/362/93 5150/363/94
f 5121/322/87 5150/363/94 5122/323/86
f 5125/326/99 5151/352/94 5149/362/93
f 5125/326/99 5149/362/93 5121/322/87
f 5127/296/188 5152/282/191 5153/364/94
f 5127/296/188 5153/364/94 5128/327/99
f 5143/356/93 5154/370/92 5155/371/107
f 5143/356/93 5155/371/107 5144/357/106
f 5145/358/94 5156/372/92 5154/370/92
f 5145/358/94 5154/370/92 5143/356/93
f 5146/359/93 5157/373/92 5158/374/92
f 5146/359/93 5158/374/92 5147/360/94
f 5148/361/94 5159/375/92 5157/373/92
f 5148/361/94 5157/373/92 5146/359/93
f 5149/362/93 5160/376/92 5161/377/92
f 5149/362/93 5161/377/92 5150/363/94
f 5151/352/94 5162/378/92 5160/376/92
f 5151/352/94 5160/376/92 5149/362/93
f 5152/282/191 5163/281/107 5164/379/92
f 5152/282/191 5164/379/92 5153/364/94
f 5165/263/82 5166/237/97 5139/238/189
f 5165/263/82 5139/238/189 5142/347/84
f 5167/451/192 5168/452/192 5169/453/193
f 5167/451/192 5169/453/193 5170/454/193
f 5171/451/194 5172/452/194 5173/453/195
f 5171/451/194 5173/453/195 5174/454/195
f 5168/452/196 5175/451/196 5176/454/197
f 5168/452/196 5176/454/197 5169/453/197
f 5177/455/23 5178/456/23 5179/457/23
f 5177/455/23 5179/457/23 5180/458/23
f 5181/459/1 5182/456/1 5183/457/1
f 5181/459/1 5183/457/1 5184/460/1
f 5185/456/12 5186/459/12 5187/460/12
f 5185/456/12 5187/460/12 5188/457/12
f 5182/456/22 5189/455/22 5190/458/22
f 5182/456/22 5190/458/22 5183/457/22
f 5191/461/24 5192/462/24 5193/463/24
f 5191/461/24 5193/463/24 5194/464/24
f 5195/465/23 5196/466/23 5197/467/23
f 5195/465/23 5197/467/23 5198/468/23
f 5199/466/25 5200/469/25 5201/470/25
f 5199/466/25 5201/470/25 5202/471/25
f 5203/471/24 5196/466/24 5204/469/24
f 5203/471/24 5204/469/24 5205/470/24
f 5206/467/22 5207/468/22 5200/469/22
f 5206/467/22 5200/469/22 5199/466/22
f 5208/465/23 5209/466/23 5210/467/23
f 5208/465/23 5210/467/23 5211/468/23
f 5212/466/25 5213/469/25 5214/470/25
f 5212/466/25 5214/470/25 5215/471/25
f 5216/471/24 5209/466/24 5217/469/24
f 5216/471/24 5217/469/24 5218/470/24
f 5219/467/22 5220/468/22 5213/469/22
f 5219/467/22 5213/469/22 5212/466/22
f 5221/465/1 5222/466/1 5223/467/1
f 5221/465/1 5223/467/1 5224/468/1
f 5225/466/25 5226/469/25 5227/470/25
f 5225/466/25 5227/470/25 5228/471/25
f 5229/471/24 5222/466/24 5230/469/24
f 5229/471/24 5230/469/24 5231/470/24
f 5232/467/12 5233/468/12 5226/469/12
f 5232/467/12 5226/469/12 5225/466/12
f 5234/465/23 5235/466/23 5236/467/23
f 5234/465/23 5236/467/23 5237/468/23
f 5238/466/25 5239/469/25 5240/470/25
f 5238/466/25 5240/470/25 5241/471/25
f 5242/471/24 5235/466/24 5243/469/24
f 5242/471/24 5243/469/24 5244/470/24
f 5245/467/22 5246/468/22 5239/469/22
f 5245/467/22 5239/469/22 5238/466/22
f 5247/465/1 5248/466/1 5249/467/1
f 5247/465/1 5249/467/1 5250/468/1
f 5251/466/25 5252/469/25 5253/470/25
f 5251/466/25 5253/470/25 5254/471/25
f 5255/471/24 5248/466/24 5256/469/24
f 5255/471/24 5256/469/24 5257/470/24
f 5258/467/12 5259/468/12 5252/469/12
f 5258/467/12 5252/469/12 5251/466/12
f 5260/465/22 5261/466/22 5262/467/22
f 5260/465/22 5262/467/22 5263/468/22
f 5264/466/25 5265/469/25 5266/470/25
f 5264/466/25 5266/470/25 5267/471/25
f 5268/471/24 5261/466/24 5269/469/24
f 5268/471/24 5269/469/24 5270/470/24
f 5271/467/23 5272/468/23 5265/469/23
f 5271/467/23 5265/469/23 5264/466/23
f 5273/465/22 5274/466/22 5275/467/22
f 5273/465/22 5275/467/22 5276/468/22
f 5277/466/25 5278/469/25 5279/470/25
f 5277/466/25 5279/470/25 5280/471/25
f 5281/471/24 5274/466/24 5282/469/24
f 5281/471/24 5282/469/24 5283/470/24
f 5284/467/23 5285/468/23 5278/469/23
f 5284/467/23 5278/469/23 5277/466/23
f 5286/472/24 5287/473/24 5288/474/24
f 5286/472/24 5288/474/24 5289/475/24
f 5290/472/25 5291/475/25 5292/474/25
f 5290/472/25 5292/474/25 5293/473/25
f 5294/476/22 5295/477/22 5296/478/22
f 5294/476/22 5296/478/22 5297/479/22
f 5298/480/22 5299/477/22 5300/478/22
f 5298/480/22 5300/478/22 5301/481/22
f 5302/480/22 5303/477/22 5304/478/22
f 5302/480/22 5304/478/22 5305/481/22
f 5306/472/25 5307/482/25 5308/483/25
f 5306/472/25 5308/483/25 5309/473/25
f 5310/472/25 5311/482/25 5312/483/25
f 5310/472/25 5312/483/25 5313/473/25
f 5314/472/24 5315/473/24 5316/483/24
f 5314/472/24 5316/483/24 5317/482/24
f 5318/472/24 5319/473/24 5320/483/24
f 5318/472/24 5320/483/24 5321/482/24
f 5322/484/198 5323/485/22 5324/486/22
f 5322/484/198 5324/486/22 5325/487/198
f 5326/484/198 5327/485/22 5328/486/22
f 5326/484/198 5328/486/22 5329/487/198
f 5330/488/199 5331/489/200 5332/490/201
f 5330/488/199 5332/490/201 5333/491/202
f 5334/488/199 5335/492/12 5336/493/12
f 5334/488/199 5336/493/12 5337/489/200
f 5338/473/24 5339/483/24 5340/494/24
f 5338/473/24 5340/494/24 5341/495/24
f 5342/492/12 5343/493/12 5331/489/200
f 5342/492/12 5331/489/200 5330/488/199
f 5344/493/1 5345/492/1 5346/488/203
f 5344/493/1 5346/488/203 5347/489/204
f 5348/495/24 5349/473/24 5350/483/24
f 5348/495/24 5350/483/24 5351/494/24
f 5352/493/1 5353/492/1 5354/488/203
f 5352/493/1 5354/488/203 5355/489/204
f 5356/496/201 5357/497/205 5358/498/206
f 5356/496/201 5358/498/206 5359/499/202
f 5360/500/201 5361/497/205 5362/498/206
f 5360/500/201 5362/498/206 5363/501/202
f 5347/489/204 5346/488/203 5364/491/206
f 5347/489/204 5364/491/206 5365/490/205
f 5334/488/199 5337/489/200 5366/490/201
f 5334/488/199 5366/490/201 5367/491/202
f 5355/489/204 5354/488/203 5368/491/206
f 5355/489/204 5368/491/206 5369/490/205
f 5322/484/198 5325/487/198 5370/502/202
f 5322/484/198 5370/502/202 5371/503/206
f 5326/484/198 5329/487/198 5372/502/202
f 5326/484/198 5372/502/202 5373/503/206
f 5374/472/24 5375/473/24 5376/474/24
f 5374/472/24 5376/474/24 5377/475/24
f 5378/472/25 5379/475/25 5380/474/25
f 5378/472/25 5380/474/25 5381/473/25
f 5382/476/12 5383/477/12 5384/478/12
f 5382/476/12 5384/478/12 5385/479/12
f 5386/480/12 5387/477/12 5388/478/12
f 5386/480/12 5388/478/12 5389/481/12
f 5390/480/12 5391/477/12 5392/478/12
f 5390/480/12 5392/478/12 5393/481/12
f 5394/472/25 5395/482/25 5396/483/25
f 5394/472/25 5396/483/25 5397/473/25
f 5398/472/25 5399/482/25 5400/483/25
f 5398/472/25 5400/483/25 5401/473/25
f 5402/472/24 5403/473/24 5404/483/24
f 5402/472/24 5404/483/24 5405/482/24
f 5406/472/24 5407/473/24 5408/483/24
f 5406/472/24 5408/483/24 5409/482/24
f 5410/484/207 5411/485/12 5412/486/12
f 5410/484/207 5412/486/12 5413/487/207
f 5414/484/207 5415/485/12 5416/486/12
f 5414/484/207 5416/486/12 5417/487/207
f 5418/488/208 5419/489/209 5420/490/210
f 5418/488/208 5420/490/210 5421/491/211
f 5422/488/208 5423/492/23 5424/493/23
f 5422/488/208 5424/493/23 5425/489/209
f 5426/473/24 5427/483/24 5428/494/24
f 5426/473/24 5428/494/24 5429/495/24
f 5430/492/23 5431/493/23 5419/489/209
f 5430/492/23 5419/489/209 5418/488/208
f 5432/493/22 5433/492/22 5434/488/212
f 5432/493/22 5434/488/212 5435/489/213
f 5436/495/24 5437/473/24 5438/483/24
f 5436/495/24 5438/483/24 5439/494/24
f 5440/493/22 5441/492/22 5442/488/212
f 5440/493/22 5442/488/212 5443/489/213
f 5444/496/210 5445/497/214 5446/498/215
f 5444/496/210 5446/498/215 5447/499/211
f 5448/500/210 5449/497/214 5450/498/215
f 5448/500/210 5450/498/215 5451/501/211
f 5435/489/213 5434/488/212 5452/491/215
f 5435/489/213 5452/491/215 5453/490/214
f 5422/488/208 5425/489/209 5454/490/210
f 5422/488/208 5454/490/210 5455/491/211
f 5443/489/213 5442/488/212 5456/491/215
f 5443/489/213 5456/491/215 5457/490/214
f 5410/484/207 5413/487/207 5458/502/211
f 5410/484/207 5458/502/211 5459/503/215
f 5414/484/207 5417/487/207 5460/502/211
f 5414/484/207 5460/502/211 5461/503/215
f 5462/484/207 5463/487/207 5464/502/211
f 5462/484/207 5464/502/211 5465/503/215
f 5466/488/208 5467/489/209 5468/490/210
f 5466/488/208 5468/490/210 5469/491/211
f 5470/500/210 5471/497/214 5472/498/215
f 5470/500/210 5472/498/215 5473/501/211
f 5474/489/213 5475/488/212 5476/491/215
f 5474/489/213 5476/491/215 5477/490/214
f 5478/493/22 5479/492/22 5475/488/212
f 5478/493/22 5475/488/212 5474/489/213
f 5480/489/213 5481/488/212 5482/491/215
f 5480/489/213 5482/491/215 5483/490/214
f 5484/495/24 5485/473/24 5486/483/24
f 5484/495/24 5486/483/24 5487/494/24
f 5488/484/207 5489/487/207 5490/502/211
f 5488/484/207 5490/502/211 5491/503/215
f 5492/496/210 5493/497/214 5494/498/215
f 5492/496/210 5494/498/215 5495/499/211
f 5496/480/12 5497/477/12 5498/478/12
f 5496/480/12 5498/478/12 5499/481/12
f 5500/488/208 5501/489/209 5502/490/210
f 5500/488/208 5502/490/210 5503/491/211
f 5504/472/24 5505/473/24 5506/483/24
f 5504/472/24 5506/483/24 5507/482/24
f 5508/493/22 5509/492/22 5481/488/212
f 5508/493/22 5481/488/212 5480/489/213
f 5510/476/12 5511/477/12 5512/478/12
f 5510/476/12 5512/478/12 5513/479/12
f 5462/484/207 5514/485/12 5515/486/12
f 5462/484/207 5515/486/12 5463/487/207
f 5516/472/24 5517/473/24 5518/483/24
f 5516/472/24 5518/483/24 5519/482/24
f 5520/480/12 5521/477/12 5522/478/12
f 5520/480/12 5522/478/12 5523/481/12
f 5466/488/208 5524/492/23 5525/493/23
f 5466/488/208 5525/493/23 5467/489/209
f 5526/472/25 5527/475/25 5528/474/25
f 5526/472/25 5528/474/25 5529/473/25
f 5530/472/24 5531/473/24 5532/474/24
f 5530/472/24 5532/474/24 5533/475/24
f 5534/472/25 5535/482/25 5536/483/25
f 5534/472/25 5536/483/25 5537/473/25
f 5538/492/23 5539/493/23 5501/489/209
f 5538/492/23 5501/489/209 5500/488/208
f 5540/473/24 5541/483/24 5542/494/24
f 5540/473/24 5542/494/24 5543/495/24
f 5544/472/25 5545/482/25 5546/483/25
f 5544/472/25 5546/483/25 5547/473/25
f 5488/484/207 5548/485/12 5549/486/12
f 5488/484/207 5549/486/12 5489/487/207
f 5550/452/216 5171/451/216 5174/454/217
f 5550/452/216 5174/454/217 5551/453/217
f 5552/504/25 5553/505/25 5554/506/25
f 5552/504/25 5554/506/25 5555/507/25
f 5556/508/25 5557/509/25 5558/510/25
f 5556/508/25 5558/510/25 5559/511/25
f 5557/509/25 5552/504/25 5555/507/25
f 5557/509/25 5555/507/25 5558/510/25
f 5553/505/25 5556/508/25 5559/511/25
f 5553/505/25 5559/511/25 5554/506/25
f 5169/453/197 5176/454/197 5560/512/218
f 5169/453/197 5560/512/218 5561/513/219
f 5562/514/220 5563/515/221 5564/516/219
f 5562/514/220 5564/516/219 5565/517/218
f 5174/454/195 5173/453/195 5566/513/221
f 5174/454/195 5566/513/221 5567/512/220
f 5170/454/193 5169/453/193 5561/513/219
f 5170/454/193 5561/513/219 5568/512/221
f 5551/453/217 5174/454/217 5567/512/220
f 5551/453/217 5567/512/220 5569/513/218
f 5570/451/192 5571/452/192 5572/453/193
f 5570/451/192 5572/453/193 5573/454/193
f 5574/451/194 5575/452/194 5576/453/195
f 5574/451/194 5576/453/195 5577/454/195
f 5571/452/196 5578/451/196 5579/454/197
f 5571/452/196 5579/454/197 5572/453/197
f 5580/455/23 5581/456/23 5582/457/23
f 5580/455/23 5582/457/23 5583/458/23
f 5584/459/1 5585/456/1 5586/457/1
f 5584/459/1 5586/457/1 5587/460/1
f 5588/456/12 5589/459/12 5590/460/12
f 5588/456/12 5590/460/12 5591/457/12
f 5585/456/22 5592/455/22 5593/458/22
f 5585/456/22 5593/458/22 5586/457/22
f 5594/461/24 5595/462/24 5596/463/24
f 5594/461/24 5596/463/24 5597/464/24
f 5598/452/216 5574/451/216 5577/454/217
f 5598/452/216 5577/454/217 5599/453/217
f 5600/504/25 5601/505/25 5602/506/25
f 5600/504/25 5602/506/25 5603/507/25
f 5604/508/25 5605/509/25 5606/510/25
f 5604/508/25 5606/510/25 5607/511/25
f 5605/509/25 5600/504/25 5603/507/25
f 5605/509/25 5603/507/25 5606/510/25
f 5601/505/25 5604/508/25 5607/511/25
f 5601/505/25 5607/511/25 5602/506/25
f 5572/453/197 5579/454/197 5608/512/218
f 5572/453/197 5608/512/218 5609/513/219
f 5610/514/220 5611/515/221 5612/516/219
f 5610/514/220 5612/516/219 5613/517/218
f 5577/454/195 5576/453/195 5614/513/221
f 5577/454/195 5614/513/221 5615/512/220
f 5573/454/193 5572/453/193 5609/513/219
f 5573/454/193 5609/513/219 5616/512/221
f 5599/453/217 5577/454/217 5615/512/220
f 5599/453/217 5615/512/220 5617/513/218
f 5618/451/192 5619/452/192 5620/453/193
f 5618/451/192 5620/453/193 5621/454/193
f 5622/451/194 5623/452/194 5624/453/195
f 5622/451/194 5624/453/195 5625/454/195
f 5619/452/196 5626/451/196 5627/454/197
f 5619/452/196 5627/454/197 5620/453/197
f 5628/455/23 5629/456/23 5630/457/23
f 5628/455/23 5630/457/23 5631/458/23
f 5632/459/1 5633/456/1 5634/457/1
f 5632/459/1 5634/457/1 5635/460/1
f 5636/456/12 5637/459/12 5638/460/12
f 5636/456/12 5638/460/12 5639/457/12
f 5633/456/22 5640/455/22 5641/458/22
f 5633/456/22 5641/458/22 5634/457/22
f 5642/461/24 5643/462/24 5644/463/24
f 5642/461/24 5644/463/24 5645/464/24
f 5646/452/216 5622/451/216 5625/454/217
f 5646/452/216 5625/454/217 5647/453/217
f 5648/504/25 5649/505/25 5650/506/25
f 5648/504/25 5650/506/25 5651/507/25
f 5652/508/25 5653/509/25 5654/510/25
f 5652/508/25 5654/510/25 5655/511/25
f 5653/509/25 5648/504/25 5651/507/25
f 5653/509/25 5651/507/25 5654/510/25
f 5649/505/25 5652/508/25 5655/511/25
f 5649/505/25 5655/511/25 5650/506/25
f 5620/453/197 5627/454/197 5656/512/218
f 5620/453/197 5656/512/218 5657/513/219
f 5658/514/220 5659/515/221 5660/516/219
f 5658/514/220 5660/516/219 5661/517/218
f 5625/454/195 5624/453/195 5662/513/221
f 5625/454/195 5662/513/221 5663/512/220
f 5621/454/193 5620/453/193 5657/513/219
f 5621/454/193 5657/513/219 5664/512/221
f 5647/453/217 5625/454/217 5663/512/220
f 5647/453/217 5663/512/220 5665/513/218
f 5666/451/192 5667/452/192 5668/453/193
f 5666/451/192 5668/453/193 5669/454/193
f 5670/451/194 5671/452/194 5672/453/195
f 5670/451/194 5672/453/195 5673/454/195
f 5667/452/196 5674/451/196 5675/454/197
f 5667/452/196 5675/454/197 5668/453/197
f 5676/455/23 5677/456/23 5678/457/23
f 5676/455/23 5678/457/23 5679/458/23
f 5680/459/1 5681/456/1 5682/457/1
f 5680/459/1 5682/457/1 5683/460/1
f 5684/456/12 5685/459/12 5686/460/12
f 5684/456/12 5686/460/12 5687/457/12
f 5681/456/22 5688/455/22 5689/458/22
f 5681/456/22 5689/458/22 5682/457/22
f 5690/461/24 5691/462/24 5692/463/24
f 5690/461/24 5692/463/24 5693/464/24
f 5694/452/216 5670/451/216 5673/454/217
f 5694/452/216 5673/454/217 5695/453/217
f 5696/504/25 5697/505/25 5698/506/25
f 5696/504/25 5698/506/25 5699/507/25
f 5700/508/25 5701/509/25 5702/510/25
f 5700/508/25 5702/510/25 5703/511/25
f 5701/509/25 5696/504/25 5699/507/25
f 5701/509/25 5699/507/25 5702/510/25
f 5697/505/25 5700/508/25 5703/511/25
f 5697/505/25 5703/511/25 5698/506/25
f 5668/453/197 5675/454/197 5704/512/218
f 5668/453/197 5704/512/218 5705/513/219
f 5706/514/220 5707/515/221 5708/516/219
f 5706/514/220 5708/516/219 5709/517/218
f 5673/454/195 5672/453/195 5710/513/221
f 5673/454/195 5710/513/221 5711/512/220
f 5669/454/193 5668/453/193 5705/513/219
f 5669/454/193 5705/513/219 5712/512/221
f 5695/453/217 5673/454/217 5711/512/220
f 5695/453/217 5711/512/220 5713/513/218
f 5714/451/192 5715/452/192 5716/453/193
f 5714/451/192 5716/453/193 5717/454/193
f 5718/451/194 5719/452/194 5720/453/195
f 5718/451/194 5720/453/195 5721/454/195
f 5715/452/196 5722/451/196 5723/454/197
f 5715/452/196 5723/454/197 5716/453/197
f 5724/455/23 5725/456/23 5726/457/23
f 5724/455/23 5726/457/23 5727/458/23
f 5728/459/1 5729/456/1 5730/457/1
f 5728/459/1 5730/457/1 5731/460/1
f 5732/456/12 5733/459/12 5734/460/12
f 5732/456/12 5734/460/12 5735/457/12
f 5729/456/22 5736/455/22 5737/458/22
f 5729/456/22 5737/458/22 5730/457/22
f 5738/461/24 5739/462/24 5740/463/24
f 5738/461/24 5740/463/24 5741/464/24
f 5742/452/216 5718/451/216 5721/454/217
f 5742/452/216 5721/454/217 5743/453/217
f 5744/504/25 5745/505/25 5746/506/25
f 5744/504/25 5746/506/25 5747/507/25
f 5748/508/25 5749/509/25 5750/510/25
f 5748/508/25 5750/510/25 5751/511/25
f 5749/509/25 5744/504/25 5747/507/25
f 5749/509/25 5747/507/25 5750/510/25
f 5745/505/25 5748/508/25 5751/511/25
f 5745/505/25 5751/511/25 5746/506/25
f 5716/453/197 5723/454/197 5752/512/218
f 5716/453/197 5752/512/218 5753/513/219
f 5754/514/220 5755/515/221 5756/516/219
f 5754/514/220 5756/516/219 5757/517/218
f 5721/454/195 5720/453/195 5758/513/221
f 5721/454/195 5758/513/221 5759/512/220
f 5717/454/193 5716/453/193 5753/513/219
f 5717/454/193 5753/513/219 5760/512/221
f 5743/453/217 5721/454/217 5759/512/220
f 5743/453/217 5759/512/220 5761/513/218
f 5762/518/222 5763/519/222 5764/520/223
f 5762/518/222 5764/520/223 5765/521/223
f 5765/521/223 5764/520/223 5766/522/224
f 5765/521/223 5766/522/224 5767/523/224
f 5768/524/225 5769/525/225 5763/519/222
f 5768/524/225 5763/519/222 5762/518/222
f 5770/526/226 5771/527/226 5769/525/225
f 5770/526/226 5769/525/225 5768/524/225
f 5772/528/227 5773/529/228 5774/530/228
f 5772/528/227 5774/530/228 5775/531/227
f 5773/529/228 5776/532/229 5777/533/229
f 5773/529/228 5777/533/229 5774/530/228
f 5778/534/230 5772/528/227 5775/531/227
f 5778/534/230 5775/531/227 5779/535/230
f 5780/536/231 5778/534/230 5779/535/230
f 5780/536/231 5779/535/230 5781/537/231
f 5782/538/23 5783/539/23 5784/540/23
f 5782/538/23 5784/540/23 5785/541/23
f 5786/542/23 5782/538/23 5785/541/23
f 5786/542/23 5785/541/23 5787/543/23
f 5788/539/22 5789/538/22 5790/541/22
f 5788/539/22 5790/541/22 5791/540/22
f 5792/544/23 5786/542/23 5787/543/23
f 5792/544/23 5787/543/23 5793/545/23
f 5789/538/22 5794/542/22 5795/543/22
f 5789/538/22 5795/543/22 5790/541/22
f 5783/539/23 5796/546/23 5797/547/23
f 5783/539/23 5797/547/23 5784/540/23
f 5794/542/22 5798/544/22 5799/545/22
f 5794/542/22 5799/545/22 5795/543/22
f 5800/546/22 5788/539/22 5791/540/22
f 5800/546/22 5791/540/22 5801/547/22
f 5802/518/232 5803/519/232 5804/520/233
f 5802/518/232 5804/520/233 5805/521/233
f 5805/521/233 5804/520/233 5806/522/234
f 5805/521/233 5806/522/234 5807/523/234
f 5808/524/235 5809/525/235 5803/519/232
f 5808/524/235 5803/519/232 5802/518/232
f 5810/526/236 5811/527/236 5809/525/235
f 5810/526/236 5809/525/235 5808/524/235
f 5812/528/237 5813/529/238 5814/530/238
f 5812/528/237 5814/530/238 5815/531/237
f 5813/529/238 5816/532/239 5817/533/239
f 5813/529/238 5817/533/239 5814/530/238
f 5818/534/240 5812/528/237 5815/531/237
f 5818/534/240 5815/531/237 5819/535/240
f 5820/536/241 5818/534/240 5819/535/240
f 5820/536/241 5819/535/240 5821/537/241
f 5822/538/22 5823/539/22 5824/540/22
f 5822/538/22 5824/540/22 5825/541/22
f 5826/542/22 5822/538/22 5825/541/22
f 5826/542/22 5825/541/22 5827/543/22
f 5828/539/23 5829/538/23 5830/541/23
f 5828/539/23 5830/541/23 5831/540/23
f 5832/544/22 5826/542/22 5827/543/22
f 5832/544/22 5827/543/22 5833/545/22
f 5829/538/23 5834/542/23 5835/543/23
f 5829/538/23 5835/543/23 5830/541/23
f 5823/539/22 5836/546/22 5837/547/22
f 5823/539/22 5837/547/22 5824/540/22
f 5834/542/23 5838/544/23 5839/545/23
f 5834/542/23 5839/545/23 5835/543/23
f 5840/546/23 5828/539/23 5831/540/23
f 5840/546/23 5831/540/23 5841/547/23
f 5842/548/23 5843/549/23 5844/550/23
f 5842/548/23 5844/550/23 5845/551/23
f 5846/552/24 5847/553/24 5848/554/24
f 5846/552/24 5848/554/24 5849/555/24
f 5850/556/25 5851/557/25 5852/558/25
f 5850/556/25 5852/558/25 5853/559/25
f 5854/560/242 5848/554/242 5855/561/242
f 5854/560/242 5855/561/242 5856/562/242
f 5857/560/243 5858/554/243 5859/561/243
f 5857/560/243 5859/561/243 5860/562/243
f 5861/549/22 5862/548/22 5863/551/22
f 5861/549/22 5863/551/22 5864/550/22
f 5865/518/244 5866/519/244 5867/520/245
f 5865/518/244 5867/520/245 5868/521/245
f 5868/521/245 5867/520/245 5869/522/246
f 5868/521/245 5869/522/246 5870/523/246
f 5871/524/247 5872/525/247 5866/519/244
f 5871/524/247 5866/519/244 5865/518/244
f 5873/526/248 5874/527/248 5872/525/247
f 5873/526/248 5872/525/247 5871/524/247
f 5875/528/249 5876/529/250 5877/530/250
f 5875/528/249 5877/530/250 5878/531/249
f 5876/529/250 5879/532/251 5880/533/251
f 5876/529/250 5880/533/251 5877/530/250
f 5881/534/252 5875/528/249 5878/531/249
f 5881/534/252 5878/531/249 5882/535/252
f 5883/536/253 5881/534/252 5882/535/252
f 5883/536/253 5882/535/252 5884/537/253
f 5885/538/1 5886/539/1 5887/540/1
f 5885/538/1 5887/540/1 5888/541/1
f 5889/542/1 5885/538/1 5888/541/1
f 5889/542/1 5888/541/1 5890/543/1
f 5891/539/12 5892/538/12 5893/541/12
f 5891/539/12 5893/541/12 5894/540/12
f 5895/544/1 5889/542/1 5890/543/1
f 5895/544/1 5890/543/1 5896/545/1
f 5892/538/12 5897/542/12 5898/543/12
f 5892/538/12 5898/543/12 5893/541/12
f 5886/539/1 5899/546/1 5900/547/1
f 5886/539/1 5900/547/1 5887/540/1
f 5897/542/12 5901/544/12 5902/545/12
f 5897/542/12 5902/545/12 5898/543/12
f 5903/546/12 5891/539/12 5894/540/12
f 5903/546/12 5894/540/12 5904/547/12
f 5905/518/254 5906/519/254 5907/520/255
f 5905/518/254 5907/520/255 5908/521/255
f 5908/521/255 5907/520/255 5909/522/256
f 5908/521/255 5909/522/256 5910/523/256
f 5911/524/257 5912/525/257 5906/519/254
f 5911/524/257 5906/519/254 5905/518/254
f 5913/526/258 5914/527/258 5912/525/257
f 5913/526/258 5912/525/257 5911/524/257
f 5915/528/259 5916/529/260 5917/530/260
f 5915/528/259 5917/530/260 5918/531/259
f 5916/529/260 5919/532/261 5920/533/261
f 5916/529/260 5920/533/261 5917/530/260
f 5921/534/262 5915/528/259 5918/531/259
f 5921/534/262 5918/531/259 5922/535/262
f 5923/536/263 5921/534/262 5922/535/262
f 5923/536/263 5922/535/262 5924/537/263
f 5925/538/12 5926/539/12 5927/540/12
f 5925/538/12 5927/540/12 5928/541/12
f 5929/542/12 5925/538/12 5928/541/12
f 5929/542/12 5928/541/12 5930/543/12
f 5931/539/1 5932/538/1 5933/541/1
f 5931/539/1 5933/541/1 5934/540/1
f 5935/544/12 5929/542/12 5930/543/12
f 5935/544/12 5930/543/12 5936/545/12
f 5932/538/1 5937/542/1 5938/543/1
f 5932/538/1 5938/543/1 5933/541/1
f 5926/539/12 5939/546/12 5940/547/12
f 5926/539/12 5940/547/12 5927/540/12
f 5937/542/1 5941/544/1 5942/545/1
f 5937/542/1 5942/545/1 5938/543/1
f 5943/546/1 5931/539/1 5934/540/1
f 5943/546/1 5934/540/1 5944/547/1
f 5945/548/1 5946/549/1 5947/550/1
f 5945/548/1 5947/550/1 5948/551/1
f 5949/552/24 5950/553/24 5951/554/24
f 5949/552/24 5951/554/24 5952/555/24
f 5953/556/25 5954/557/25 5955/558/25
f 5953/556/25 5955/558/25 5956/559/25
f 5957/560/264 5951/554/264 5958/561/264
f 5957/560/264 5958/561/264 5959/562/264
f 5960/560/265 5961/554/265 5962/561/265
f 5960/560/265 5962/561/265 5963/562/265
f 5964/549/12 5965/548/12 5966/551/12
f 5964/549/12 5966/551/12 5967/550/12
f 5968/518/244 5969/519/244 5970/520/245
f 5968/518/244 5970/520/245 5971/521/245
f 5971/521/245 5970/520/245 5972/522/246
f 5971/521/245 5972/522/246 5973/523/246
f 5974/524/247 5975/525/247 5969/519/244
f 5974/524/247 5969/519/244 5968/518/244
f 5976/526/248 5977/527/248 5975/525/247
f 5976/526/248 5975/525/247 5974/524/247
f 5978/528/249 5979/529/250 5980/530/250
f 5978/528/249 5980/530/250 5981/531/249
f 5979/529/250 5982/532/251 5983/533/251
f 5979/529/250 5983/533/251 5980/530/250
f 5984/534/252 5978/528/249 5981/531/249
f 5984/534/252 5981/531/249 5985/535/252
f 5986/536/253 5984/534/252 5985/535/252
f 5986/536/253 5985/535/252 5987/537/253
f 5988/538/1 5989/539/1 5990/540/1
f 5988/538/1 5990/540/1 5991/541/1
f 5992/542/1 5988/538/1 5991/541/1
f 5992/542/1 5991/541/1 5993/543/1
f 5994/539/12 5995/538/12 5996/541/12
f 5994/539/12 5996/541/12 5997/540/12
f 5998/544/1 5992/542/1 5993/543/1
f 5998/544/1 5993/543/1 5999/545/1
f 5995/538/12 6000/542/12 6001/543/12
f 5995/538/12 6001/543/12 5996/541/12
f 5989/539/1 6002/546/1 6003/547/1
f 5989/539/1 6003/547/1 5990/540/1
f 6000/542/12 6004/544/12 6005/545/12
f 6000/542/12 6005/545/12 6001/543/12
f 6006/546/12 5994/539/12 5997/540/12
f 6006/546/12 5997/540/12 6007/547/12
f 6008/518/254 6009/519/254 6010/520/255
f 6008/518/254 6010/520/255 6011/521/255
f 6011/521/255 6010/520/255 6012/522/256
f 6011/521/255 6012/522/256 6013/523/256
f 6014/524/257 6015/525/257 6009/519/254
f 6014/524/257 6009/519/254 6008/518/254
f 6016/526/258 6017/527/258 6015/525/257
f 6016/526/258 6015/525/257 6014/524/257
f 6018/528/259 6019/529/260 6020/530/260
f 6018/528/259 6020/530/260 6021/531/259
f 6019/529/260 6022/532/261 6023/533/261
f 6019/529/260 6023/533/261 6020/530/260
f 6024/534/262 6018/528/259 6021/531/259
f 6024/534/262 6021/531/259 6025/535/262
f 6026/536/263 6024/534/262 6025/535/262
f 6026/536/263 6025/535/262 6027/537/263
f 6028/538/12 6029/539/12 6030/540/12
f 6028/538/12 6030/540/12 6031/541/12
f 6032/542/12 6028/538/12 6031/541/12
f 6032/542/12 6031/541/12 6033/543/12
f 6034/539/1 6035/538/1 6036/541/1
f 6034/539/1 6036/541/1 6037/540/1
f 6038/544/12 6032/542/12 6033/543/12
f 6038/544/12 6033/543/12 6039/545/12
f 6035/538/1 6040/542/1 6041/543/1
f 6035/538/1 6041/543/1 6036/541/1
f 6029/539/12 6042/546/12 6043/547/12
f 6029/539/12 6043/547/12 6030/540/12
f 6040/542/1 6044/544/1 6045/545/1
f 6040/542/1 6045/545/1 6041/543/1
f 6046/546/1 6034/539/1 6037/540/1
f 6046/546/1 6037/540/1 6047/547/1
f 6048/548/1 6049/549/1 6050/550/1
f 6048/548/1 6050/550/1 6051/551/1
f 6052/552/24 6053/553/24 6054/554/24
f 6052/552/24 6054/554/24 6055/555/24
f 6056/556/25 6057/557/25 6058/558/25
f 6056/556/25 6058/558/25 6059/559/25
f 6060/560/264 6054/554/264 6061/561/264
f 6060/560/264 6061/561/264 6062/562/264
f 6063/560/265 6064/554/265 6065/561/265
f 6063/560/265 6065/561/265 6066/562/265
f 6067/549/12 6068/548/12 6069/551/12
f 6067/549/12 6069/551/12 6070/550/12
f 6071/518/232 6072/519/232 6073/520/233
f 6071/518/232 6073/520/233 6074/521/233
f 6074/521/233 6073/520/233 6075/522/234
f 6074/521/233 6075/522/234 6076/523/234
f 6077/524/235 6078/525/235 6072/519/232
f 6077/524/235 6072/519/232 6071/518/232
f 6079/526/236 6080/527/236 6078/525/235
f 6079/526/236 6078/525/235 6077/524/235
f 6081/528/237 6082/529/238 6083/530/238
f 6081/528/237 6083/530/238 6084/531/237
f 6082/529/238 6085/532/239 6086/533/239
f 6082/529/238 6086/533/239 6083/530/238
f 6087/534/240 6081/528/237 6084/531/237
f 6087/534/240 6084/531/237 6088/535/240
f 6089/536/241 6087/534/240 6088/535/240
f 6089/536/241 6088/535/240 6090/537/241
f 6091/538/22 6092/539/22 6093/540/22
f 6091/538/22 6093/540/22 6094/541/22
f 6095/542/22 6091/538/22 6094/541/22
f 6095/542/22 6094/541/22 6096/543/22
f 6097/539/23 6098/538/23 6099/541/23
f 6097/539/23 6099/541/23 6100/540/23
f 6101/544/22 6095/542/22 6096/543/22
f 6101/544/22 6096/543/22 6102/545/22
f 6098/538/23 6103/542/23 6104/543/23
f 6098/538/23 6104/543/23 6099/541/23
f 6092/539/22 6105/546/22 6106/547/22
f 6092/539/22 6106/547/22 6093/540/22
f 6103/542/23 6107/544/23 6108/545/23
f 6103/542/23 6108/545/23 6104/543/23
f 6109/546/23 6097/539/23 6100/540/23
f 6109/546/23 6100/540/23 6110/547/23
f 6111/518/222 6112/519/222 6113/520/223
f 6111/518/222 6113/520/223 6114/521/223
f 6114/521/223 6113/520/223 6115/522/224
f 6114/521/223 6115/522/224 6116/523/224
f 6117/524/225 6118/525/225 6112/519/222
f 6117/524/225 6112/519/222 6111/518/222
f 6119/526/226 6120/527/226 6118/525/225
f 6119/526/226 6118/525/225 6117/524/225
f 6121/528/227 6122/529/228 6123/530/228
f 6121/528/227 6123/530/228 6124/531/227
f 6122/529/228 6125/532/229 6126/533/229
f 6122/529/228 6126/533/229 6123/530/228
f 6127/534/230 6121/528/227 6124/531/227
f 6127/534/230 6124/531/227 6128/535/230
f 6129/536/231 6127/534/230 6128/535/230
f 6129/536/231 6128/535/230 6130/537/231
f 6131/538/23 6132/539/23 6133/540/23
f 6131/538/23 6133/540/23 6134/541/23
f 6135/542/23 6131/538/23 6134/541/23
f 6135/542/23 6134/541/23 6136/543/23
f 6137/539/22 6138/538/22 6139/541/22
f 6137/539/22 6139/541/22 6140/540/22
f 6141/544/23 6135/542/23 6136/543/23
f 6141/544/23 6136/543/23 6142/545/23
f 6138/538/22 6143/542/22 6144/543/22
f 6138/538/22 6144/543/22 6139/541/22
f 6132/539/23 6145/546/23 6146/547/23
f 6132/539/23 6146/547/23 6133/540/23
f 6143/542/22 6147/544/22 6148/545/22
f 6143/542/22 6148/545/22 6144/543/22
f 6149/546/22 6137/539/22 6140/540/22
f 6149/546/22 6140/540/22 6150/547/22
f 6151/548/22 6152/549/22 6153/550/22
f 6151/548/22 6153/550/22 6154/551/22
f 6155/552/24 6156/553/24 6157/554/24
f 6155/552/24 6157/554/24 6158/555/24
f 6159/556/25 6160/557/25 6161/558/25
f 6159/556/25 6161/558/25 6162/559/25
f 6163/560/243 6157/554/243 6164/561/243
f 6163/560/243 6164/561/243 6165/562/243
f 6166/560/242 6167/554/242 6168/561/242
f 6166/560/242 6168/561/242 6169/562/242
f 6170/549/23 6171/548/23 6172/551/23
f 6170/549/23 6172/551/23 6173/550/23
f 6174/563/1 6175/564/266 6176/565/267
f 6174/563/1 6176/565/267 6177/566/268
f 6178/567/269 6179/568/270 6180/569/271
f 6178/567/269 6180/569/271 6181/570/272
f 6182/571/273 6183/572/274 6184/573/275
f 6182/571/273 6184/573/275 6185/574/276
f 6186/575/25 6187/576/25 6188/577/25
f 6186/575/25 6188/577/25 6189/578/25
f 6190/579/24 6191/580/24 6192/576/24
f 6190/579/24 6192/576/24 6193/581/24
f 6194/582/277 6195/583/278 6196/584/279
f 6194/582/277 6196/584/279 6197/585/280
f 6175/564/266 6198/586/281 6199/587/279
f 6175/564/266 6199/587/279 6176/565/267
f 6200/564/282 6201/563/12 6202/566/274
f 6200/564/282 6202/566/274 6203/565/283
f 6204/567/284 6205/568/285 6206/588/275
f 6204/567/284 6206/588/275 6207/589/286
f 6195/583/278 6208/590/287 6209/591/267
f 6195/583/278 6209/591/267 6196/584/279
f 6208/590/287 6182/571/288 6210/592/268
f 6208/590/287 6210/592/268 6209/591/267
f 6195/583/289 6194/582/290 6211/593/291
f 6195/583/289 6211/593/291 6212/594/292
f 6174/563/1 6177/566/268 6213/588/293
f 6174/563/1 6213/588/293 6214/589/294
f 6215/595/295 6216/596/271 6217/597/270
f 6215/595/295 6217/597/270 6218/598/296
f 6219/579/25 6220/581/25 6187/576/25
f 6219/579/25 6187/576/25 6186/575/25
f 6221/599/297 6222/586/298 6223/587/292
f 6221/599/297 6223/587/292 6224/600/291
f 6191/580/24 6225/578/24 6226/577/24
f 6191/580/24 6226/577/24 6192/576/24
f 6218/598/296 6217/597/270 6227/601/293
f 6218/598/296 6227/601/293 6185/574/299
f 6198/586/281 6228/599/300 6229/600/280
f 6198/586/281 6229/600/280 6199/587/279
f 6207/589/286 6206/588/275 6202/566/274
f 6207/589/286 6202/566/274 6201/563/12
f 6218/598/301 6230/602/285 6231/603/302
f 6218/598/301 6231/603/302 6215/595/303
f 6185/574/299 6227/601/293 6210/592/268
f 6185/574/299 6210/592/268 6182/571/288
f 6222/586/298 6200/564/282 6203/565/283
f 6222/586/298 6203/565/283 6223/587/292
f 6208/590/304 6195/583/289 6212/594/292
f 6208/590/304 6212/594/292 6232/604/283
f 6214/589/294 6213/588/293 6179/568/270
f 6214/589/294 6179/568/270 6178/567/269
f 6185/574/276 6184/573/275 6230/602/285
f 6185/574/276 6230/602/285 6218/598/301
f 6182/571/273 6208/590/304 6232/604/283
f 6182/571/273 6232/604/283 6183/572/274
f 6233/570/305 6234/569/302 6205/568/285
f 6233/570/305 6205/568/285 6204/567/284
f 6235/563/1 6236/564/266 6237/565/267
f 6235/563/1 6237/565/267 6238/566/268
f 6239/567/269 6240/568/270 6241/569/271
f 6239/567/269 6241/569/271 6242/570/272
f 6243/571/273 6244/572/274 6245/573/275
f 6243/571/273 6245/573/275 6246/574/276
f 6247/575/25 6248/576/25 6249/577/25
f 6247/575/25 6249/577/25 6250/578/25
f 6251/579/24 6252/580/24 6253/576/24
f 6251/579/24 6253/576/24 6254/581/24
f 6255/582/277 6256/583/278 6257/584/279
f 6255/582/277 6257/584/279 6258/585/280
f 6236/564/266 6259/586/281 6260/587/279
f 6236/564/266 6260/587/279 6237/565/267
f 6261/564/282 6262/563/12 6263/566/274
f 6261/564/282 6263/566/274 6264/565/283
f 6265/567/284 6266/568/285 6267/588/275
f 6265/567/284 6267/588/275 6268/589/286
f 6256/583/278 6269/590/287 6270/591/267
f 6256/583/278 6270/591/267 6257/584/279
f 6269/590/287 6243/571/288 6271/592/268
f 6269/590/287 6271/592/268 6270/591/267
f 6256/583/289 6255/582/290 6272/593/291
f 6256/583/289 6272/593/291 6273/594/292
f 6235/563/1 6238/566/268 6274/588/293
f 6235/563/1 6274/588/293 6275/589/294
f 6276/595/295 6277/596/271 6278/597/270
f 6276/595/295 6278/597/270 6279/598/296
f 6280/579/25 6281/581/25 6248/576/25
f 6280/579/25 6248/576/25 6247/575/25
f 6282/599/297 6283/586/298 6284/587/292
f 6282/599/297 6284/587/292 6285/600/291
f 6252/580/24 6286/578/24 6287/577/24
f 6252/580/24 6287/577/24 6253/576/24
f 6279/598/296 6278/597/270 6288/601/293
f 6279/598/296 6288/601/293 6246/574/299
f 6259/586/281 6289/599/300 6290/600/280
f 6259/586/281 6290/600/280 6260/587/279
f 6268/589/286 6267/588/275 6263/566/274
f 6268/589/286 6263/566/274 6262/563/12
f 6279/598/301 6291/602/285 6292/603/302
f 6279/598/301 6292/603/302 6276/595/303
f 6246/574/299 6288/601/293 6271/592/268
f 6246/574/299 6271/592/268 6243/571/288
f 6283/586/298 6261/564/282 6264/565/283
f 6283/586/298 6264/565/283 6284/587/292
f 6269/590/304 6256/583/289 6273/594/292
f 6269/590/304 6273/594/292 6293/604/283
f 6275/589/294 6274/588/293 6240/568/270
f 6275/589/294 6240/568/270 6239/567/269
f 6246/574/276 6245/573/275 6291/602/285
f 6246/574/276 6291/602/285 6279/598/301
f 6243/571/273 6269/590/304 6293/604/283
f 6243/571/273 6293/604/283 6244/572/274
f 6294/570/305 6295/569/302 6266/568/285
f 6294/570/305 6266/568/285 6265/567/284
f 6296/563/288 6297/564/306 6298/565/307
f 6296/563/288 6298/565/307 6299/566/308
f 6300/567/309 6301/568/310 6302/569/311
f 6300/567/309 6302/569/311 6303/570/312
f 6304/571/12 6305/572/313 6306/573/314
f 6304/571/12 6306/573/314 6307/574/315
f 6308/575/25 6309/576/25 6310/577/25
f 6308/575/25 6310/577/25 6311/578/25
f 6312/579/24 6313/580/24 6314/576/24
f 6312/579/24 6314/576/24 6315/581/24
f 6316/582/316 6317/583/317 6318/584/318
f 6316/582/316 6318/584/318 6319/585/319
f 6297/564/306 6320/586/320 6321/587/318
f 6297/564/306 6321/587/318 6298/565/307
f 6322/564/321 6323/563/322 6324/566/313
f 6322/564/321 6324/566/313 6325/565/323
f 6326/567/324 6327/568/325 6328/588/314
f 6326/567/324 6328/588/314 6329/589/326
f 6317/583/317 6330/590/327 6331/591/307
f 6317/583/317 6331/591/307 6318/584/318
f 6330/590/327 6304/571/22 6332/592/308
f 6330/590/327 6332/592/308 6331/591/307
f 6317/583/328 6316/582/329 6333/593/330
f 6317/583/328 6333/593/330 6334/594/331
f 6296/563/288 6299/566/308 6335/588/332
f 6296/563/288 6335/588/332 6336/589/333
f 6337/595/334 6338/596/311 6339/597/310
f 6337/595/334 6339/597/310 6340/598/335
f 6341/579/25 6342/581/25 6309/576/25
f 6341/579/25 6309/576/25 6308/575/25
f 6343/599/336 6344/586/337 6345/587/331
f 6343/599/336 6345/587/331 6346/600/330
f 6313/580/24 6347/578/24 6348/577/24
f 6313/580/24 6348/577/24 6314/576/24
f 6340/598/335 6339/597/310 6349/601/332
f 6340/598/335 6349/601/332 6307/574/338
f 6320/586/320 6350/599/339 6351/600/319
f 6320/586/320 6351/600/319 6321/587/318
f 6329/589/326 6328/588/314 6324/566/313
f 6329/589/326 6324/566/313 6323/563/322
f 6340/598/340 6352/602/325 6353/603/341
f 6340/598/340 6353/603/341 6337/595/342
f 6307/574/338 6349/601/332 6332/592/308
f 6307/574/338 6332/592/308 6304/571/22
f 6344/586/337 6322/564/321 6325/565/323
f 6344/586/337 6325/565/323 6345/587/331
f 6330/590/343 6317/583/328 6334/594/331
f 6330/590/343 6334/594/331 6354/604/323
f 6336/589/333 6335/588/332 6301/568/310
f 6336/589/333 6301/568/310 6300/567/309
f 6307/574/315 6306/573/314 6352/602/325
f 6307/574/315 6352/602/325 6340/598/340
f 6304/571/12 6330/590/343 6354/604/323
f 6304/571/12 6354/604/323 6305/572/313
f 6355/570/344 6356/569/341 6327/568/325
f 6355/570/344 6327/568/325 6326/567/324
f 6357/563/22 6358/564/345 6359/565/346
f 6357/563/22 6359/565/346 6360/566/347
f 6361/567/348 6362/568/349 6363/569/350
f 6361/567/348 6363/569/350 6364/570/351
f 6365/571/322 6366/572/352 6367/573/353
f 6365/571/322 6367/573/353 6368/574/354
f 6369/575/25 6370/576/25 6371/577/25
f 6369/575/25 6371/577/25 6372/578/25
f 6373/579/24 6374/580/24 6375/576/24
f 6373/579/24 6375/576/24 6376/581/24
f 6377/582/355 6378/583/356 6379/584/357
f 6377/582/355 6379/584/357 6380/585/358
f 6358/564/345 6381/586/359 6382/587/357
f 6358/564/345 6382/587/357 6359/565/346
f 6383/564/360 6384/563/23 6385/566/352
f 6383/564/360 6385/566/352 6386/565/361
f 6387/567/362 6388/568/363 6389/588/353
f 6387/567/362 6389/588/353 6390/589/364
f 6378/583/356 6391/590/365 6392/591/346
f 6378/583/356 6392/591/346 6379/584/357
f 6391/590/365 6365/571/273 6393/592/347
f 6391/590/365 6393/592/347 6392/591/346
f 6378/583/366 6377/582/367 6394/593/368
f 6378/583/366 6394/593/368 6395/594/369
f 6357/563/22 6360/566/347 6396/588/370
f 6357/563/22 6396/588/370 6397/589/371
f 6398/595/372 6399/596/350 6400/597/349
f 6398/595/372 6400/597/349 6401/598/373
f 6402/579/25 6403/581/25 6370/576/25
f 6402/579/25 6370/576/25 6369/575/25
f 6404/599/374 6405/586/375 6406/587/369
f 6404/599/374 6406/587/369 6407/600/368
f 6374/580/24 6408/578/24 6409/577/24
f 6374/580/24 6409/577/24 6375/576/24
f 6401/598/373 6400/597/349 6410/601/370
f 6401/598/373 6410/601/370 6368/574/376
f 6381/586/359 6411/599/377 6412/600/358
f 6381/586/359 6412/600/358 6382/587/357
f 6390/589/364 6389/588/353 6385/566/352
f 6390/589/364 6385/566/352 6384/563/23
f 6401/598/378 6413/602/363 6414/603/379
f 6401/598/378 6414/603/379 6398/595/380
f 6368/574/376 6410/601/370 6393/592/347
f 6368/574/376 6393/592/347 6365/571/273
f 6405/586/375 6383/564/360 6386/565/361
f 6405/586/375 6386/565/361 6406/587/369
f 6391/590/381 6378/583/366 6395/594/369
f 6391/590/381 6395/594/369 6415/604/361
f 6397/589/371 6396/588/370 6362/568/349
f 6397/589/371 6362/568/349 6361/567/348
f 6368/574/354 6367/573/353 6413/602/363
f 6368/574/354 6413/602/363 6401/598/378
f 6365/571/322 6391/590/381 6415/604/361
f 6365/571/322 6415/604/361 6366/572/352
f 6416/570/382 6417/569/379 6388/568/363
f 6416/570/382 6388/568/363 6387/567/362
f 6418/563/273 6419/564/383 6420/565/384
f 6418/563/273 6420/565/384 6421/566/385
f 6422/567/386 6423/568/387 6424/569/388
f 6422/567/386 6424/569/388 6425/570/389
f 6426/571/23 6427/572/390 6428/573/391
f 6426/571/23 6428/573/391 6429/574/392
f 6430/575/25 6431/576/25 6432/577/25
f 6430/575/25 6432/577/25 6433/578/25
f 6434/579/24 6435/580/24 6436/576/24
f 6434/579/24 6436/576/24 6437/581/24
f 6438/582/393 6439/583/394 6440/584/395
f 6438/582/393 6440/584/395 6441/585/396
f 6419/564/383 6442/586/397 6443/587/395
f 6419/564/383 6443/587/395 6420/565/384
f 6444/564/398 6445/563/399 6446/566/390
f 6444/564/398 6446/566/390 6447/565/400
f 6448/567/401 6449/568/402 6450/588/391
f 6448/567/401 6450/588/391 6451/589/403
f 6439/583/394 6452/590/404 6453/591/384
f 6439/583/394 6453/591/384 6440/584/395
f 6452/590/404 6426/571/12 6454/592/385
f 6452/590/404 6454/592/385 6453/591/384
f 6439/583/405 6438/582/406 6455/593/407
f 6439/583/405 6455/593/407 6456/594/408
f 6418/563/273 6421/566/385 6457/588/409
f 6418/563/273 6457/588/409 6458/589/410
f 6459/595/411 6460/596/388 6461/597/387
f 6459/595/411 6461/597/387 6462/598/412
f 6463/579/25 6464/581/25 6431/576/25
f 6463/579/25 6431/576/25 6430/575/25
f 6465/599/413 6466/586/414 6467/587/408
f 6465/599/413 6467/587/408 6468/600/407
f 6435/580/24 6469/578/24 6470/577/24
f 6435/580/24 6470/577/24 6436/576/24
f 6462/598/412 6461/597/387 6471/601/409
f 6462/598/412 6471/601/409 6429/574/415
f 6442/586/397 6472/599/416 6473/600/396
f 6442/586/397 6473/600/396 6443/587/395
f 6451/589/403 6450/588/391 6446/566/390
f 6451/589/403 6446/566/390 6445/563/399
f 6462/598/417 6474/602/402 6475/603/418
f 6462/598/417 6475/603/418 6459/595/419
f 6429/574/415 6471/601/409 6454/592/385
f 6429/574/415 6454/592/385 6426/571/12
f 6466/586/414 6444/564/398 6447/565/400
f 6466/586/414 6447/565/400 6467/587/408
f 6452/590/420 6439/583/405 6456/594/408
f 6452/590/420 6456/594/408 6476/604/400
f 6458/589/410 6457/588/409 6423/568/387
f 6458/589/410 6423/568/387 6422/567/386
f 6429/574/392 6428/573/391 6474/602/402
f 6429/574/392 6474/602/402 6462/598/417
f 6426/571/23 6452/590/420 6476/604/400
f 6426/571/23 6476/604/400 6427/572/390
f 6477/570/421 6478/569/418 6449/568/402
f 6477/570/421 6449/568/402 6448/567/401
f 6479/563/12 6480/564/286 6481/565/422
f 6479/563/12 6481/565/422 6482/566/423
f 6483/567/298 6484/568/424 6485/569/425
f 6483/567/298 6485/569/425 6486/570/297
f 6487/571/399 6488/572/426 6489/573/427
f 6487/571/399 6489/573/427 6490/574/428
f 6491/575/25 6492/576/25 6493/577/25
f 6491/575/25 6493/577/25 6494/578/25
f 6495/579/24 6496/580/24 6497/576/24
f 6495/579/24 6497/576/24 6498/581/24
f 6499/582/429 6500/583/430 6501/584/431
f 6499/582/429 6501/584/431 6502/585/432
f 6480/564/286 6503/586/284 6504/587/431
f 6480/564/286 6504/587/431 6481/565/422
f 6505/564/294 6506/563/1 6507/566/426
f 6505/564/294 6507/566/426 6508/565/433
f 6509/567/281 6510/568/434 6511/588/427
f 6509/567/281 6511/588/427 6512/589/266
f 6500/583/430 6513/590/435 6514/591/422
f 6500/583/430 6514/591/422 6501/584/431
f 6513/590/435 6487/571/322 6515/592/423
f 6513/590/435 6515/592/423 6514/591/422
f 6500/583/436 6499/582/437 6516/593/438
f 6500/583/436 6516/593/438 6517/594/439
f 6479/563/12 6482/566/423 6518/588/440
f 6479/563/12 6518/588/440 6519/589/282
f 6520/595/441 6521/596/425 6522/597/424
f 6520/595/441 6522/597/424 6523/598/442
f 6524/579/25 6525/581/25 6492/576/25
f 6524/579/25 6492/576/25 6491/575/25
f 6526/599/272 6527/586/269 6528/587/439
f 6526/599/272 6528/587/439 6529/600/438
f 6496/580/24 6530/578/24 6531/577/24
f 6496/580/24 6531/577/24 6497/576/24
f 6523/598/442 6522/597/424 6532/601/440
f 6523/598/442 6532/601/440 6490/574/443
f 6503/586/284 6533/599/305 6534/600/432
f 6503/586/284 6534/600/432 6504/587/431
f 6512/589/266 6511/588/427 6507/566/426
f 6512/589/266 6507/566/426 6506/563/1
f 6523/598/444 6535/602/434 6536/603/445
f 6523/598/444 6536/603/445 6520/595/446
f 6490/574/443 6532/601/440 6515/592/423
f 6490/574/443 6515/592/423 6487/571/322
f 6527/586/269 6505/564/294 6508/565/433
f 6527/586/269 6508/565/433 6528/587/439
f 6513/590/447 6500/583/436 6517/594/439
f 6513/590/447 6517/594/439 6537/604/433
f 6519/589/282 6518/588/440 6484/568/424
f 6519/589/282 6484/568/424 6483/567/298
f 6490/574/428 6489/573/427 6535/602/434
f 6490/574/428 6535/602/434 6523/598/444
f 6487/571/399 6513/590/447 6537/604/433
f 6487/571/399 6537/604/433 6488/572/426
f 6538/570/300 6539/569/445 6510/568/434
f 6538/570/300 6510/568/434 6509/567/281
f 6540/563/322 6541/564/326 6542/565/448
f 6540/563/322 6542/565/448 6543/566/449
f 6544/567/337 6545/568/450 6546/569/451
f 6544/567/337 6546/569/451 6547/570/336
f 6548/571/1 6549/572/452 6550/573/453
f 6548/571/1 6550/573/453 6551/574/454
f 6552/575/25 6553/576/25 6554/577/25
f 6552/575/25 6554/577/25 6555/578/25
f 6556/579/24 6557/580/24 6558/576/24
f 6556/579/24 6558/576/24 6559/581/24
f 6560/582/455 6561/583/456 6562/584/457
f 6560/582/455 6562/584/457 6563/585/458
f 6541/564/326 6564/586/324 6565/587/457
f 6541/564/326 6565/587/457 6542/565/448
f 6566/564/333 6567/563/288 6568/566/452
f 6566/564/333 6568/566/452 6569/565/459
f 6570/567/320 6571/568/460 6572/588/453
f 6570/567/320 6572/588/453 6573/589/306
f 6561/583/456 6574/590/461 6575/591/448
f 6561/583/456 6575/591/448 6562/584/457
f 6574/590/461 6548/571/23 6576/592/449
f 6574/590/461 6576/592/449 6575/591/448
f 6561/583/462 6560/582/463 6577/593/464
f 6561/583/462 6577/593/464 6578/594/465
f 6540/563/322 6543/566/449 6579/588/466
f 6540/563/322 6579/588/466 6580/589/321
f 6581/595/467 6582/596/451 6583/597/450
f 6581/595/467 6583/597/450 6584/598/468
f 6585/579/25 6586/581/25 6553/576/25
f 6585/579/25 6553/576/25 6552/575/25
f 6587/599/312 6588/586/309 6589/587/465
f 6587/599/312 6589/587/465 6590/600/464
f 6557/580/24 6591/578/24 6592/577/24
f 6557/580/24 6592/577/24 6558/576/24
f 6584/598/468 6583/597/450 6593/601/466
f 6584/598/468 6593/601/466 6551/574/469
f 6564/586/324 6594/599/344 6595/600/458
f 6564/586/324 6595/600/458 6565/587/457
f 6573/589/306 6572/588/453 6568/566/452
f 6573/589/306 6568/566/452 6567/563/288
f 6584/598/470 6596/602/460 6597/603/471
f 6584/598/470 6597/603/471 6581/595/472
f 6551/574/469 6593/601/466 6576/592/449
f 6551/574/469 6576/592/449 6548/571/23
f 6588/586/309 6566/564/333 6569/565/459
f 6588/586/309 6569/565/459 6589/587/465
f 6574/590/473 6561/583/462 6578/594/465
f 6574/590/473 6578/594/465 6598/604/459
f 6580/589/321 6579/588/466 6545/568/450
f 6580/589/321 6545/568/450 6544/567/337
f 6551/574/454 6550/573/453 6596/602/460
f 6551/574/454 6596/602/460 6584/598/470
f 6548/571/1 6574/590/473 6598/604/459
f 6548/571/1 6598/604/459 6549/572/452
f 6599/570/339 6600/569/471 6571/568/460
f 6599/570/339 6571/568/460 6570/567/320
f 6601/563/322 6602/564/326 6603/565/448
f 6601/563/322 6603/565/448 6604/566/449
f 6605/567/337 6606/568/450 6607/569/451
f 6605/567/337 6607/569/451 6608/570/336
f 6609/571/1 6610/572/452 6611/573/453
f 6609/571/1 6611/573/453 6612/574/454
f 6613/575/25 6614/576/25 6615/577/25
f 6613/575/25 6615/577/25 6616/578/25
f 6617/579/24 6618/580/24 6619/576/24
f 6617/579/24 6619/576/24 6620/581/24
f 6621/582/455 6622/583/456 6623/584/457
f 6621/582/455 6623/584/457 6624/585/458
f 6602/564/326 6625/586/324 6626/587/457
f 6602/564/326 6626/587/457 6603/565/448
f 6627/564/333 6628/563/288 6629/566/452
f 6627/564/333 6629/566/452 6630/565/459
f 6631/567/320 6632/568/474 6633/588/453
f 6631/567/320 6633/588/453 6634/589/306
f 6622/583/456 6635/590/461 6636/591/448
f 6622/583/456 6636/591/448 6623/584/457
f 6635/590/461 6609/571/23 6637/592/449
f 6635/590/461 6637/592/449 6636/591/448
f 6622/583/462 6621/582/463 6638/593/464
f 6622/583/462 6638/593/464 6639/594/475
f 6601/563/322 6604/566/449 6640/588/466
f 6601/563/322 6640/588/466 6641/589/321
f 6642/595/467 6643/596/451 6644/597/450
f 6642/595/467 6644/597/450 6645/598/468
f 6646/579/25 6647/581/25 6614/576/25
f 6646/579/25 6614/576/25 6613/575/25
f 6648/599/312 6649/586/309 6650/587/475
f 6648/599/312 6650/587/475 6651/600/464
f 6618/580/24 6652/578/24 6653/577/24
f 6618/580/24 6653/577/24 6619/576/24
f 6645/598/468 6644/597/450 6654/601/466
f 6645/598/468 6654/601/466 6612/574/469
f 6625/586/324 6655/599/344 6656/600/458
f 6625/586/324 6656/600/458 6626/587/457
f 6634/589/306 6633/588/453 6629/566/452
f 6634/589/306 6629/566/452 6628/563/288
f 6645/598/470 6657/602/474 6658/603/471
f 6645/598/470 6658/603/471 6642/595/472
f 6612/574/469 6654/601/466 6637/592/449
f 6612/574/469 6637/592/449 6609/571/23
f 6649/586/309 6627/564/333 6630/565/459
f 6649/586/309 6630/565/459 6650/587/475
f 6635/590/473 6622/583/462 6639/594/475
f 6635/590/473 6639/594/475 6659/604/459
f 6641/589/321 6640/588/466 6606/568/450
f 6641/589/321 6606/568/450 6605/567/337
f 6612/574/454 6611/573/453 6657/602/474
f 6612/574/454 6657/602/474 6645/598/470
f 6609/571/1 6635/590/473 6659/604/459
f 6609/571/1 6659/604/459 6610/572/452
f 6660/570/339 6661/569/471 6632/568/474
f 6660/570/339 6632/568/474 6631/567/320
f 6662/563/322 6663/564/326 6664/565/448
f 6662/563/322 6664/565/448 6665/566/449
f 6666/567/337 6667/568/450 6668/569/451
f 6666/567/337 6668/569/451 6669/570/336
f 6670/571/1 6671/572/452 6672/573/453
f 6670/571/1 6672/573/453 6673/574/454
f 6674/575/25 6675/576/25 6676/577/25
f 6674/575/25 6676/577/25 6677/578/25
f 6678/579/24 6679/580/24 6680/576/24
f 6678/579/24 6680/576/24 6681/581/24
f 6682/582/455 6683/583/456 6684/584/457
f 6682/582/455 6684/584/457 6685/585/458
f 6663/564/326 6686/586/324 6687/587/457
f 6663/564/326 6687/587/457 6664/565/448
f 6688/564/333 6689/563/288 6690/566/452
f 6688/564/333 6690/566/452 6691/565/459
f 6692/567/320 6693/568/474 6694/588/453
f 6692/567/320 6694/588/453 6695/589/306
f 6683/583/456 6696/590/461 6697/591/448
f 6683/583/456 6697/591/448 6684/584/457
f 6696/590/461 6670/571/23 6698/592/449
f 6696/590/461 6698/592/449 6697/591/448
f 6683/583/462 6682/582/463 6699/593/464
f 6683/583/462 6699/593/464 6700/594/465
f 6662/563/322 6665/566/449 6701/588/466
f 6662/563/322 6701/588/466 6702/589/321
f 6703/595/467 6704/596/451 6705/597/450
f 6703/595/467 6705/597/450 6706/598/468
f 6707/579/25 6708/581/25 6675/576/25
f 6707/579/25 6675/576/25 6674/575/25
f 6709/599/312 6710/586/309 6711/587/465
f 6709/599/312 6711/587/465 6712/600/464
f 6679/580/24 6713/578/24 6714/577/24
f 6679/580/24 6714/577/24 6680/576/24
f 6706/598/468 6705/597/450 6715/601/466
f 6706/598/468 6715/601/466 6673/574/469
f 6686/586/324 6716/599/344 6717/600/458
f 6686/586/324 6717/600/458 6687/587/457
f 6695/589/306 6694/588/453 6690/566/452
f 6695/589/306 6690/566/452 6689/563/288
f 6706/598/470 6718/602/474 6719/603/471
f 6706/598/470 6719/603/471 6703/595/472
f 6673/574/469 6715/601/466 6698/592/449
f 6673/574/469 6698/592/449 6670/571/23
f 6710/586/309 6688/564/333 6691/565/459
f 6710/586/309 6691/565/459 6711/587/465
f 6696/590/473 6683/583/462 6700/594/465
f 6696/590/473 6700/594/465 6720/604/459
f 6702/589/321 6701/588/466 6667/568/450
f 6702/589/321 6667/568/450 6666/567/337
f 6673/574/454 6672/573/453 6718/602/474
f 6673/574/454 6718/602/474 6706/598/470
f 6670/571/1 6696/590/473 6720/604/459
f 6670/571/1 6720/604/459 6671/572/452
f 6721/570/339 6722/569/471 6693/568/474
f 6721/570/339 6693/568/474 6692/567/320
f 6723/563/399 6724/564/403 6725/565/476
f 6723/563/399 6725/565/476 6726/566/477
f 6727/567/414 6728/568/478 6729/569/479
f 6727/567/414 6729/569/479 6730/570/413
f 6731/571/22 6732/572/480 6733/573/481
f 6731/571/22 6733/573/481 6734/574/482
f 6735/575/25 6736/576/25 6737/577/25
f 6735/575/25 6737/577/25 6738/578/25
f 6739/579/24 6740/580/24 6741/576/24
f 6739/579/24 6741/576/24 6742/581/24
f 6743/582/483 6744/583/484 6745/584/485
f 6743/582/483 6745/584/485 6746/585/486
f 6724/564/403 6747/586/401 6748/587/485
f 6724/564/403 6748/587/485 6725/565/476
f 6749/564/410 6750/563/273 6751/566/480
f 6749/564/410 6751/566/480 6752/565/487
f 6753/567/397 6754/568/488 6755/588/481
f 6753/567/397 6755/588/481 6756/589/383
f 6744/583/484 6757/590/489 6758/591/476
f 6744/583/484 6758/591/476 6745/584/485
f 6757/590/489 6731/571/1 6759/592/477
f 6757/590/489 6759/592/477 6758/591/476
f 6744/583/490 6743/582/491 6760/593/492
f 6744/583/490 6760/593/492 6761/594/493
f 6723/563/399 6726/566/477 6762/588/494
f 6723/563/399 6762/588/494 6763/589/398
f 6764/595/495 6765/596/479 6766/597/478
f 6764/595/495 6766/597/478 6767/598/496
f 6768/579/25 6769/581/25 6736/576/25
f 6768/579/25 6736/576/25 6735/575/25
f 6770/599/389 6771/586/386 6772/587/493
f 6770/599/389 6772/587/493 6773/600/492
f 6740/580/24 6774/578/24 6775/577/24
f 6740/580/24 6775/577/24 6741/576/24
f 6767/598/496 6766/597/478 6776/601/494
f 6767/598/496 6776/601/494 6734/574/497
f 6747/586/401 6777/599/421 6778/600/486
f 6747/586/401 6778/600/486 6748/587/485
f 6756/589/383 6755/588/481 6751/566/480
f 6756/589/383 6751/566/480 6750/563/273
f 6767/598/498 6779/602/488 6780/603/499
f 6767/598/498 6780/603/499 6764/595/500
f 6734/574/497 6776/601/494 6759/592/477
f 6734/574/497 6759/592/477 6731/571/1
f 6771/586/386 6749/564/410 6752/565/487
f 6771/586/386 6752/565/487 6772/587/493
f 6757/590/501 6744/583/490 6761/594/493
f 6757/590/501 6761/594/493 6781/604/487
f 6763/589/398 6762/588/494 6728/568/478
f 6763/589/398 6728/568/478 6727/567/414
f 6734/574/482 6733/573/481 6779/602/488
f 6734/574/482 6779/602/488 6767/598/498
f 6731/571/22 6757/590/501 6781/604/487
f 6731/571/22 6781/604/487 6732/572/480
f 6782/570/416 6783/569/499 6754/568/488
f 6782/570/416 6754/568/488 6753/567/397
f 6784/563/1 6785/564/266 6786/565/267
f 6784/563/1 6786/565/267 6787/566/268
f 6788/567/269 6789/568/270 6790/569/271
f 6788/567/269 6790/569/271 6791/570/272
f 6792/571/273 6793/572/274 6794/573/275
f 6792/571/273 6794/573/275 6795/574/276
f 6796/575/25 6797/576/25 6798/577/25
f 6796/575/25 6798/577/25 6799/578/25
f 6219/579/24 6800/580/24 6187/576/24
f 6219/579/24 6187/576/24 6220/581/24
f 6801/582/277 6802/583/278 6803/584/279
f 6801/582/277 6803/584/279 6804/585/280
f 6785/564/266 6805/586/281 6806/587/279
f 6785/564/266 6806/587/279 6786/565/267
f 6807/564/282 6808/563/12 6809/566/274
f 6807/564/282 6809/566/274 6810/565/283
f 6811/567/284 6812/568/285 6813/588/275
f 6811/567/284 6813/588/275 6814/589/286
f 6802/583/278 6815/590/287 6816/591/267
f 6802/583/278 6816/591/267 6803/584/279
f 6815/590/287 6792/571/288 6817/592/268
f 6815/590/287 6817/592/268 6816/591/267
f 6802/583/289 6801/582/290 6818/593/291
f 6802/583/289 6818/593/291 6819/594/292
f 6784/563/1 6787/566/268 6820/588/293
f 6784/563/1 6820/588/293 6821/589/294
f 6822/595/295 6823/596/271 6824/597/270
f 6822/595/295 6824/597/270 6825/598/296
f 6826/579/25 6827/581/25 6797/576/25
f 6826/579/25 6797/576/25 6796/575/25
f 6828/599/297 6829/586/298 6830/587/292
f 6828/599/297 6830/587/292 6831/600/291
f 6800/580/24 6189/578/24 6188/577/24
f 6800/580/24 6188/577/24 6187/576/24
f 6825/598/296 6824/597/270 6832/601/293
f 6825/598/296 6832/601/293 6795/574/299
f 6805/586/281 6833/599/300 6834/600/280
f 6805/586/281 6834/600/280 6806/587/279
f 6814/589/286 6813/588/275 6809/566/274
f 6814/589/286 6809/566/274 6808/563/12
f 6825/598/301 6835/602/285 6836/603/302
f 6825/598/301 6836/603/302 6822/595/303
f 6795/574/299 6832/601/293 6817/592/268
f 6795/574/299 6817/592/268 6792/571/288
f 6829/586/298 6807/564/282 6810/565/283
f 6829/586/298 6810/565/283 6830/587/292
f 6815/590/304 6802/583/289 6819/594/292
f 6815/590/304 6819/594/292 6837/604/283
f 6821/589/294 6820/588/293 6789/568/270
f 6821/589/294 6789/568/270 6788/567/269
f 6795/574/276 6794/573/275 6835/602/285
f 6795/574/276 6835/602/285 6825/598/301
f 6792/571/273 6815/590/304 6837/604/283
f 6792/571/273 6837/604/283 6793/572/274
f 6838/570/305 6839/569/302 6812/568/285
f 6838/570/305 6812/568/285 6811/567/284
f 6840/563/1 6841/564/266 6842/565/267
f 6840/563/1 6842/565/267 6843/566/268
f 6844/567/269 6845/568/270 6846/569/271
f 6844/567/269 6846/569/271 6847/570/272
f 6848/571/273 6849/572/274 6850/573/275
f 6848/571/273 6850/573/275 6851/574/276
f 6852/575/25 6853/576/25 6854/577/25
f 6852/575/25 6854/577/25 6855/578/25
f 6280/579/24 6856/580/24 6248/576/24
f 6280/579/24 6248/576/24 6281/581/24
f 6857/582/277 6858/583/278 6859/584/279
f 6857/582/277 6859/584/279 6860/585/280
f 6841/564/266 6861/586/281 6862/587/279
f 6841/564/266 6862/587/279 6842/565/267
f 6863/564/282 6864/563/12 6865/566/274
f 6863/564/282 6865/566/274 6866/565/283
f 6867/567/284 6868/568/285 6869/588/275
f 6867/567/284 6869/588/275 6870/589/286
f 6858/583/278 6871/590/287 6872/591/267
f 6858/583/278 6872/591/267 6859/584/279
f 6871/590/287 6848/571/288 6873/592/268
f 6871/590/287 6873/592/268 6872/591/267
f 6858/583/289 6857/582/290 6874/593/291
f 6858/583/289 6874/593/291 6875/594/292
f 6840/563/1 6843/566/268 6876/588/293
f 6840/563/1 6876/588/293 6877/589/294
f 6878/595/295 6879/596/271 6880/597/270
f 6878/595/295 6880/597/270 6881/598/296
f 6882/579/25 6883/581/25 6853/576/25
f 6882/579/25 6853/576/25 6852/575/25
f 6884/599/297 6885/586/298 6886/587/292
f 6884/599/297 6886/587/292 6887/600/291
f 6856/580/24 6250/578/24 6249/577/24
f 6856/580/24 6249/577/24 6248/576/24
f 6881/598/296 6880/597/270 6888/601/293
f 6881/598/296 6888/601/293 6851/574/299
f 6861/586/281 6889/599/300 6890/600/280
f 6861/586/281 6890/600/280 6862/587/279
f 6870/589/286 6869/588/275 6865/566/274
f 6870/589/286 6865/566/274 6864/563/12
f 6881/598/301 6891/602/285 6892/603/302
f 6881/598/301 6892/603/302 6878/595/303
f 6851/574/299 6888/601/293 6873/592/268
f 6851/574/299 6873/592/268 6848/571/288
f 6885/586/298 6863/564/282 6866/565/283
f 6885/586/298 6866/565/283 6886/587/292
f 6871/590/304 6858/583/289 6875/594/292
f 6871/590/304 6875/594/292 6893/604/283
f 6877/589/294 6876/588/293 6845/568/270
f 6877/589/294 6845/568/270 6844/567/269
f 6851/574/276 6850/573/275 6891/602/285
f 6851/574/276 6891/602/285 6881/598/301
f 6848/571/273 6871/590/304 6893/604/283
f 6848/571/273 6893/604/283 6849/572/274
f 6894/570/305 6895/569/302 6868/568/285
f 6894/570/305 6868/568/285 6867/567/284
f 6896/563/288 6897/564/306 6898/565/307
f 6896/563/288 6898/565/307 6899/566/308
f 6900/567/309 6901/568/310 6902/569/311
f 6900/567/309 6902/569/311 6903/570/312
f 6904/571/12 6905/572/313 6906/573/314
f 6904/571/12 6906/573/314 6907/574/315
f 6908/575/25 6909/576/25 6910/577/25
f 6908/575/25 6910/577/25 6911/578/25
f 6341/579/24 6912/580/24 6309/576/24
f 6341/579/24 6309/576/24 6342/581/24
f 6913/582/316 6914/583/317 6915/584/318
f 6913/582/316 6915/584/318 6916/585/319
f 6897/564/306 6917/586/320 6918/587/318
f 6897/564/306 6918/587/318 6898/565/307
f 6919/564/321 6920/563/322 6921/566/313
f 6919/564/321 6921/566/313 6922/565/323
f 6923/567/324 6924/568/325 6925/588/314
f 6923/567/324 6925/588/314 6926/589/326
f 6914/583/317 6927/590/327 6928/591/307
f 6914/583/317 6928/591/307 6915/584/318
f 6927/590/327 6904/571/22 6929/592/308
f 6927/590/327 6929/592/308 6928/591/307
f 6914/583/328 6913/582/329 6930/593/330
f 6914/583/328 6930/593/330 6931/594/331
f 6896/563/288 6899/566/308 6932/588/332
f 6896/563/288 6932/588/332 6933/589/333
f 6934/595/334 6935/596/311 6936/597/310
f 6934/595/334 6936/597/310 6937/598/335
f 6938/579/25 6939/581/25 6909/576/25
f 6938/579/25 6909/576/25 6908/575/25
f 6940/599/336 6941/586/337 6942/587/331
f 6940/599/336 6942/587/331 6943/600/330
f 6912/580/24 6311/578/24 6310/577/24
f 6912/580/24 6310/577/24 6309/576/24
f 6937/598/335 6936/597/310 6944/601/332
f 6937/598/335 6944/601/332 6907/574/338
f 6917/586/320 6945/599/339 6946/600/319
f 6917/586/320 6946/600/319 6918/587/318
f 6926/589/326 6925/588/314 6921/566/313
f 6926/589/326 6921/566/313 6920/563/322
f 6937/598/340 6947/602/325 6948/603/341
f 6937/598/340 6948/603/341 6934/595/342
f 6907/574/338 6944/601/332 6929/592/308
f 6907/574/338 6929/592/308 6904/571/22
f 6941/586/337 6919/564/321 6922/565/323
f 6941/586/337 6922/565/323 6942/587/331
f 6927/590/343 6914/583/328 6931/594/331
f 6927/590/343 6931/594/331 6949/604/323
f 6933/589/333 6932/588/332 6901/568/310
f 6933/589/333 6901/568/310 6900/567/309
f 6907/574/315 6906/573/314 6947/602/325
f 6907/574/315 6947/602/325 6937/598/340
f 6904/571/12 6927/590/343 6949/604/323
f 6904/571/12 6949/604/323 6905/572/313
f 6950/570/344 6951/569/341 6924/568/325
f 6950/570/344 6924/568/325 6923/567/324
f 6952/563/22 6953/564/345 6954/565/346
f 6952/563/22 6954/565/346 6955/566/347
f 6956/567/348 6957/568/349 6958/569/350
f 6956/567/348 6958/569/350 6959/570/351
f 6960/571/322 6961/572/352 6962/573/353
f 6960/571/322 6962/573/353 6963/574/354
f 6964/575/25 6965/576/25 6966/577/25
f 6964/575/25 6966/577/25 6967/578/25
f 6402/579/24 6968/580/24 6370/576/24
f 6402/579/24 6370/576/24 6403/581/24
f 6969/582/355 6970/583/356 6971/584/357
f 6969/582/355 6971/584/357 6972/585/358
f 6953/564/345 6973/586/359 6974/587/357
f 6953/564/345 6974/587/357 6954/565/346
f 6975/564/360 6976/563/23 6977/566/352
f 6975/564/360 6977/566/352 6978/565/361
f 6979/567/362 6980/568/363 6981/588/353
f 6979/567/362 6981/588/353 6982/589/364
f 6970/583/356 6983/590/365 6984/591/346
f 6970/583/356 6984/591/346 6971/584/357
f 6983/590/365 6960/571/273 6985/592/347
f 6983/590/365 6985/592/347 6984/591/346
f 6970/583/366 6969/582/367 6986/593/368
f 6970/583/366 6986/593/368 6987/594/369
f 6952/563/22 6955/566/347 6988/588/370
f 6952/563/22 6988/588/370 6989/589/371
f 6990/595/372 6991/596/350 6992/597/349
f 6990/595/372 6992/597/349 6993/598/373
f 6994/579/25 6995/581/25 6965/576/25
f 6994/579/25 6965/576/25 6964/575/25
f 6996/599/374 6997/586/375 6998/587/369
f 6996/599/374 6998/587/369 6999/600/368
f 6968/580/24 6372/578/24 6371/577/24
f 6968/580/24 6371/577/24 6370/576/24
f 6993/598/373 6992/597/349 7000/601/370
f 6993/598/373 7000/601/370 6963/574/376
f 6973/586/359 7001/599/377 7002/600/358
f 6973/586/359 7002/600/358 6974/587/357
f 6982/589/364 6981/588/353 6977/566/352
f 6982/589/364 6977/566/352 6976/563/23
f 6993/598/378 7003/602/363 7004/603/379
f 6993/598/378 7004/603/379 6990/595/380
f 6963/574/376 7000/601/370 6985/592/347
f 6963/574/376 6985/592/347 6960/571/273
f 6997/586/375 6975/564/360 6978/565/361
f 6997/586/375 6978/565/361 6998/587/369
f 6983/590/381 6970/583/366 6987/594/369
f 6983/590/381 6987/594/369 7005/604/361
f 6989/589/371 6988/588/370 6957/568/349
f 6989/589/371 6957/568/349 6956/567/348
f 6963/574/354 6962/573/353 7003/602/363
f 6963/574/354 7003/602/363 6993/598/378
f 6960/571/322 6983/590/381 7005/604/361
f 6960/571/322 7005/604/361 6961/572/352
f 7006/570/382 7007/569/379 6980/568/363
f 7006/570/382 6980/568/363 6979/567/362
f 7008/563/273 7009/564/383 7010/565/384
f 7008/563/273 7010/565/384 7011/566/385
f 7012/567/386 7013/568/387 7014/569/388
f 7012/567/386 7014/569/388 7015/570/389
f 7016/571/23 7017/572/390 7018/573/391
f 7016/571/23 7018/573/391 7019/574/392
f 7020/575/25 7021/576/25 7022/577/25
f 7020/575/25 7022/577/25 7023/578/25
f 6463/579/24 7024/580/24 6431/576/24
f 6463/579/24 6431/576/24 6464/581/24
f 7025/582/393 7026/583/394 7027/584/395
f 7025/582/393 7027/584/395 7028/585/396
f 7009/564/383 7029/586/397 7030/587/395
f 7009/564/383 7030/587/395 7010/565/384
f 7031/564/398 7032/563/399 7033/566/390
f 7031/564/398 7033/566/390 7034/565/400
f 7035/567/401 7036/568/402 7037/588/391
f 7035/567/401 7037/588/391 7038/589/403
f 7026/583/394 7039/590/404 7040/591/384
f 7026/583/394 7040/591/384 7027/584/395
f 7039/590/404 7016/571/12 7041/592/385
f 7039/590/404 7041/592/385 7040/591/384
f 7026/583/405 7025/582/406 7042/593/407
f 7026/583/405 7042/593/407 7043/594/408
f 7008/563/273 7011/566/385 7044/588/409
f 7008/563/273 7044/588/409 7045/589/410
f 7046/595/411 7047/596/388 7048/597/387
f 7046/595/411 7048/597/387 7049/598/412
f 7050/579/25 7051/581/25 7021/576/25
f 7050/579/25 7021/576/25 7020/575/25
f 7052/599/413 7053/586/414 7054/587/408
f 7052/599/413 7054/587/408 7055/600/407
f 7024/580/24 6433/578/24 6432/577/24
f 7024/580/24 6432/577/24 6431/576/24
f 7049/598/412 7048/597/387 7056/601/409
f 7049/598/412 7056/601/409 7019/574/415
f 7029/586/397 7057/599/416 7058/600/396
f 7029/586/397 7058/600/396 7030/587/395
f 7038/589/403 7037/588/391 7033/566/390
f 7038/589/403 7033/566/390 7032/563/399
f 7049/598/417 7059/602/402 7060/603/418
f 7049/598/417 7060/603/418 7046/595/419
f 7019/574/415 7056/601/409 7041/592/385
f 7019/574/415 7041/592/385 7016/571/12
f 7053/586/414 7031/564/398 7034/565/400
f 7053/586/414 7034/565/400 7054/587/408
f 7039/590/420 7026/583/405 7043/594/408
f 7039/590/420 7043/594/408 7061/604/400
f 7045/589/410 7044/588/409 7013/568/387
f 7045/589/410 7013/568/387 7012/567/386
f 7019/574/392 7018/573/391 7059/602/402
f 7019/574/392 7059/602/402 7049/598/417
f 7016/571/23 7039/590/420 7061/604/400
f 7016/571/23 7061/604/400 7017/572/390
f 7062/570/421 7063/569/418 7036/568/402
f 7062/570/421 7036/568/402 7035/567/401
f 7064/563/12 7065/564/286 7066/565/422
f 7064/563/12 7066/565/422 7067/566/423
f 7068/567/298 7069/568/424 7070/569/425
f 7068/567/298 7070/569/425 7071/570/297
f 7072/571/399 7073/572/426 7074/573/427
f 7072/571/399 7074/573/427 7075/574/428
f 7076/575/25 7077/576/25 7078/577/25
f 7076/575/25 7078/577/25 7079/578/25
f 6524/579/24 7080/580/24 6492/576/24
f 6524/579/24 6492/576/24 6525/581/24
f 7081/582/429 7082/583/430 7083/584/431
f 7081/582/429 7083/584/431 7084/585/432
f 7065/564/286 7085/586/284 7086/587/431
f 7065/564/286 7086/587/431 7066/565/422
f 7087/564/294 7088/563/1 7089/566/426
f 7087/564/294 7089/566/426 7090/565/433
f 7091/567/281 7092/568/434 7093/588/427
f 7091/567/281 7093/588/427 7094/589/266
f 7082/583/430 7095/590/435 7096/591/422
f 7082/583/430 7096/591/422 7083/584/431
f 7095/590/435 7072/571/322 7097/592/423
f 7095/590/435 7097/592/423 7096/591/422
f 7082/583/436 7081/582/437 7098/593/438
f 7082/583/436 7098/593/438 7099/594/439
f 7064/563/12 7067/566/423 7100/588/440
f 7064/563/12 7100/588/440 7101/589/282
f 7102/595/441 7103/596/425 7104/597/424
f 7102/595/441 7104/597/424 7105/598/442
f 7106/579/25 7107/581/25 7077/576/25
f 7106/579/25 7077/576/25 7076/575/25
f 7108/599/272 7109/586/269 7110/587/439
f 7108/599/272 7110/587/439 7111/600/438
f 7080/580/24 6494/578/24 6493/577/24
f 7080/580/24 6493/577/24 6492/576/24
f 7105/598/442 7104/597/424 7112/601/440
f 7105/598/442 7112/601/440 7075/574/443
f 7085/586/284 7113/599/305 7114/600/432
f 7085/586/284 7114/600/432 7086/587/431
f 7094/589/266 7093/588/427 7089/566/426
f 7094/589/266 7089/566/426 7088/563/1
f 7105/598/444 7115/602/434 7116/603/445
f 7105/598/444 7116/603/445 7102/595/446
f 7075/574/443 7112/601/440 7097/592/423
f 7075/574/443 7097/592/423 7072/571/322
f 7109/586/269 7087/564/294 7090/565/433
f 7109/586/269 7090/565/433 7110/587/439
f 7095/590/447 7082/583/436 7099/594/439
f 7095/590/447 7099/594/439 7117/604/433
f 7101/589/282 7100/588/440 7069/568/424
f 7101/589/282 7069/568/424 7068/567/298
f 7075/574/428 7074/573/427 7115/602/434
f 7075/574/428 7115/602/434 7105/598/444
f 7072/571/399 7095/590/447 7117/604/433
f 7072/571/399 7117/604/433 7073/572/426
f 7118/570/300 7119/569/445 7092/568/434
f 7118/570/300 7092/568/434 7091/567/281
f 7120/563/322 7121/564/326 7122/565/448
f 7120/563/322 7122/565/448 7123/566/449
f 7124/567/337 7125/568/450 7126/569/451
f 7124/567/337 7126/569/451 7127/570/336
f 7128/571/1 7129/572/452 7130/573/453
f 7128/571/1 7130/573/453 7131/574/454
f 7132/575/25 7133/576/25 7134/577/25
f 7132/575/25 7134/577/25 7135/578/25
f 6585/579/24 7136/580/24 6553/576/24
f 6585/579/24 6553/576/24 6586/581/24
f 7137/582/455 7138/583/456 7139/584/457
f 7137/582/455 7139/584/457 7140/585/458
f 7121/564/326 7141/586/324 7142/587/457
f 7121/564/326 7142/587/457 7122/565/448
f 7143/564/333 7144/563/288 7145/566/452
f 7143/564/333 7145/566/452 7146/565/459
f 7147/567/320 7148/568/460 7149/588/453
f 7147/567/320 7149/588/453 7150/589/306
f 7138/583/456 7151/590/461 7152/591/448
f 7138/583/456 7152/591/448 7139/584/457
f 7151/590/461 7128/571/23 7153/592/449
f 7151/590/461 7153/592/449 7152/591/448
f 7138/583/462 7137/582/463 7154/593/464
f 7138/583/462 7154/593/464 7155/594/465
f 7120/563/322 7123/566/449 7156/588/466
f 7120/563/322 7156/588/466 7157/589/321
f 7158/595/467 7159/596/451 7160/597/450
f 7158/595/467 7160/597/450 7161/598/468
f 7162/579/25 7163/581/25 7133/576/25
f 7162/579/25 7133/576/25 7132/575/25
f 7164/599/312 7165/586/309 7166/587/465
f 7164/599/312 7166/587/465 7167/600/464
f 7136/580/24 6555/578/24 6554/577/24
f 7136/580/24 6554/577/24 6553/576/24
f 7161/598/468 7160/597/450 7168/601/466
f 7161/598/468 7168/601/466 7131/574/469
f 7141/586/324 7169/599/344 7170/600/458
f 7141/586/324 7170/600/458 7142/587/457
f 7150/589/306 7149/588/453 7145/566/452
f 7150/589/306 7145/566/452 7144/563/288
f 7161/598/470 7171/602/460 7172/603/471
f 7161/598/470 7172/603/471 7158/595/472
f 7131/574/469 7168/601/466 7153/592/449
f 7131/574/469 7153/592/449 7128/571/23
f 7165/586/309 7143/564/333 7146/565/459
f 7165/586/309 7146/565/459 7166/587/465
f 7151/590/473 7138/583/462 7155/594/465
f 7151/590/473 7155/594/465 7173/604/459
f 7157/589/321 7156/588/466 7125/568/450
f 7157/589/321 7125/568/450 7124/567/337
f 7131/574/454 7130/573/453 7171/602/460
f 7131/574/454 7171/602/460 7161/598/470
f 7128/571/1 7151/590/473 7173/604/459
f 7128/571/1 7173/604/459 7129/572/452
f 7174/570/339 7175/569/471 7148/568/460
f 7174/570/339 7148/568/460 7147/567/320
f 7176/563/322 7177/564/326 7178/565/448
f 7176/563/322 7178/565/448 7179/566/449
f 7180/567/337 7181/568/450 7182/569/451
f 7180/567/337 7182/569/451 7183/570/336
f 7184/571/1 7185/572/452 7186/573/453
f 7184/571/1 7186/573/453 7187/574/454
f 7188/575/25 7189/576/25 7190/577/25
f 7188/575/25 7190/577/25 7191/578/25
f 6707/579/24 7192/580/24 6675/576/24
f 6707/579/24 6675/576/24 6708/581/24
f 7193/582/455 7194/583/456 7195/584/457
f 7193/582/455 7195/584/457 7196/585/458
f 7177/564/326 7197/586/324 7198/587/457
f 7177/564/326 7198/587/457 7178/565/448
f 7199/564/333 7200/563/288 7201/566/452
f 7199/564/333 7201/566/452 7202/565/459
f 7203/567/320 7204/568/474 7205/588/453
f 7203/567/320 7205/588/453 7206/589/306
f 7194/583/456 7207/590/461 7208/591/448
f 7194/583/456 7208/591/448 7195/584/457
f 7207/590/461 7184/571/23 7209/592/449
f 7207/590/461 7209/592/449 7208/591/448
f 7194/583/462 7193/582/463 7210/593/464
f 7194/583/462 7210/593/464 7211/594/475
f 7176/563/322 7179/566/449 7212/588/466
f 7176/563/322 7212/588/466 7213/589/321
f 7214/595/467 7215/596/451 7216/597/450
f 7214/595/467 7216/597/450 7217/598/468
f 7218/579/25 7219/581/25 7189/576/25
f 7218/579/25 7189/576/25 7188/575/25
f 7220/599/312 7221/586/309 7222/587/475
f 7220/599/312 7222/587/475 7223/600/464
f 7192/580/24 6677/578/24 6676/577/24
f 7192/580/24 6676/577/24 6675/576/24
f 7217/598/468 7216/597/450 7224/601/466
f 7217/598/468 7224/601/466 7187/574/469
f 7197/586/324 7225/599/344 7226/600/458
f 7197/586/324 7226/600/458 7198/587/457
f 7206/589/306 7205/588/453 7201/566/452
f 7206/589/306 7201/566/452 7200/563/288
f 7217/598/470 7227/602/474 7228/603/471
f 7217/598/470 7228/603/471 7214/595/472
f 7187/574/469 7224/601/466 7209/592/449
f 7187/574/469 7209/592/449 7184/571/23
f 7221/586/309 7199/564/333 7202/565/459
f 7221/586/309 7202/565/459 7222/587/475
f 7207/590/473 7194/583/462 7211/594/475
f 7207/590/473 7211/594/475 7229/604/459
f 7213/589/321 7212/588/466 7181/568/450
f 7213/589/321 7181/568/450 7180/567/337
f 7187/574/454 7186/573/453 7227/602/474
f 7187/574/454 7227/602/474 7217/598/470
f 7184/571/1 7207/590/473 7229/604/459
f 7184/571/1 7229/604/459 7185/572/452
f 7230/570/339 7231/569/471 7204/568/474
f 7230/570/339 7204/568/474 7203/567/320
f 7232/563/399 7233/564/403 7234/565/476
f 7232/563/399 7234/565/476 7235/566/477
f 7236/567/414 7237/568/478 7238/569/479
f 7236/567/414 7238/569/479 7239/570/413
f 7240/571/22 7241/572/480 7242/573/481
f 7240/571/22 7242/573/481 7243/574/482
f 7244/575/25 7245/576/25 7246/577/25
f 7244/575/25 7246/577/25 7247/578/25
f 6768/579/24 7248/580/24 6736/576/24
f 6768/579/24 6736/576/24 6769/581/24
f 7249/582/483 7250/583/484 7251/584/485
f 7249/582/483 7251/584/485 7252/585/486
f 7233/564/403 7253/586/401 7254/587/485
f 7233/564/403 7254/587/485 7234/565/476
f 7255/564/410 7256/563/273 7257/566/480
f 7255/564/410 7257/566/480 7258/565/487
f 7259/567/397 7260/568/488 7261/588/481
f 7259/567/397 7261/588/481 7262/589/383
f 7250/583/484 7263/590/489 7264/591/476
f 7250/583/484 7264/591/476 7251/584/485
f 7263/590/489 7240/571/1 7265/592/477
f 7263/590/489 7265/592/477 7264/591/476
f 7250/583/490 7249/582/491 7266/593/492
f 7250/583/490 7266/593/492 7267/594/493
f 7232/563/399 7235/566/477 7268/588/494
f 7232/563/399 7268/588/494 7269/589/398
f 7270/595/495 7271/596/479 7272/597/478
f 7270/595/495 7272/597/478 7273/598/496
f 7274/579/25 7275/581/25 7245/576/25
f 7274/579/25 7245/576/25 7244/575/25
f 7276/599/389 7277/586/386 7278/587/493
f 7276/599/389 7278/587/493 7279/600/492
f 7248/580/24 6738/578/24 6737/577/24
f 7248/580/24 6737/577/24 6736/576/24
f 7273/598/496 7272/597/478 7280/601/494
f 7273/598/496 7280/601/494 7243/574/497
f 7253/586/401 7281/599/421 7282/600/486
f 7253/586/401 7282/600/486 7254/587/485
f 7262/589/383 7261/588/481 7257/566/480
f 7262/589/383 7257/566/480 7256/563/273
f 7273/598/498 7283/602/488 7284/603/499
f 7273/598/498 7284/603/499 7270/595/500
f 7243/574/497 7280/601/494 7265/592/477
f 7243/574/497 7265/592/477 7240/571/1
f 7277/586/386 7255/564/410 7258/565/487
f 7277/586/386 7258/565/487 7278/587/493
f 7263/590/501 7250/583/490 7267/594/493
f 7263/590/501 7267/594/493 7285/604/487
f 7269/589/398 7268/588/494 7237/568/478
f 7269/589/398 7237/568/478 7236/567/414
f 7243/574/482 7242/573/481 7283/602/488
f 7243/574/482 7283/602/488 7273/598/498
f 7240/571/22 7263/590/501 7285/604/487
f 7240/571/22 7285/604/487 7241/572/480
f 7286/570/416 7287/569/499 7260/568/488
f 7286/570/416 7260/568/488 7259/567/397
f 7288/605/22 7289/606/22 1984/76/22
f 7288/605/22 1984/76/22 1983/75/22
f 7290/605/23 7291/606/23 2772/76/23
f 7290/605/23 2772/76/23 2771/75/23
f 7292/605/22 7293/606/22 364/76/22
f 7292/605/22 364/76/22 363/75/22
f 7294/605/23 7295/606/23 952/76/23
f 7294/605/23 952/76/23 951/75/23
f 7296/605/22 7297/606/22 2068/76/22
f 7296/605/22 2068/76/22 2067/75/22
f 7298/605/23 7299/606/23 2688/76/23
f 7298/605/23 2688/76/23 2687/75/23
f 7300/605/22 7301/606/22 448/76/22
f 7300/605/22 448/76/22 447/75/22
f 7302/605/23 7303/606/23 868/76/23
f 7302/605/23 868/76/23 867/75/23
f 7304/605/23 7305/606/23 2940/76/23
f 7304/605/23 2940/76/23 2939/75/23
f 7306/605/23 7307/606/23 1120/76/23
f 7306/605/23 1120/76/23 1119/75/23
f 7308/605/23 7309/606/23 2856/76/23
f 7308/605/23 2856/76/23 2855/75/23
f 7310/605/23 7311/606/23 1036/76/23
f 7310/605/23 1036/76/23 1035/75/23
f 7312/605/23 7313/606/23 3108/76/23
f 7312/605/23 3108/76/23 3107/75/23
f 7314/605/23 7315/606/23 1288/76/23
f 7314/605/23 1288/76/23 1287/75/23
f 7316/605/23 7317/606/23 3024/76/23
f 7316/605/23 3024/76/23 3023/75/23
f 7318/605/23 7319/606/23 1204/76/23
f 7318/605/23 1204/76/23 1203/75/23
f 7320/605/12 7321/606/12 3276/76/12
f 7320/605/12 3276/76/12 3275/75/12
f 7322/605/12 7323/606/12 1456/76/12
f 7322/605/12 1456/76/12 1455/75/12
f 7324/605/12 7325/606/12 3192/76/12
f 7324/605/12 3192/76/12 3191/75/12
f 7326/605/12 7327/606/12 1372/76/12
f 7326/605/12 1372/76/12 1371/75/12
f 7328/605/12 7329/606/12 3444/76/12
f 7328/605/12 3444/76/12 3443/75/12
f 7330/605/12 7331/606/12 1624/76/12
f 7330/605/12 1624/76/12 1623/75/12
f 7332/605/22 7333/606/22 2156/76/22
f 7332/605/22 2156/76/22 2155/75/22
f 7334/605/22 7335/606/22 196/76/22
f 7334/605/22 196/76/22 195/75/22
f 7336/605/22 7337/606/22 280/76/22
f 7336/605/22 280/76/22 279/75/22
f 7338/605/22 7339/606/22 2240/76/22
f 7338/605/22 2240/76/22 2239/75/22
f 7340/605/1 7341/606/1 616/76/1
f 7340/605/1 616/76/1 615/75/1
f 7342/605/1 7343/606/1 532/76/1
f 7342/605/1 532/76/1 531/75/1
f 7344/605/1 7345/606/1 700/76/1
f 7344/605/1 700/76/1 699/75/1
f 7346/605/1 7347/606/1 784/76/1
f 7346/605/1 784/76/1 783/75/1
f 7348/605/1 7349/606/1 2604/76/1
f 7348/605/1 2604/76/1 2603/75/1
f 7350/605/1 7351/606/1 2520/76/1
f 7350/605/1 2520/76/1 2519/75/1
f 7352/605/1 7353/606/1 2352/76/1
f 7352/605/1 2352/76/1 2351/75/1
f 7354/605/1 7355/606/1 2436/76/1
f 7354/605/1 2436/76/1 2435/75/1
f 7356/605/12 7357/606/12 3360/76/12
f 7356/605/12 3360/76/12 3359/75/12
f 7358/605/12 7359/606/12 1540/76/12
f 7358/605/12 1540/76/12 1539/75/12
# Vertices: 7359, normals: 501, texture coordinates: 606, faces: 5988

