# Blender 5.2.1 LTS
# www.blender.org
mtllib KIWIFINA.mtl
o Sphere
o Sphere.001
v 0.000000 8.603742 -0.423658
v 0.253021 8.557635 -0.725197
v 0.475525 8.357783 -0.976385
v 0.640673 8.051593 -1.117278
v 0.728546 7.675994 -1.222001
v 0.712364 7.269429 -1.277925
v 0.329398 8.557635 -0.478031
v 0.681943 8.362444 -0.514838
v 0.974974 8.038651 -0.526830
v 1.119257 7.654932 -0.536589
v 1.166684 7.202171 -0.545764
v 0.320336 8.557635 -0.608604
v 0.923902 7.665463 -0.886285
v 0.340895 8.548645 -0.226842
v 0.672926 8.361630 0.016139
v 0.983404 8.036910 0.144601
v 1.120694 7.664115 0.212954
v 1.161631 7.363821 0.212954
v 0.115212 8.549868 -0.053766
v 0.214311 8.334482 0.341417
v 0.322105 8.020524 0.539009
v 0.418091 7.675994 0.680623
v 0.000000 8.557635 -0.817289
v 0.000000 8.357783 -1.191405
v 0.000000 8.074118 -1.408717
v 0.000000 7.704732 -1.574162
v 0.000000 7.293378 -1.632586
v 0.000000 7.715324 0.812444
v 0.000000 8.070471 0.644876
v 0.000000 8.557635 -0.053766
v 0.000000 8.357783 0.341417
v 0.598904 8.030107 0.404178
v 0.443715 8.333600 0.197656
v 0.806370 7.646057 0.559701
v 0.224278 8.548645 -0.140304
v 0.886542 6.630705 0.123555
v 0.689443 6.700161 0.361071
v 0.462275 6.181078 0.074594
v 1.141132 7.668389 -0.154764
v 1.189874 7.261984 -0.151938
v 1.014661 6.584739 -0.151938
v 0.731374 6.281626 -0.156860
v 0.907033 6.340664 -0.394396
v 0.981959 6.540761 -0.519714
v 0.602035 8.357783 -0.757262
v 0.848601 8.048229 -0.822054
v 0.968975 7.235735 -0.967768
v 0.364273 7.276290 -1.480413
v 0.364273 7.675994 -1.438471
v 0.237762 8.357783 -1.104866
v 0.126511 8.557635 -0.771243
v 0.320336 8.070233 -1.303775
v 0.708585 8.360564 -0.274387
v 0.366913 8.557635 -0.359908
v 1.012303 8.046905 -0.182912
v 0.827835 6.509669 -0.818638
v 0.958095 6.946924 0.166220
v 0.720968 6.956674 0.406964
v 1.129256 6.819955 -0.151938
v 1.108082 6.840455 -0.530676
v 0.916521 6.850496 -0.925825
v 0.728968 6.097816 -0.566360
v 0.670292 6.854663 -1.277924
v 0.608802 6.506824 -1.152097
v 0.560081 6.234643 -0.814739
v 0.340324 6.835893 -1.452451
v 0.291003 6.443315 -1.365770
v 0.286792 6.069236 -0.931780
v 0.000000 6.835401 -1.601606
v 0.000000 6.437541 -1.504542
v 0.276823 6.272696 -1.194068
v 0.000000 6.149323 -1.303401
v 0.000000 5.898363 -0.870205
v 0.583989 6.641955 -0.224780
v 0.000000 6.536431 -0.876378
v 0.704681 6.701285 0.005138
v 0.882573 7.514781 0.005138
v 0.000000 6.363539 -0.558468
v 0.414623 6.557063 -0.561167
v 0.727070 8.094868 -0.045392
v 0.415141 6.452270 0.052500
v 0.655277 7.290359 0.641290
v 0.949472 7.294075 0.531653
v 1.231191 7.136027 0.135045
v 0.910690 7.033829 0.501759
v 1.115972 7.049579 0.390182
v 1.435835 6.776958 0.047521
v 0.776901 7.031546 0.005138
v 0.237188 7.426150 0.691448
v 0.000000 7.472857 0.788921
v 0.000000 7.229533 0.686482
v -0.253021 8.557635 -0.725197
v -0.475525 8.357783 -0.976385
v -0.640673 8.051593 -1.117278
v -0.728546 7.675994 -1.222001
v -0.712364 7.269429 -1.277925
v -0.329398 8.557635 -0.478031
v -0.681943 8.362444 -0.514838
v -0.974974 8.038651 -0.526830
v -1.119257 7.654932 -0.536589
v -1.166684 7.202171 -0.545764
v -0.320336 8.557635 -0.608604
v -0.923902 7.665463 -0.886285
v -0.340895 8.548645 -0.226842
v -0.672926 8.361630 0.016139
v -0.983404 8.036910 0.144601
v -1.120694 7.664115 0.212954
v -1.161631 7.363821 0.212954
v -0.115212 8.549868 -0.053766
v -0.214311 8.334482 0.341417
v -0.322105 8.020524 0.539009
v -0.418091 7.675994 0.680623
v -0.598904 8.030107 0.404178
v -0.443715 8.333600 0.197656
v -0.806370 7.646057 0.559701
v -0.224278 8.548645 -0.140304
v -0.886542 6.630705 0.123555
v -0.689443 6.700161 0.361071
v -0.462275 6.181078 0.074594
v -1.141132 7.668389 -0.154764
v -1.189874 7.261984 -0.151938
v -1.014661 6.584739 -0.151938
v -0.731374 6.281626 -0.156860
v -0.907033 6.340664 -0.394396
v -0.981959 6.540761 -0.519714
v -0.602035 8.357783 -0.757262
v -0.848601 8.048229 -0.822054
v -0.968975 7.235735 -0.967768
v -0.364273 7.276290 -1.480413
v -0.364273 7.675994 -1.438471
v -0.237762 8.357783 -1.104866
v -0.126511 8.557635 -0.771243
v -0.320336 8.070233 -1.303775
v -0.708585 8.360564 -0.274387
v -0.366913 8.557635 -0.359908
v -1.012303 8.046905 -0.182912
v -0.827835 6.509669 -0.818638
v -0.958095 6.946924 0.166220
v -0.720968 6.956674 0.406964
v -1.129256 6.819955 -0.151938
v -1.108082 6.840455 -0.530676
v -0.916521 6.850496 -0.925825
v -0.728968 6.097816 -0.566360
v -0.670292 6.854663 -1.277924
v -0.608802 6.506824 -1.152097
v -0.560081 6.234643 -0.814739
v -0.340324 6.835893 -1.452451
v -0.291003 6.443315 -1.365770
v -0.286792 6.069236 -0.931780
v -0.276823 6.272696 -1.194068
v -0.583989 6.641955 -0.224780
v -0.704681 6.701285 0.005138
v -0.882573 7.514781 0.005138
v -0.414623 6.557063 -0.561167
v -0.727070 8.094868 -0.045392
v -0.415141 6.452270 0.052500
v -0.655277 7.290359 0.641290
v -0.949472 7.294075 0.531653
v -1.231191 7.136027 0.135045
v -0.910690 7.033829 0.501759
v -1.115972 7.049579 0.390182
v -1.435835 6.776958 0.047521
v -0.776901 7.031546 0.005138
v -0.237188 7.426150 0.691448
vn 0.5054 0.0940 -0.8578
vn 0.2210 0.8593 -0.4612
vn 0.4162 0.5762 -0.7034
vn 0.4848 0.3344 -0.8082
vn 0.0423 0.9923 -0.1162
vn 0.7168 0.6433 -0.2691
vn 0.8607 0.2872 -0.4204
vn 0.1212 0.9919 -0.0374
vn 0.8857 0.1384 -0.4432
vn 0.4968 0.8582 -0.1292
vn 0.8097 0.2881 -0.5112
vn 0.8172 0.1208 -0.5636
vn 0.1317 0.9904 -0.0418
vn 0.9914 0.1115 -0.0681
vn 0.4947 0.8650 -0.0840
vn 0.7326 0.6749 -0.0876
vn 0.9908 0.1259 0.0491
vn 0.9385 0.3342 -0.0866
vn 0.3724 0.6141 0.6959
vn 0.3292 0.4709 0.8185
vn 0.0951 0.9886 0.1170
vn 0.2745 0.8766 0.3954
vn 0.0667 0.9901 0.1234
vn 0.2317 0.6469 0.7265
vn 0.0836 0.8864 0.4552
vn 0.3230 0.4192 0.8485
vn 0.2333 0.8891 0.3939
vn 0.5721 0.4612 0.6783
vn 0.4193 0.6492 0.6346
vn 0.5388 -0.5754 0.6153
vn -0.9077 0.4180 -0.0375
vn 0.4298 -0.3133 -0.8468
vn 0.8872 -0.2923 0.3569
vn 0.6622 -0.6256 0.4124
vn 0.9878 -0.1475 -0.0492
vn 0.9277 -0.3713 -0.0381
vn 0.4605 0.8469 -0.2659
vn 0.6747 0.5964 -0.4348
vn 0.3244 0.3621 -0.8739
vn 0.2651 0.5926 -0.7606
vn 0.1690 0.8693 -0.4644
vn 0.3713 0.1140 -0.9215
vn 0.4624 0.8827 0.0838
vn 0.1091 0.9901 0.0882
vn 0.9371 0.3414 0.0735
vn 0.7035 0.7057 0.0837
vn 0.8404 -0.3571 -0.4077
vn 0.7011 -0.2305 0.6747
vn 0.8089 -0.3116 0.4986
vn 0.8870 -0.1648 -0.4313
vn 0.9102 -0.4107 -0.0528
vn 0.8204 -0.4287 -0.3784
vn 0.7868 -0.1247 -0.6045
vn 0.7756 -0.3475 -0.5270
vn 0.6473 -0.6362 -0.4198
vn 0.4858 -0.0660 -0.8716
vn 0.5176 -0.3067 -0.7987
vn 0.5073 -0.6552 -0.5598
vn 0.3908 -0.0706 -0.9178
vn 0.4056 -0.2309 -0.8844
vn 0.4337 -0.5763 -0.6927
vn 0.5041 -0.7473 -0.4329
vn -0.7450 -0.1839 0.6412
vn 0.1495 -0.1238 -0.9810
vn -0.6167 -0.2389 -0.7501
vn -0.2100 -0.6409 0.7384
vn -0.5240 -0.3499 -0.7765
vn -0.0745 -0.0623 0.9953
vn 0.4443 -0.4213 0.7906
vn -0.9368 -0.1935 -0.2914
vn -0.8037 -0.4468 -0.3929
vn 0.4140 0.1476 0.8982
vn 0.7565 0.0063 0.6539
vn 0.8306 0.3592 0.4255
vn -0.0119 -0.9967 0.0808
vn -0.0471 -0.9626 0.2667
vn -0.5689 -0.6733 0.4723
vn 0.6341 -0.7621 -0.1307
vn 0.3769 -0.8137 -0.4425
vn 0.6388 -0.3699 0.6746
vn 0.3218 0.0797 0.9435
vn 0.7582 0.1871 0.6246
vn 0.4048 -0.1637 0.8996
vn 0.8342 0.1739 0.5233
vn 0.4547 -0.4399 0.7744
vn 0.8071 0.3428 0.4807
vn -0.6989 -0.2336 -0.6760
vn -0.6737 -0.1251 -0.7283
vn -0.9663 0.1135 -0.2309
vn -0.8117 -0.3356 -0.4780
vn -0.9810 0.1792 -0.0742
vn 0.3109 -0.1385 0.9403
vn 0.2894 -0.3714 0.8822
vn -0.5054 0.0940 -0.8578
vn -0.2210 0.8593 -0.4612
vn -0.4162 0.5762 -0.7034
vn -0.4848 0.3344 -0.8082
vn -0.0423 0.9923 -0.1162
vn -0.7168 0.6433 -0.2691
vn -0.8607 0.2872 -0.4204
vn -0.1212 0.9919 -0.0374
vn -0.8857 0.1384 -0.4432
vn -0.4968 0.8582 -0.1292
vn -0.8097 0.2881 -0.5112
vn -0.8172 0.1208 -0.5636
vn -0.1317 0.9904 -0.0418
vn -0.9914 0.1115 -0.0681
vn -0.4947 0.8650 -0.0840
vn -0.7326 0.6749 -0.0876
vn -0.9908 0.1259 0.0491
vn -0.9385 0.3342 -0.0866
vn -0.3724 0.6141 0.6959
vn -0.3292 0.4709 0.8185
vn -0.0951 0.9886 0.1170
vn -0.2745 0.8766 0.3954
vn -0.0667 0.9901 0.1234
vn -0.2317 0.6469 0.7265
vn -0.0836 0.8864 0.4552
vn -0.3230 0.4192 0.8485
vn -0.2333 0.8891 0.3939
vn -0.5721 0.4612 0.6783
vn -0.4193 0.6492 0.6346
vn -0.5388 -0.5754 0.6153
vn 0.9077 0.4180 -0.0375
vn -0.4298 -0.3133 -0.8468
vn -0.8872 -0.2923 0.3569
vn -0.6622 -0.6256 0.4124
vn -0.9878 -0.1475 -0.0492
vn -0.9277 -0.3713 -0.0381
vn -0.4605 0.8469 -0.2659
vn -0.6747 0.5964 -0.4348
vn -0.3244 0.3621 -0.8739
vn -0.2651 0.5926 -0.7606
vn -0.1690 0.8693 -0.4644
vn -0.3713 0.1140 -0.9215
vn -0.4624 0.8827 0.0838
vn -0.1091 0.9901 0.0882
vn -0.9371 0.3414 0.0735
vn -0.7035 0.7057 0.0837
vn -0.8404 -0.3571 -0.4077
vn -0.7011 -0.2305 0.6747
vn -0.8089 -0.3116 0.4986
vn -0.8870 -0.1648 -0.4313
vn -0.9102 -0.4107 -0.0528
vn -0.8204 -0.4287 -0.3784
vn -0.7868 -0.1247 -0.6045
vn -0.7756 -0.3475 -0.5270
vn -0.6473 -0.6362 -0.4198
vn -0.4858 -0.0660 -0.8716
vn -0.5176 -0.3067 -0.7987
vn -0.5073 -0.6552 -0.5598
vn -0.3908 -0.0706 -0.9178
vn -0.4056 -0.2309 -0.8844
vn -0.4337 -0.5763 -0.6927
vn -0.5041 -0.7473 -0.4329
vn 0.7450 -0.1839 0.6412
vn -0.1495 -0.1238 -0.9810
vn 0.6167 -0.2389 -0.7501
vn 0.2100 -0.6409 0.7384
vn 0.5240 -0.3499 -0.7765
vn 0.0745 -0.0623 0.9953
vn -0.4443 -0.4213 0.7906
vn 0.9368 -0.1935 -0.2914
vn 0.8037 -0.4468 -0.3929
vn -0.8306 0.3592 0.4255
vn 0.0119 -0.9967 0.0808
vn 0.0471 -0.9626 0.2667
vn 0.5689 -0.6733 0.4723
vn -0.6341 -0.7621 -0.1307
vn -0.3769 -0.8137 -0.4425
vn -0.6388 -0.3699 0.6746
vn -0.3218 0.0797 0.9435
vn -0.7582 0.1871 0.6246
vn -0.4048 -0.1637 0.8996
vn -0.8342 0.1739 0.5233
vn -0.4547 -0.4399 0.7744
vn -0.8071 0.3428 0.4807
vn 0.6989 -0.2336 -0.6760
vn 0.6737 -0.1251 -0.7283
vn 0.9663 0.1135 -0.2309
vn 0.8117 -0.3356 -0.4780
vn 0.9810 0.1792 -0.0742
vn -0.3109 -0.1385 0.9403
vn -0.2894 -0.3714 0.8822
vn -0.0000 -0.0281 -0.9996
vt 0.492180 0.259436
vt 0.346976 0.259436
vt 0.346976 0.272228
vt 0.494672 0.271660
vt 0.099297 0.254994
vt 0.026694 0.251087
vt 0.026694 0.255530
vt 0.099297 0.263343
vt 0.203758 0.257894
vt 0.210530 0.269143
vt 0.026694 0.246645
vt 0.009946 0.246645
vt 0.211752 0.276444
vt 0.099297 0.267786
vt 0.097604 0.270592
vt 0.215231 0.280882
vt 0.350802 0.279088
vt 0.354628 0.285948
vt 0.026694 0.258212
vt 0.026694 0.257894
vt 0.506912 0.280671
vt 0.519105 0.287614
vt 0.026694 0.259529
vt 0.349738 0.286716
vt 0.497377 0.288428
vt 0.098287 0.271527
vt 0.212233 0.282192
vt 0.351291 0.285999
vt 0.460381 0.287436
vt 0.218335 0.267676
vt 0.108083 0.262226
vt 0.107762 0.254170
vt 0.221816 0.257956
vt 0.357851 0.274961
vt 0.346976 0.261327
vt 0.029962 0.258615
vt 0.029517 0.250691
vt 0.029962 0.254521
vt 0.099297 0.246645
vt 0.203672 0.246645
vt 0.332689 0.246645
vt 0.097900 0.270275
vt 0.215863 0.281178
vt 0.726707 0.277776
vt 0.701475 0.270855
vt 0.890045 0.262878
vt 0.701067 0.271390
vt 0.611831 0.280289
vt 0.657956 0.286299
vt 0.743405 0.282275
vt 0.853519 0.272328
vt 0.650508 0.285556
vt 0.759382 0.281127
vt 0.832072 0.278496
vt 0.336536 0.246645
vt 0.202347 0.246645
vt 0.485972 0.246645
vt 0.646861 0.278829
vt 0.770676 0.275715
vt 0.608289 0.271962
vt 0.920293 0.272243
vt 0.645348 0.270183
vt 0.771710 0.268023
vt 0.870587 0.266313
vt 0.652166 0.258595
vt 0.794781 0.256864
vt 0.930676 0.256716
vt 0.652345 0.246645
vt 0.796879 0.246645
vt 0.856764 0.256366
vt 0.901582 0.246645
vt 0.992751 0.246645
vt 0.722619 0.267152
vt 0.753459 0.261205
vt 0.760954 0.246645
vt 0.791529 0.261223
vt 0.823762 0.246645
vt 0.487069 0.269655
vt 0.485718 0.279986
vt 0.580261 0.278624
vt 0.574539 0.285833
vt 0.543134 0.289879
vt 0.673576 0.297065
vt 0.405541 0.277637
vt 0.581090 0.273926
vt 0.194808 0.272177
vt 0.420771 0.246645
vt 0.437739 0.254974
vt 0.509165 0.246645
vt 0.492180 0.233853
vt 0.494672 0.221630
vt 0.346976 0.221062
vt 0.346976 0.233853
vt 0.099297 0.238296
vt 0.099297 0.229946
vt 0.026694 0.237760
vt 0.026694 0.242203
vt 0.203758 0.235396
vt 0.210530 0.224147
vt 0.211752 0.216846
vt 0.215231 0.212408
vt 0.097604 0.222698
vt 0.099297 0.225504
vt 0.350802 0.214202
vt 0.354628 0.207341
vt 0.026694 0.235396
vt 0.026694 0.235078
vt 0.506912 0.212619
vt 0.519105 0.205676
vt 0.026694 0.233761
vt 0.497377 0.204862
vt 0.349738 0.206573
vt 0.098287 0.221763
vt 0.212233 0.211097
vt 0.460381 0.205854
vt 0.351291 0.207291
vt 0.218335 0.225614
vt 0.221816 0.235334
vt 0.107762 0.239119
vt 0.108083 0.231064
vt 0.357851 0.218329
vt 0.346976 0.231963
vt 0.029962 0.234674
vt 0.029962 0.238769
vt 0.029517 0.242599
vt 0.097900 0.223015
vt 0.215863 0.212112
vt 0.726707 0.215513
vt 0.890045 0.230412
vt 0.701475 0.222435
vt 0.701067 0.221900
vt 0.657956 0.206990
vt 0.611831 0.213001
vt 0.743405 0.211015
vt 0.853519 0.220962
vt 0.650508 0.207734
vt 0.759382 0.212163
vt 0.832072 0.214794
vt 0.646861 0.214461
vt 0.770676 0.217575
vt 0.608289 0.221328
vt 0.920293 0.221047
vt 0.645348 0.223107
vt 0.771710 0.225267
vt 0.870587 0.226977
vt 0.652166 0.234694
vt 0.794781 0.236426
vt 0.930676 0.236574
vt 0.856764 0.236924
vt 0.722619 0.226138
vt 0.753459 0.232085
vt 0.791529 0.232067
vt 0.487069 0.223634
vt 0.485718 0.213304
vt 0.574539 0.207457
vt 0.580261 0.214666
vt 0.543134 0.203411
vt 0.673576 0.196225
vt 0.405541 0.215653
vt 0.581090 0.219364
vt 0.194808 0.221113
vt 0.437739 0.238316
s 0
usemtl Gradiant
f 48/1/1 49/2/1 5/3/1 6/4/1
f 50/5/2 51/6/2 2/7/2 3/8/2
f 52/9/3 50/5/3 3/8/3 4/10/3
f 49/2/4 52/9/4 4/10/4 5/3/4
f 23/11/5 1/12/5 2/7/5 51/6/5
f 46/13/6 45/14/6 8/15/6 9/16/6
f 13/17/7 46/13/7 9/16/7 10/18/7
f 2/7/8 1/12/8 7/19/8 12/20/8
f 47/21/9 13/17/9 10/18/9 11/22/9
f 45/14/10 12/20/10 7/19/10 8/15/10
f 5/3/11 4/10/11 46/13/11 13/17/11
f 6/4/12 5/3/12 13/17/12 47/21/12
f 7/19/13 1/12/13 54/23/13
f 11/22/14 10/18/14 39/24/14 40/25/14
f 8/15/15 7/19/15 54/23/15 53/26/15
f 9/16/16 8/15/16 53/26/16 55/27/16
f 40/25/17 39/24/17 17/28/17 18/29/17
f 10/18/18 9/16/18 55/27/18 39/24/18
f 32/30/19 33/31/19 20/32/19 21/33/19
f 34/34/20 32/30/20 21/33/20 22/35/20
f 14/36/21 1/12/21 19/37/21 35/38/21
f 33/31/22 35/38/22 19/37/22 20/32/22
f 19/37/23 1/12/23 30/11/23
f 21/33/24 20/32/24 31/39/24 29/40/24
f 20/32/25 19/37/25 30/11/25 31/39/25
f 22/35/26 21/33/26 29/40/26 28/41/26
f 15/42/27 14/36/27 35/38/27 33/31/27
f 17/28/28 16/43/28 32/30/28 34/34/28
f 16/43/29 15/42/29 33/31/29 32/30/29
f 36/44/30 37/45/30 38/46/30
f 38/46/31 37/45/31 76/47/31
f 38/46/32 76/47/32 36/44/32
f 40/25/33 18/29/33 57/48/33 59/49/33
f 41/50/34 36/44/34 42/51/34
f 11/22/35 40/25/35 59/49/35 60/52/35
f 44/53/36 41/50/36 43/54/36
f 3/8/37 2/7/37 12/20/37 45/14/37
f 4/10/38 3/8/38 45/14/38 46/13/38
f 26/55/39 25/56/39 52/9/39 49/2/39
f 25/56/40 24/39/40 50/5/40 52/9/40
f 24/39/41 23/11/41 51/6/41 50/5/41
f 27/57/42 26/55/42 49/2/42 48/1/42
f 53/26/43 54/23/43 14/36/43 15/42/43
f 54/23/44 1/12/44 14/36/44
f 39/24/45 55/27/45 16/43/45 17/28/45
f 55/27/46 53/26/46 15/42/46 16/43/46
f 61/58/47 60/52/47 44/53/47 56/59/47
f 57/48/48 58/60/48 37/45/48 36/44/48
f 59/49/49 57/48/49 36/44/49 41/50/49
f 47/21/50 11/22/50 60/52/50 61/58/50
f 60/52/51 59/49/51 41/50/51 44/53/51
f 56/59/52 44/53/52 62/61/52
f 6/4/53 47/21/53 61/58/53 63/62/53
f 63/62/54 61/58/54 56/59/54 64/63/54
f 64/63/55 56/59/55 65/64/55
f 48/1/56 6/4/56 63/62/56 66/65/56
f 66/65/57 63/62/57 64/63/57 67/66/57
f 67/66/58 64/63/58 68/67/58
f 27/57/59 48/1/59 66/65/59 69/68/59
f 69/68/60 66/65/60 67/66/60 70/69/60
f 70/69/61 67/66/61 71/70/61 72/71/61
f 72/71/62 71/70/62 73/72/62
f 42/51/63 36/44/63 74/73/63
f 41/50/64 42/51/64 74/73/64
f 44/53/65 43/54/65 74/73/65
f 43/54/66 41/50/66 74/73/66
f 56/59/67 62/61/67 79/74/67
f 62/61/68 44/53/68 79/74/68
f 65/64/69 56/59/69 79/74/69
f 64/63/70 65/64/70 79/74/70
f 67/66/71 68/67/71 75/75/71
f 68/67/72 64/63/72 75/75/72
f 73/72/73 71/70/73 75/75/73
f 71/70/74 67/66/74 75/75/74
f 75/75/75 64/63/75 79/74/75
f 79/74/76 44/53/76 74/73/76
f 76/47/77 74/73/77 36/44/77
f 76/47/78 81/76/78 79/74/78
f 75/75/79 79/74/79 78/77/79
f 82/78/80 58/60/80 57/48/80 18/29/80
f 34/34/81 22/35/81 82/78/81 83/79/81
f 17/28/82 34/34/82 83/79/82 18/29/82
f 83/79/83 82/78/83 85/80/83 86/81/83
f 18/29/84 83/79/84 86/81/84 84/82/84
f 86/81/85 85/80/85 87/83/85
f 84/82/86 86/81/86 87/83/86
f 87/83/87 85/80/87 84/82/87
f 84/82/88 85/80/88 82/78/88 18/29/88
f 77/84/89 88/85/89 58/60/89 82/78/89
f 80/86/90 77/84/90 82/78/90 22/35/90
f 58/60/91 88/85/91 76/47/91 37/45/91
f 22/35/92 28/41/92 90/87/92 89/88/92
f 89/88/93 90/87/93 91/89/93
f 129/90/94 96/91/94 95/92/94 130/93/94
f 131/94/95 93/95/95 92/96/95 132/97/95
f 133/98/96 94/99/96 93/95/96 131/94/96
f 130/93/97 95/92/97 94/99/97 133/98/97
f 23/11/98 132/97/98 92/96/98 1/12/98
f 127/100/99 99/101/99 98/102/99 126/103/99
f 103/104/100 100/105/100 99/101/100 127/100/100
f 92/96/101 102/106/101 97/107/101 1/12/101
f 128/108/102 101/109/102 100/105/102 103/104/102
f 126/103/103 98/102/103 97/107/103 102/106/103
f 95/92/104 103/104/104 127/100/104 94/99/104
f 96/91/105 128/108/105 103/104/105 95/92/105
f 97/107/106 135/110/106 1/12/106
f 101/109/107 121/111/107 120/112/107 100/105/107
f 98/102/108 134/113/108 135/110/108 97/107/108
f 99/101/109 136/114/109 134/113/109 98/102/109
f 121/111/110 108/115/110 107/116/110 120/112/110
f 100/105/111 120/112/111 136/114/111 99/101/111
f 113/117/112 111/118/112 110/119/112 114/120/112
f 115/121/113 112/122/113 111/118/113 113/117/113
f 104/123/114 116/124/114 109/125/114 1/12/114
f 114/120/115 110/119/115 109/125/115 116/124/115
f 109/125/116 30/11/116 1/12/116
f 111/118/117 29/40/117 31/39/117 110/119/117
f 110/119/118 31/39/118 30/11/118 109/125/118
f 112/122/119 28/41/119 29/40/119 111/118/119
f 105/126/120 114/120/120 116/124/120 104/123/120
f 107/116/121 115/121/121 113/117/121 106/127/121
f 106/127/122 113/117/122 114/120/122 105/126/122
f 117/128/123 119/129/123 118/130/123
f 119/129/124 152/131/124 118/130/124
f 119/129/125 117/128/125 152/131/125
f 121/111/126 140/132/126 138/133/126 108/115/126
f 122/134/127 123/135/127 117/128/127
f 101/109/128 141/136/128 140/132/128 121/111/128
f 125/137/129 124/138/129 122/134/129
f 93/95/130 126/103/130 102/106/130 92/96/130
f 94/99/131 127/100/131 126/103/131 93/95/131
f 26/55/132 130/93/132 133/98/132 25/56/132
f 25/56/133 133/98/133 131/94/133 24/39/133
f 24/39/134 131/94/134 132/97/134 23/11/134
f 27/57/135 129/90/135 130/93/135 26/55/135
f 134/113/136 105/126/136 104/123/136 135/110/136
f 135/110/137 104/123/137 1/12/137
f 120/112/138 107/116/138 106/127/138 136/114/138
f 136/114/139 106/127/139 105/126/139 134/113/139
f 142/139/140 137/140/140 125/137/140 141/136/140
f 138/133/141 117/128/141 118/130/141 139/141/141
f 140/132/142 122/134/142 117/128/142 138/133/142
f 128/108/143 142/139/143 141/136/143 101/109/143
f 141/136/144 125/137/144 122/134/144 140/132/144
f 137/140/145 143/142/145 125/137/145
f 96/91/146 144/143/146 142/139/146 128/108/146
f 144/143/147 145/144/147 137/140/147 142/139/147
f 145/144/148 146/145/148 137/140/148
f 129/90/149 147/146/149 144/143/149 96/91/149
f 147/146/150 148/147/150 145/144/150 144/143/150
f 148/147/151 149/148/151 145/144/151
f 27/57/152 69/68/152 147/146/152 129/90/152
f 69/68/153 70/69/153 148/147/153 147/146/153
f 70/69/154 72/71/154 150/149/154 148/147/154
f 72/71/155 73/72/155 150/149/155
f 123/135/156 151/150/156 117/128/156
f 122/134/157 151/150/157 123/135/157
f 125/137/158 151/150/158 124/138/158
f 124/138/159 151/150/159 122/134/159
f 137/140/160 154/151/160 143/142/160
f 143/142/161 154/151/161 125/137/161
f 146/145/162 154/151/162 137/140/162
f 145/144/163 154/151/163 146/145/163
f 148/147/164 75/75/164 149/148/164
f 150/149/165 75/75/165 148/147/165
f 75/75/166 154/151/166 145/144/166
f 154/151/167 151/150/167 125/137/167
f 152/131/168 117/128/168 151/150/168
f 152/131/169 154/151/169 156/152/169
f 75/75/170 78/77/170 154/151/170
f 157/153/171 108/115/171 138/133/171 139/141/171
f 115/121/172 158/154/172 157/153/172 112/122/172
f 107/116/173 108/115/173 158/154/173 115/121/173
f 158/154/174 161/155/174 160/156/174 157/153/174
f 108/115/175 159/157/175 161/155/175 158/154/175
f 161/155/176 162/158/176 160/156/176
f 159/157/177 162/158/177 161/155/177
f 162/158/178 159/157/178 160/156/178
f 159/157/179 108/115/179 157/153/179 160/156/179
f 153/159/180 157/153/180 139/141/180 163/160/180
f 155/161/181 112/122/181 157/153/181 153/159/181
f 139/141/182 118/130/182 152/131/182 163/160/182
f 112/122/183 164/162/183 90/87/183 28/41/183
f 164/162/184 91/89/184 90/87/184
f 22/35/185 89/88/185 91/89/185 164/162/185 112/122/185
o Cube
v 0.342785 7.640713 -0.213164
v 0.709879 8.180757 -0.153174
v 0.807254 7.513481 -0.709582
v 1.047844 8.144054 -0.530727
v 0.598869 7.504004 0.061477
v 0.765159 8.004444 0.220890
v 1.063338 7.376772 -0.434941
v 1.301180 7.888638 -0.347878
v 0.456642 7.772785 -0.622287
v 0.809553 8.295547 -0.461414
v 0.509045 7.726862 -0.561486
v 0.766665 8.007588 -0.453854
v 1.255549 8.436787 -0.013837
v -0.344922 7.640713 -0.213164
v -0.712016 8.180757 -0.153174
v -0.809391 7.513481 -0.709582
v -1.049981 8.144054 -0.530727
v -0.601007 7.504004 0.061477
v -0.767296 8.004444 0.220890
v -1.065475 7.376772 -0.434941
v -1.303317 7.888638 -0.347878
v -0.458779 7.772785 -0.622287
v -0.811691 8.295547 -0.461414
v -0.511182 7.726862 -0.561486
v -0.768802 8.007588 -0.453854
v -1.257687 8.436787 -0.013837
vn -0.0424 0.3023 -0.9523
vn 0.6294 -0.0837 -0.7726
vn 0.8895 -0.4361 -0.1365
vn -0.7968 0.2975 0.5260
vn -0.1969 -0.9257 -0.3229
vn -0.2757 -0.5168 0.8105
vn -0.4549 0.8726 0.1779
vn -0.4711 0.7690 0.4321
vn 0.7623 0.3819 -0.5226
vn 0.3216 0.7627 -0.5612
vn 0.6608 -0.7506 -0.0020
vn -0.5593 -0.8264 0.0644
vn -0.2431 -0.0854 0.9662
vn -0.8221 0.5672 -0.0495
vn 0.0424 0.3023 -0.9523
vn -0.6294 -0.0837 -0.7726
vn -0.8895 -0.4361 -0.1365
vn 0.7968 0.2975 0.5260
vn 0.1969 -0.9257 -0.3229
vn 0.2757 -0.5168 0.8105
vn 0.4549 0.8726 0.1779
vn 0.4711 0.7690 0.4321
vn -0.7623 0.3819 -0.5226
vn -0.3216 0.7627 -0.5612
vn -0.6608 -0.7506 -0.0020
vn 0.5593 -0.8264 0.0644
vn 0.2431 -0.0854 0.9662
vn 0.8221 0.5672 -0.0495
vt 0.621592 0.269678
vt 0.144310 0.292867
vt 0.282624 0.308524
vt 0.858331 0.292716
vt 0.515819 0.325169
vt 0.983147 0.309542
vt 0.663519 0.273122
vt 0.407216 0.290049
vt 0.410087 0.289950
vt 0.866984 0.279023
vt 0.249113 0.286317
vt 0.742173 0.262197
vt 0.015362 0.322171
vt 0.621592 0.209530
vt 0.858331 0.186493
vt 0.282624 0.170684
vt 0.144310 0.186341
vt 0.983147 0.169666
vt 0.515819 0.154039
vt 0.663519 0.206087
vt 0.866984 0.200185
vt 0.410087 0.189258
vt 0.407216 0.189160
vt 0.742173 0.217011
vt 0.249113 0.192891
vt 0.015362 0.157037
s 0
usemtl Gradiant
f 173/163/186 174/164/186 168/165/186 167/166/186
f 167/166/187 168/165/187 172/167/187 171/168/187
f 175/169/188 176/170/188 170/171/188 169/172/188
f 169/172/189 170/171/189 166/173/189 165/174/189
f 173/163/190 175/169/190 169/172/190 165/174/190
f 176/170/191 172/167/191 177/175/191
f 174/164/192 166/173/192 177/175/192
f 166/173/193 170/171/193 177/175/193
f 172/167/194 168/165/194 177/175/194
f 168/165/195 174/164/195 177/175/195
f 170/171/196 176/170/196 177/175/196
f 167/166/197 171/168/197 175/169/197 173/163/197
f 171/168/198 172/167/198 176/170/198 175/169/198
f 165/174/199 166/173/199 174/164/199 173/163/199
f 186/176/200 180/177/200 181/178/200 187/179/200
f 180/177/201 184/180/201 185/181/201 181/178/201
f 188/182/202 182/183/202 183/184/202 189/185/202
f 182/183/203 178/186/203 179/187/203 183/184/203
f 186/176/204 178/186/204 182/183/204 188/182/204
f 189/185/205 190/188/205 185/181/205
f 187/179/206 190/188/206 179/187/206
f 179/187/207 190/188/207 183/184/207
f 185/181/208 190/188/208 181/178/208
f 181/178/209 190/188/209 187/179/209
f 183/184/210 190/188/210 189/185/210
f 180/177/211 186/176/211 188/182/211 184/180/211
f 184/180/212 188/182/212 189/185/212 185/181/212
f 178/186/213 186/176/213 187/179/213 179/187/213
o Sphere.002
v 0.000000 8.599093 -0.423491
v -0.032185 8.728202 -0.423491
v 0.019444 8.869341 -0.423491
v 0.338539 8.777020 -0.423491
v 0.021664 9.017493 -0.421707
v -0.235282 8.763346 -0.423491
v -0.125884 8.756451 -0.477851
v 0.020414 8.930034 -0.509716
v 0.019721 8.930964 -0.342709
v -0.127444 8.757156 -0.358373
vn 0.3952 0.5661 0.7235
vn -0.5268 -0.1313 0.8398
vn 0.2299 0.7946 0.5619
vn -0.4693 -0.6230 0.6258
vn 0.5367 -0.4560 0.7099
vn -0.5945 0.4419 0.6717
vn 0.5342 -0.4759 -0.6987
vn -0.4551 -0.5948 -0.6627
vn 0.2241 0.7745 -0.5916
vn -0.6170 0.4225 -0.6639
vn -0.5882 -0.1466 -0.7953
vn 0.4319 0.6186 -0.6564
vt 0.000000 0.000000
vt 0.954106 0.219535
vt 0.662765 0.210962
vt 0.599017 0.186004
vt 0.009959 0.225306
vt 0.207318 0.224973
vt 0.552602 0.309710
vt 0.583459 0.156864
vt 0.344275 0.224714
vt 0.205214 0.224788
vt 0.597425 0.185588
s 0
usemtl Gradiant
f 196/189/214 191/189/214 197/189/214
f 191/190/215 192/191/215 197/192/215
f 194/189/216 198/189/216 193/189/216
f 195/193/217 198/194/217 194/195/217
f 196/196/218 197/192/218 198/194/218 195/193/218
f 197/192/219 192/191/219 193/197/219 198/194/219
f 196/196/220 195/193/220 199/198/220 200/199/220
f 195/193/221 194/195/221 199/198/221
f 194/195/222 193/197/222 199/198/222
f 192/191/223 200/199/223 199/198/223 193/197/223
f 192/191/224 191/190/224 200/199/224
f 196/196/225 200/199/225 191/190/225
o Cube.001
v 0.062522 -0.012328 0.530482
v 0.048880 1.085019 0.006774
v 0.062522 -0.012328 -0.879891
v 0.048880 1.085019 -0.879891
v 0.923396 -0.012328 0.530482
v 0.909753 1.085019 0.006774
v 0.923396 -0.012328 -0.879891
v 0.909753 1.085019 -0.879891
v 0.055985 0.513484 0.530482
v 0.055985 0.513484 -0.879891
v 0.916859 0.513484 -0.879891
v 0.916859 0.513484 0.530482
v 0.052814 0.762246 0.075686
v 0.052814 0.768562 -0.879891
v 0.913688 0.768562 -0.879891
v 0.913688 0.762246 0.075686
v -0.068039 -0.012328 0.530482
v -0.054396 1.085019 0.006774
v -0.068039 -0.012328 -0.879891
v -0.054396 1.085019 -0.879891
v -0.928913 -0.012328 0.530482
v -0.915270 1.085019 0.006774
v -0.928913 -0.012328 -0.879891
v -0.915270 1.085019 -0.879891
v -0.061502 0.513484 0.530482
v -0.061502 0.513484 -0.879891
v -0.922375 0.513484 -0.879891
v -0.922375 0.513484 0.530482
v -0.058331 0.762246 0.075686
v -0.058331 0.768562 -0.879891
v -0.919204 0.768562 -0.879891
v -0.919204 0.762246 0.075686
vn -0.9999 -0.0123 -0.0000
vn -0.0000 -0.0000 -1.0000
vn 0.9999 0.0123 -0.0000
vn -0.0000 0.2088 0.9780
vn -0.0000 -1.0000 -0.0000
vn -0.0000 1.0000 -0.0000
vn -0.0000 -0.0000 1.0000
vn 0.9999 0.0124 -0.0000
vn -0.9999 -0.0124 -0.0000
vn -0.0000 0.8773 0.4799
vn 0.9999 0.0126 -0.0000
vn -0.9999 -0.0126 -0.0000
vn 0.9999 -0.0123 -0.0000
vn -0.9999 0.0123 -0.0000
vn -0.9999 0.0124 -0.0000
vn 0.9999 -0.0124 -0.0000
vn -0.9999 0.0126 -0.0000
vn 0.9999 -0.0126 -0.0000
vt 0.176559 0.966105
vt 0.231032 0.966779
vt 0.177625 0.966105
vt 0.231032 0.819228
vt 0.177625 0.818554
vt 0.176559 0.818554
vt 0.045838 0.964441
vt 0.045838 0.816890
vt 0.134577 0.818011
vt 0.134577 0.965562
vt 0.134576 0.818011
vt 0.134576 0.965562
s 0
usemtl Gradiant
f 213/200/226 202/201/226 204/201/226 214/202/226
f 214/202/227 204/201/227 208/203/227 215/204/227
f 215/204/228 208/203/228 206/203/228 216/205/228
f 216/205/229 206/203/229 202/201/229 213/200/229
f 203/206/230 207/207/230 205/207/230 201/206/230
f 208/203/231 204/201/231 202/201/231 206/203/231
f 205/207/232 212/208/232 209/209/232 201/206/232
f 207/207/233 211/210/233 212/208/233 205/207/233
f 203/206/227 210/211/227 211/210/227 207/207/227
f 201/206/234 209/209/234 210/211/234 203/206/234
f 212/208/235 216/205/235 213/200/235 209/209/235
f 211/210/236 215/204/236 216/205/236 212/208/236
f 210/211/227 214/202/227 215/204/227 211/210/227
f 209/209/237 213/200/237 214/202/237 210/211/237
f 229/200/238 230/202/238 220/201/238 218/201/238
f 230/202/227 231/204/227 224/203/227 220/201/227
f 231/204/239 232/205/239 222/203/239 224/203/239
f 232/205/229 229/200/229 218/201/229 222/203/229
f 219/206/230 217/206/230 221/207/230 223/207/230
f 224/203/231 222/203/231 218/201/231 220/201/231
f 221/207/232 217/206/232 225/209/232 228/208/232
f 223/207/240 221/207/240 228/208/240 227/210/240
f 219/206/227 223/207/227 227/210/227 226/211/227
f 217/206/241 219/206/241 226/211/241 225/209/241
f 228/208/235 225/209/235 229/200/235 232/205/235
f 227/210/242 228/208/242 232/205/242 231/204/242
f 226/211/227 227/210/227 231/204/227 230/202/227
f 225/209/243 226/211/243 230/202/243 229/200/243
o Cylinder
v 0.537399 1.065172 -0.762583
v 0.324139 3.091231 -0.588578
v 0.880412 1.065172 -0.571974
v 0.590900 3.091231 -0.282941
v 0.659210 1.065172 -0.139435
v 0.489006 3.087425 0.041278
v 0.179487 1.065172 -0.062721
v 0.159272 3.087425 0.041278
v 0.104203 1.065172 -0.447848
v 0.057379 3.091231 -0.282941
v 0.643198 3.997907 -0.237478
v 0.335560 3.997907 -0.548677
v 0.525690 3.997907 0.188397
v 0.145429 3.997907 0.188397
v 0.027922 3.997907 -0.237478
v -0.539536 1.065172 -0.762583
v -0.326277 3.091231 -0.588578
v -0.882550 1.065172 -0.571974
v -0.593037 3.091231 -0.282941
v -0.661347 1.065172 -0.139435
v -0.491144 3.087425 0.041278
v -0.181624 1.065172 -0.062721
v -0.161410 3.087425 0.041278
v -0.106341 1.065172 -0.447848
v -0.059516 3.091231 -0.282941
v -0.645335 3.997907 -0.237478
v -0.337697 3.997907 -0.548677
v -0.527828 3.997907 0.188397
v -0.147566 3.997907 0.188397
v -0.030059 3.997907 -0.237478
vn 0.6226 0.1647 -0.7650
vn 0.9180 0.0587 0.3922
vn 0.0941 -0.0655 0.9934
vn 0.9571 -0.0765 0.2796
vn -0.9697 -0.0321 0.2420
vn -0.6631 0.0200 -0.7482
vn -0.0000 -1.0000 -0.0000
vn -0.0000 1.0000 -0.0000
vn -0.7316 0.0248 -0.6813
vn 0.7318 0.0064 -0.6815
vn -0.0000 -0.1595 0.9872
vn -0.9585 -0.0525 0.2801
vn -0.6226 0.1647 -0.7650
vn -0.9180 0.0587 0.3922
vn -0.0941 -0.0655 0.9934
vn -0.9571 -0.0765 0.2796
vn 0.9697 -0.0321 0.2420
vn 0.6631 0.0200 -0.7482
vn 0.7316 0.0248 -0.6813
vn -0.7318 0.0064 -0.6815
vn 0.9585 -0.0525 0.2801
vt 0.038099 0.584676
vt 0.506002 0.608875
vt 0.506002 0.578605
vt 0.038099 0.545754
vt 0.505123 0.590167
vt 0.038099 0.570854
vt 0.505123 0.627582
vt 0.038099 0.625288
vt 0.762780 0.572671
vt 0.762780 0.586005
vt 0.506002 0.639144
vt 0.038099 0.633831
vt 0.762780 0.607579
vt 0.762780 0.642487
vt 0.762780 0.629153
s 0
usemtl Gradiant
f 233/212/244 234/213/244 236/214/244 235/215/244
f 235/215/245 236/214/245 238/216/245 237/217/245
f 237/217/246 238/216/246 240/218/246 239/219/246
f 238/216/247 236/214/247 243/220/247 245/221/247
f 239/219/248 240/218/248 242/222/248 241/223/248
f 241/223/249 242/222/249 234/213/249 233/212/249
f 233/212/250 235/215/250 237/217/250 239/219/250 241/223/250
f 243/220/251 244/224/251 247/225/251 246/226/251 245/221/251
f 234/213/252 242/222/252 247/225/252 244/224/252
f 236/214/253 234/213/253 244/224/253 243/220/253
f 240/218/254 238/216/254 245/221/254 246/226/254
f 242/222/255 240/218/255 246/226/255 247/225/255
f 248/212/256 250/215/256 251/214/256 249/213/256
f 250/215/257 252/217/257 253/216/257 251/214/257
f 252/217/258 254/219/258 255/218/258 253/216/258
f 253/216/259 260/221/259 258/220/259 251/214/259
f 254/219/260 256/223/260 257/222/260 255/218/260
f 256/223/261 248/212/261 249/213/261 257/222/261
f 248/212/250 256/223/250 254/219/250 252/217/250 250/215/250
f 258/220/251 260/221/251 261/226/251 262/225/251 259/224/251
f 249/213/262 259/224/262 262/225/262 257/222/262
f 251/214/263 258/220/263 259/224/263 249/213/263
f 255/218/254 261/226/254 260/221/254 253/216/254
f 257/222/264 262/225/264 261/226/264 255/218/264
o Cylinder.001
v -0.001069 3.861946 -1.652023
v -0.001069 5.058524 -0.534104
v 0.558454 3.861946 -1.540727
v 0.170079 5.058524 -0.504775
v 1.032795 3.861946 -1.223783
v 0.315171 5.058524 -0.421254
v 1.349739 3.861946 -0.749442
v 0.412118 5.058524 -0.296256
v 1.461035 3.861946 -0.189919
v 0.446161 5.058524 -0.148810
v 1.349739 3.861946 0.369603
v 0.412118 5.058524 -0.001365
v 1.032795 3.861946 0.843944
v 0.315171 5.058524 0.123633
v 0.558454 3.861946 1.160888
v 0.170079 5.058524 0.207154
v -0.001069 3.861946 1.272184
v -0.001069 5.058524 0.236483
v -0.560591 3.861946 1.160888
v -0.172216 5.058524 0.207154
v -1.034932 3.861946 0.843944
v -0.317308 5.058524 0.123633
v -1.351876 3.861946 0.369603
v -0.414255 5.058524 -0.001365
v -1.463172 3.861946 -0.189919
v -0.448299 5.058524 -0.148810
v -1.351876 3.861946 -0.749442
v -0.414255 5.058524 -0.296256
v -1.034932 3.861946 -1.223783
v -0.317308 5.058524 -0.421254
v -0.560591 3.861946 -1.540727
v -0.172216 5.058524 -0.504775
v -0.016922 3.811507 -1.568964
v 0.542601 3.811507 -1.457668
v 0.189077 5.013844 -0.499923
v -0.015112 5.013844 -0.534914
v 0.313564 5.016371 -0.430221
v 0.962058 3.814359 -1.174528
v 1.279003 3.814359 -0.700187
v 0.429228 5.016371 -0.281091
v 0.456609 5.018532 -0.164542
v 1.375358 3.816799 -0.207679
v 1.264062 3.816799 0.351844
v 0.415993 5.018532 0.011369
v 0.334644 5.017626 0.111383
v 0.985856 3.815776 0.770737
v 0.511515 3.815776 1.087681
v 0.161541 5.017626 0.211029
v 0.013318 5.053182 0.235494
v 0.015173 3.815146 1.187095
v -0.544350 3.815146 1.075799
v -0.190871 5.017068 0.200503
v -0.314842 5.018325 0.132002
v -0.963226 3.816566 0.794014
v -1.280170 3.816566 0.319673
v -0.430506 5.018325 -0.017128
v -0.459107 5.017826 -0.133153
v -1.377903 3.816001 -0.172244
v -1.266607 3.816001 -0.731767
v -0.418491 5.017826 -0.309064
v -0.337623 5.014816 -0.410316
v -0.988943 3.812603 -1.152057
v -0.514603 3.812603 -1.469001
v -0.164520 5.014816 -0.509962
v -0.001069 4.381171 -0.946728
v 0.306701 4.381171 -0.887526
v 0.567616 4.381171 -0.718931
v 0.741953 4.381171 -0.466611
v 0.803172 4.381171 -0.168979
v 0.741953 4.381171 0.128653
v 0.567616 4.381171 0.380974
v 0.306701 4.381171 0.549568
v -0.001069 4.381171 0.608771
v -0.308838 4.381171 0.549568
v -0.569753 4.381171 0.380974
v -0.744090 4.381171 0.128653
v -0.805310 4.381171 -0.168979
v -0.744090 4.381171 -0.466611
v -0.569753 4.381171 -0.718931
v -0.308838 4.381171 -0.887526
v -0.013722 4.340916 -0.912254
v 0.308180 4.340916 -0.850630
v 0.537274 4.343192 -0.702117
v 0.719616 4.343192 -0.439475
v 0.771723 4.345140 -0.183153
v 0.707693 4.345140 0.126654
v 0.556267 4.344323 0.345044
v 0.283371 4.344323 0.520535
v 0.011894 4.376336 0.572676
v -0.310008 4.343820 0.511052
v -0.538637 4.344953 0.363621
v -0.720980 4.344953 0.100979
v -0.774185 4.344503 -0.154872
v -0.710155 4.344503 -0.464679
v -0.559162 4.341792 -0.684183
v -0.286267 4.341792 -0.859675
v -0.001069 3.720080 -1.743859
v 0.593605 3.720080 -1.625571
v 1.097744 3.720080 -1.288716
v 1.434600 3.720080 -0.784576
v 1.552888 3.720080 -0.189903
v 1.434600 3.720080 0.404771
v 1.097744 3.720080 0.908910
v 0.593605 3.720080 1.245766
v -0.001069 3.720080 1.364053
v -0.595742 3.720080 1.245766
v -1.099882 3.720080 0.908910
v -1.436737 3.720080 0.404771
v -1.555025 3.720080 -0.189903
v -1.436737 3.720080 -0.784576
v -1.099882 3.720080 -1.288716
v -0.595742 3.720080 -1.625571
v -0.017918 3.666473 -1.655582
v 0.576755 3.666473 -1.537294
v 1.022564 3.669504 -1.236367
v 1.359420 3.669504 -0.732227
v 1.461829 3.672097 -0.208778
v 1.343541 3.672097 0.385895
v 1.047857 3.671010 0.831104
v 0.543717 3.671010 1.167960
v 0.016193 3.670341 1.273619
v -0.578480 3.670341 1.155331
v -1.023671 3.671849 0.855844
v -1.360526 3.671849 0.351704
v -1.464399 3.671250 -0.171117
v -1.346111 3.671250 -0.765790
v -1.051004 3.667638 -1.212484
v -0.546864 3.667638 -1.549340
v -0.001069 3.542248 -1.912632
v 0.658203 3.542248 -1.781495
v 1.217107 3.542248 -1.408047
v 1.590554 3.542248 -0.849144
v 1.721692 3.542248 -0.189872
v 1.590554 3.542248 0.469400
v 1.217107 3.542248 1.028303
v 0.658203 3.542248 1.401751
v -0.001069 3.542248 1.532888
v -0.660340 3.542248 1.401751
v -1.219244 3.542248 1.028303
v -1.592691 3.542248 0.469400
v -1.723829 3.542248 -0.189872
v -1.592691 3.542248 -0.849144
v -1.219244 3.542248 -1.408047
v -0.660340 3.542248 -1.781495
v -0.019749 3.482817 -1.814766
v 0.639523 3.482817 -1.683629
v 1.133760 3.486178 -1.350012
v 1.507208 3.486178 -0.791108
v 1.620741 3.489052 -0.210798
v 1.489603 3.489052 0.448474
v 1.161800 3.487847 0.942046
v 0.602896 3.487847 1.315493
v 0.018068 3.487105 1.432630
v -0.641204 3.487105 1.301493
v -1.134755 3.488777 0.969472
v -1.508202 3.488777 0.410569
v -1.623358 3.488113 -0.169045
v -1.492221 3.488113 -0.828317
v -1.165057 3.484109 -1.323535
v -0.606153 3.484109 -1.696982
vn -0.8086 -0.2724 -0.5216
vn 0.4567 0.5006 -0.7354
vn 0.8657 0.4650 -0.1853
vn 0.4694 -0.2070 -0.8584
vn 0.7216 0.4585 0.5188
vn -0.5326 -0.1623 -0.8307
vn 0.1601 0.4732 0.8663
vn -0.4666 0.4666 0.7514
vn 0.8659 -0.1426 -0.4794
vn -0.8701 0.4563 0.1862
vn -0.7112 0.4824 -0.5114
vn 0.4988 -0.0220 0.8665
vn -0.1562 0.5118 -0.8448
vn 0.1584 0.4807 -0.8624
vn 0.7255 0.4449 -0.5251
vn 0.8896 0.4146 0.1917
vn 0.4738 0.4307 0.7681
vn -0.2173 0.4379 0.8723
vn -0.7355 0.4191 0.5323
vn -0.8853 0.4240 -0.1907
vn -0.4643 0.4670 -0.7526
vn -0.4147 -0.2316 0.8800
vn -0.2812 -0.1821 0.9422
vn -0.1535 -0.1456 0.9774
vn 0.9552 -0.1771 0.2370
vn 0.2543 -0.1430 -0.9565
vn 0.9449 -0.2355 -0.2272
vn 0.9373 -0.1752 0.3012
vn -0.9584 -0.1605 -0.2362
vn -0.5138 -0.1260 -0.8486
vn -0.9406 -0.2444 0.2358
vn -0.8731 -0.1563 0.4618
vn -0.7877 0.0789 0.6110
vn 0.5629 -0.1447 0.8138
vn 0.5104 -0.2018 0.8359
vn 0.7812 -0.2540 0.5702
vn 0.6341 -0.1658 0.7553
vn -0.8175 -0.1458 0.5572
vn -0.7963 -0.1941 0.5729
vn -0.6165 -0.1375 -0.7753
vn -0.9762 -0.2114 0.0488
vn 0.9808 -0.1558 0.1177
vn 0.8078 -0.1643 -0.5661
vn 0.0464 -0.1578 -0.9864
vn 0.9755 -0.2125 -0.0574
vn -0.1165 -0.1820 0.9764
vn -0.1285 -0.1969 0.9720
vn -0.3537 0.7661 -0.5367
vn -0.6499 0.7486 -0.1311
vn -0.5527 0.7445 0.3744
vn -0.1556 0.7404 0.6539
vn 0.3653 0.7479 0.5543
vn 0.6549 0.7441 0.1321
vn 0.5408 0.7572 -0.3664
vn 0.1224 0.7717 -0.6241
vn -0.1159 0.7994 -0.5896
vn -0.5098 0.7882 -0.3447
vn -0.6164 0.7776 0.1241
vn 0.7944 -0.1339 -0.5924
vn -0.3453 0.7793 0.5229
vn 0.1204 0.7812 0.6126
vn -0.8036 -0.2360 -0.5464
vn 0.5212 0.7773 0.3523
vn 0.1573 -0.1537 -0.9755
vn 0.6117 0.7815 -0.1231
vn 0.3342 0.7951 -0.5061
vn -0.9703 -0.1859 -0.1546
vn -0.4690 0.5361 0.7019
vn 0.4796 0.5047 0.7178
vn 0.1511 -0.0980 -0.9836
vn 0.1684 0.5046 -0.8468
vn -0.2485 -0.0902 0.9644
vn 0.7019 0.5361 0.4690
vn -0.4797 0.5046 -0.7179
vn 0.8047 -0.1006 -0.5851
vn -0.9862 -0.0899 -0.1388
vn -0.8639 -0.0831 0.4968
vn -0.8279 0.5361 0.1647
vn -0.1684 0.5047 0.8467
vn 0.9664 -0.0971 0.2379
vn 0.7178 0.5046 -0.4797
vn -0.6052 -0.0854 -0.7915
vn -0.1520 -0.0983 0.9835
vn 0.1647 0.5361 0.8279
vn 0.6068 -0.0839 0.7904
vn 0.4690 0.5360 -0.7019
vn 0.5234 -0.1035 0.8458
vn -0.7019 0.5360 -0.4690
vn -0.7178 0.5047 0.4796
vn -0.5213 -0.1020 -0.8472
vn -0.8067 -0.1028 0.5820
vn 0.2478 -0.0909 -0.9645
vn 0.8467 0.5047 0.1684
vn 0.8623 -0.0850 -0.4992
vn 0.9869 -0.0875 0.1352
vn -0.9657 -0.0947 -0.2418
vn 0.8280 0.5361 -0.1647
vn -0.1647 0.5360 -0.8280
vn -0.8467 0.5047 -0.1684
vn 0.8670 -0.1112 -0.4858
vn -0.7178 0.6814 0.1428
vn 0.1347 -0.1280 -0.9826
vn -0.6086 0.6814 -0.4066
vn -0.2621 -0.1179 0.9578
vn -0.1428 0.6813 -0.7179
vn -0.9854 -0.1173 -0.1236
vn 0.1488 0.6468 -0.7480
vn 0.9592 -0.1267 0.2528
vn 0.6339 0.6471 -0.4236
vn -0.1358 -0.1287 0.9823
vn 0.7475 0.6474 0.1487
vn 0.2613 -0.1190 -0.9579
vn 0.4235 0.6473 0.6338
vn 0.9864 -0.1134 0.1194
vn -0.1487 0.6473 0.7476
vn -0.9585 -0.1225 -0.2574
vn -0.6337 0.6474 0.4234
vn 0.4067 0.6813 -0.6086
vn 0.7914 -0.1305 -0.5972
vn -0.7476 0.6472 -0.1487
vn 0.7179 0.6814 -0.1428
vn -0.8690 -0.1078 0.4830
vn -0.4237 0.6469 -0.6340
vn 0.6085 0.6814 0.4066
vn -0.6145 -0.1118 -0.7809
vn 0.6165 -0.1094 0.7797
vn 0.1428 0.6815 0.7178
vn 0.5071 -0.1353 0.8512
vn -0.5046 -0.1328 -0.8531
vn -0.4066 0.6815 0.6085
vn -0.7936 -0.1342 0.5935
vt 0.532594 0.873560
vt 0.653215 0.879267
vt 0.651860 0.878673
vt 0.529587 0.873516
vt 0.464954 0.880829
vt 0.610124 0.881808
vt 0.612430 0.875103
vt 0.468657 0.868731
vt 0.476535 0.858537
vt 0.617574 0.869665
vt 0.624896 0.866300
vt 0.487781 0.851699
vt 0.505943 0.918018
vt 0.637849 0.902574
vt 0.630892 0.902856
vt 0.498689 0.916561
vt 0.501046 0.849459
vt 0.633406 0.865580
vt 0.641840 0.867731
vt 0.514435 0.852579
vt 0.558721 0.839046
vt 0.541667 0.840840
vt 0.470499 0.858971
vt 0.525678 0.860996
vt 0.648846 0.872527
vt 0.533699 0.888090
vt 0.654153 0.886852
vt 0.651492 0.894003
vt 0.528753 0.901865
vt 0.570053 0.838200
vt 0.538792 0.841679
vt 0.516731 0.862421
vt 0.518831 0.912386
vt 0.645714 0.899529
vt 0.492391 0.918229
vt 0.629212 0.902753
vt 0.621132 0.900156
vt 0.480236 0.913436
vt 0.641037 0.872796
vt 0.632792 0.867073
vt 0.471031 0.904680
vt 0.614760 0.895270
vt 0.610933 0.888851
vt 0.465769 0.893317
vt 0.459593 0.893421
vt 0.602688 0.889398
vt 0.601735 0.880984
vt 0.458736 0.880306
vt 0.462398 0.869641
vt 0.604063 0.875252
vt 0.610118 0.868753
vt 0.480443 0.853116
vt 0.616237 0.866069
vt 0.626256 0.865204
vt 0.494044 0.850838
vt 0.505259 0.853589
vt 0.645714 0.887708
vt 0.523729 0.888638
vt 0.519748 0.900681
vt 0.643884 0.893791
vt 0.637080 0.900387
vt 0.509653 0.911670
vt 0.620709 0.903064
vt 0.484800 0.916813
vt 0.473847 0.912689
vt 0.613637 0.900857
vt 0.606131 0.895015
vt 0.464367 0.903513
vt 0.448647 0.946479
vt 0.426278 0.942793
vt 0.600553 0.891324
vt 0.564806 0.891714
vt 0.480167 0.819423
vt 0.458079 0.823173
vt 0.522475 0.878906
vt 0.505909 0.878487
vt 0.540421 0.920548
vt 0.522373 0.918208
vt 0.542333 0.938239
vt 0.511863 0.935324
vt 0.533998 0.857675
vt 0.517349 0.859541
vt 0.527973 0.823346
vt 0.498376 0.826738
vt 0.580555 0.918495
vt 0.548528 0.915577
vt 0.524643 0.900561
vt 0.508043 0.900330
vt 0.409041 0.936657
vt 0.550485 0.934331
vt 0.435154 0.825428
vt 0.414218 0.828980
vt 0.471632 0.943686
vt 0.561108 0.863046
vt 0.495301 0.947591
vt 0.596675 0.862410
vt 0.509191 0.921077
vt 0.529094 0.891811
vt 0.465530 0.838367
vt 0.425829 0.822509
vt 0.559755 0.947771
vt 0.425119 0.951945
vt 0.438366 0.878095
vt 0.440407 0.901218
vt 0.539638 0.950498
vt 0.515741 0.946574
vt 0.457191 0.818847
vt 0.410314 0.814924
vt 0.454136 0.920187
vt 0.481069 0.937402
vt 0.501291 0.939851
vt 0.487534 0.861313
vt 0.525223 0.860610
vt 0.473716 0.922652
vt 0.471349 0.942166
vt 0.491196 0.892226
vt 0.472688 0.838107
vt 0.449417 0.858018
vt 0.475172 0.917917
vt 0.504136 0.825355
vt 0.526545 0.821580
vt 0.498767 0.834602
vt 0.467550 0.856053
vt 0.456508 0.878542
vt 0.439092 0.939012
vt 0.491315 0.836224
vt 0.546604 0.818922
vt 0.458583 0.901455
vt 0.410502 0.827937
vt 0.533471 0.832240
vt 0.496825 0.959955
vt 0.542882 0.949480
vt 0.468320 0.955291
vt 0.414987 0.945615
vt 0.452150 0.957813
vt 0.425507 0.953458
vt 0.374116 0.903072
vt 0.388536 0.926434
vt 0.395509 0.858110
vt 0.437394 0.857276
vt 0.351369 0.877429
vt 0.353288 0.902829
vt 0.441345 0.892769
vt 0.399205 0.893231
vt 0.384084 0.833243
vt 0.362006 0.855335
vt 0.414381 0.818843
vt 0.439407 0.814669
vt 0.455528 0.811201
vt 0.482221 0.806751
vt 0.493983 0.814753
vt 0.372142 0.877926
vt 0.507179 0.945873
vt 0.543203 0.922326
vt 0.382656 0.853198
vt 0.391945 0.942953
vt 0.405393 0.831207
vt 0.366337 0.923749
vt 0.528713 0.810586
vt 0.421071 0.925945
s 0
usemtl Gradiant
f 335/227/265 280/228/265 311/229/265 351/230/265
f 328/231/266 266/232/266 268/233/266 329/234/266
f 330/235/267 270/236/267 272/237/267 331/238/267
f 339/239/268 288/240/268 319/241/268 355/242/268
f 332/243/269 274/244/269 276/245/269 333/246/269
f 330/235/270 269/247/270 301/248/270 346/249/270
f 334/250/271 278/251/271 280/228/271 335/227/271
f 336/252/272 282/253/272 284/254/272 337/255/272
f 334/250/273 277/256/273 309/257/273 350/258/273
f 338/259/274 286/260/274 288/240/274 339/239/274
f 340/261/275 290/262/275 292/263/275 341/264/275
f 276/245/276 278/251/276 310/265/276 307/266/276
f 342/267/277 294/268/277 264/269/277 327/270/277
f 343/271/278 298/272/278 297/273/278 344/274/278
f 345/275/279 299/276/279 302/277/279 346/249/279
f 347/278/280 303/279/280 306/280/280 348/281/280
f 349/282/281 307/266/281 310/265/281 350/258/281
f 351/230/282 311/229/282 314/283/282 352/284/282
f 353/285/283 315/286/283 318/287/283 354/288/283
f 355/242/284 319/241/284 322/289/284 356/290/284
f 357/291/285 323/292/285 326/293/285 358/294/285
f 331/238/286 272/237/286 303/279/286 347/278/286
f 340/261/287 289/295/287 321/296/287 356/290/287
f 280/228/288 282/253/288 314/283/288 311/229/288
f 336/252/289 281/297/289 313/298/289 352/284/289
f 332/243/290 273/299/290 305/300/290 348/281/290
f 341/264/291 292/263/291 323/292/291 357/291/291
f 327/270/292 264/269/292 298/272/292 343/271/292
f 328/231/293 265/301/293 296/302/293 344/274/293
f 337/255/294 284/254/294 315/286/294 353/285/294
f 333/246/295 276/245/295 307/266/295 349/282/295
f 342/267/296 293/303/296 325/304/296 358/294/296
f 284/254/297 286/260/297 318/287/297 315/286/297
f 329/234/298 268/233/298 299/276/298 345/275/298
f 338/259/299 285/305/299 317/306/299 354/288/299
f 286/260/300 338/259/300 354/288/300 318/287/300
f 267/307/301 329/234/301 345/275/301 300/308/301
f 294/268/302 342/267/302 358/294/302 326/293/302
f 275/309/303 333/246/303 349/282/303 308/310/303
f 283/311/304 337/255/304 353/285/304 316/312/304
f 266/232/305 328/231/305 344/274/305 297/273/305
f 263/313/306 327/270/306 343/271/306 295/314/306
f 291/315/307 341/264/307 357/291/307 324/316/307
f 274/244/308 332/243/308 348/281/308 306/280/308
f 282/253/309 336/252/309 352/284/309 314/283/309
f 290/262/310 340/261/310 356/290/310 322/289/310
f 271/317/311 331/238/311 347/278/311 304/318/311
f 324/316/312 357/291/312 358/294/312 325/304/312
f 320/319/313 355/242/313 356/290/313 321/296/313
f 316/312/314 353/285/314 354/288/314 317/306/314
f 312/320/315 351/230/315 352/284/315 313/298/315
f 308/310/316 349/282/316 350/258/316 309/257/316
f 304/318/317 347/278/317 348/281/317 305/300/317
f 300/308/318 345/275/318 346/249/318 301/248/318
f 295/314/319 343/271/319 344/274/319 296/302/319
f 293/303/320 342/267/320 327/270/320 263/313/320
f 289/295/321 340/261/321 341/264/321 291/315/321
f 285/305/322 338/259/322 339/239/322 287/321/322
f 278/251/323 334/250/323 350/258/323 310/265/323
f 281/297/324 336/252/324 337/255/324 283/311/324
f 277/256/325 334/250/325 335/227/325 279/322/325
f 270/236/326 330/235/326 346/249/326 302/277/326
f 273/299/327 332/243/327 333/246/327 275/309/327
f 287/321/328 339/239/328 355/242/328 320/319/328
f 269/247/329 330/235/329 331/238/329 271/317/329
f 265/301/330 328/231/330 329/234/330 267/307/330
f 279/322/331 335/227/331 351/230/331 312/320/331
f 281/297/332 283/311/332 369/323/332 368/324/332
f 308/310/333 309/257/333 382/325/333 381/326/333
f 287/321/334 320/319/334 387/327/334 371/328/334
f 295/314/335 296/302/335 376/329/335 375/330/335
f 321/296/336 289/295/336 372/331/336 388/332/336
f 273/299/337 275/309/337 365/333/337 364/334/337
f 324/316/338 325/304/338 390/335/338 389/336/338
f 291/315/339 324/316/339 389/336/339 373/337/339
f 279/322/340 312/320/340 383/338/340 367/339/340
f 325/304/341 293/303/341 374/340/341 390/335/341
f 285/305/342 287/321/342 371/328/342 370/341/342
f 312/320/343 313/298/343 384/342/343 383/338/343
f 313/298/344 281/297/344 368/324/344 384/342/344
f 300/308/345 301/248/345 378/343/345 377/344/345
f 283/311/346 316/312/346 385/345/346 369/323/346
f 271/317/347 304/318/347 379/346/347 363/347/347
f 277/256/348 279/322/348 367/339/348 366/348/348
f 267/307/349 300/308/349 377/344/349 361/349/349
f 265/301/350 267/307/350 361/349/350 360/350/350
f 317/306/351 285/305/351 370/341/351 386/351/351
f 289/295/352 291/315/352 373/337/352 372/331/352
f 316/312/353 317/306/353 386/351/353 385/345/353
f 301/248/354 269/247/354 362/352/354 378/343/354
f 275/309/355 308/310/355 381/326/355 365/333/355
f 305/300/356 273/299/356 364/334/356 380/353/356
f 304/318/357 305/300/357 380/353/357 379/346/357
f 309/257/358 277/256/358 366/348/358 382/325/358
f 263/313/359 295/314/359 375/330/359 359/354/359
f 296/302/360 265/301/360 360/350/360 376/329/360
f 269/247/361 271/317/361 363/347/361 362/352/361
f 293/303/362 263/313/362 359/354/362 374/340/362
f 320/319/363 321/296/363 388/332/363 387/327/363
f 382/325/364 366/348/364 398/355/364 414/356/364
f 370/341/365 371/328/365 403/357/365 402/358/365
f 371/328/366 387/327/366 419/359/366 403/357/366
f 372/331/367 373/337/367 405/360/367 404/361/367
f 388/332/368 372/331/368 404/361/368 420/362/368
f 374/340/369 359/354/369 391/363/369 406/364/369
f 367/339/370 383/338/370 415/365/370 399/366/370
f 375/330/371 376/329/371 408/367/371 407/368/371
f 384/342/372 368/324/372 400/369/372 416/370/372
f 377/344/373 378/343/373 410/371/373 409/372/373
f 363/347/374 379/346/374 411/373/374 395/374/374
f 379/346/375 380/353/375 412/375/375 411/373/375
f 380/353/376 364/334/376 396/376/376 412/375/376
f 381/326/377 382/325/377 414/356/377 413/377/377
f 359/354/378 375/330/378 407/368/378 391/363/378
f 383/338/379 384/342/379 416/370/379 415/365/379
f 376/329/380 360/350/380 392/378/380 408/367/380
f 385/345/381 386/351/381 418/379/381 417/380/381
f 360/350/382 361/349/382 393/381/382 392/378/382
f 373/337/383 389/336/383 421/382/383 405/360/383
f 387/327/384 388/332/384 420/362/384 419/359/384
f 362/352/385 363/347/385 395/374/385 394/383/385
f 390/335/386 374/340/386 406/364/386 422/384/386
f 389/336/387 390/335/387 422/384/387 421/382/387
f 364/334/388 365/333/388 397/385/388 396/376/388
f 369/323/389 385/345/389 417/380/389 401/386/389
f 361/349/390 377/344/390 409/372/390 393/381/390
f 366/348/391 367/339/391 399/366/391 398/355/391
f 386/351/392 370/341/392 402/358/392 418/379/392
f 378/343/393 362/352/393 394/383/393 410/371/393
f 368/324/394 369/323/394 401/386/394 400/369/394
f 365/333/395 381/326/395 413/377/395 397/385/395
o Cylinder.002
v -0.001069 5.139140 -0.545492
v 0.174305 5.139140 -0.515331
v 0.322980 5.139140 -0.429440
v 0.422322 5.139140 -0.300896
v 0.457206 5.139140 -0.149268
v 0.422322 5.139140 0.002361
v 0.322980 5.139140 0.130905
v 0.174305 5.139140 0.216796
v -0.181015 5.139140 0.212430
v -0.325117 5.139140 0.130905
v -0.447715 5.139140 -0.098725
v -0.424459 5.139140 -0.300896
v -0.325117 5.139140 -0.429440
v -0.176443 5.139140 -0.515331
v 0.090223 6.294274 -0.392484
v -0.001069 6.294274 -0.408128
v 0.167616 6.294274 -0.347933
v 0.219329 6.294274 -0.281258
v 0.237488 6.294274 -0.263459
v 0.167616 6.294274 -0.173694
v 0.090223 6.294274 -0.129143
v -0.001069 6.294274 -0.113499
v -0.092360 6.294274 -0.129143
v -0.169754 6.294274 -0.173694
v -0.239625 6.294274 -0.263459
v -0.221466 6.294274 -0.281258
v -0.169754 6.294274 -0.347933
v -0.092360 6.294274 -0.392484
v 0.315171 6.119614 0.019475
v 0.170079 6.119614 0.102996
v -0.448299 6.119614 -0.148810
v -0.414255 6.119614 -0.296256
v 0.412118 6.119614 -0.296256
v 0.446161 6.119614 -0.148810
v -0.172216 6.119614 0.102996
v -0.317308 6.119614 0.019475
v -0.172216 6.119614 -0.504775
v -0.001069 6.119614 -0.534104
v 0.170079 6.119614 -0.504775
v 0.315171 6.119614 -0.421254
v -0.001069 6.119614 0.132325
v -0.317308 6.119614 -0.421254
v -0.001069 5.139140 -0.545492
v 0.174305 5.139140 -0.515331
v 0.322980 5.139140 -0.429440
v 0.422322 5.139140 -0.300896
v 0.457206 5.139140 -0.149268
v 0.422322 5.139140 0.002361
v 0.322980 5.139140 0.130905
v 0.174305 5.139140 0.216796
v -0.181015 5.139140 0.212430
v -0.325117 5.139140 0.130905
v -0.447715 5.139140 -0.098725
v -0.424459 5.139140 -0.300896
v -0.325117 5.139140 -0.429440
v -0.176443 5.139140 -0.515331
v -0.001069 3.708862 -1.981491
v 0.688208 3.708862 -1.844385
v 1.272547 3.708862 -1.453942
v 1.662991 3.708862 -0.869602
v 1.800097 3.708862 -0.180326
v 1.662991 3.708862 0.508950
v 1.272547 3.708862 1.093290
v 0.688208 3.708862 1.483734
v -0.001069 3.708862 1.620839
v -0.690345 3.708862 1.483734
v -1.274685 3.708862 1.093290
v -1.665128 3.708862 0.508950
v -1.802234 3.708862 -0.180326
v -1.665128 3.708862 -0.869602
v -1.274685 3.708862 -1.453942
v -0.690345 3.708862 -1.844385
v -0.001069 4.414253 -1.180326
v 0.381615 4.414253 -1.104205
v 0.706038 4.414253 -0.887433
v 0.922811 4.414253 -0.563009
v 0.998931 4.414253 -0.180326
v 0.922811 4.414253 0.202358
v 0.706038 4.414253 0.526781
v 0.381615 4.414253 0.743554
v -0.001069 4.414253 0.819674
v -0.383752 4.414253 0.743554
v -0.708175 4.414253 0.526781
v -0.924948 4.414253 0.202358
v -1.001069 4.414253 -0.180326
v -0.924948 4.414253 -0.563009
v -0.708175 4.414253 -0.887433
v -0.383752 4.414253 -1.104205
vn 0.2927 0.8097 0.5085
vn -0.0000 1.0000 -0.0000
vn -0.6709 0.7106 -0.2119
vn 0.6709 0.7106 -0.2119
vn -0.2927 0.8097 0.5085
vn -0.1377 0.5794 -0.8033
vn -0.8424 0.0473 0.5368
vn 0.3924 0.6176 -0.6816
vn 0.0988 0.8112 0.5764
vn -0.5801 0.6790 -0.4499
vn 0.5801 0.6790 -0.4499
vn -0.0988 0.8112 0.5764
vn -0.3924 0.6176 -0.6816
vn 0.1377 0.5794 -0.8033
vn 0.1692 0.0114 -0.9855
vn -0.4706 0.8027 0.3663
vn 0.4706 0.8027 0.3663
vn -0.4995 0.0113 -0.8662
vn 0.7907 0.0113 -0.6121
vn -0.7907 0.0113 -0.6121
vn 0.4995 0.0113 -0.8662
vn -0.1692 0.0114 -0.9855
vn -0.4931 0.1015 0.8640
vn 0.9744 0.0111 -0.2246
vn -0.9868 0.0011 -0.1617
vn 0.4970 0.1020 0.8618
vn -0.0062 0.0987 0.9951
vn 0.8593 0.0577 0.5082
vn -0.0030 0.6254 0.7803
vn 0.1421 0.6503 -0.7463
vn 0.4151 0.6376 -0.6489
vn 0.6453 0.6170 -0.4504
vn 0.7852 0.5974 -0.1631
vn 0.7917 0.5883 0.1645
vn 0.6608 0.5922 0.4611
vn 0.4300 0.6028 0.6721
vn -0.4283 0.6032 0.6728
vn -0.6799 0.6036 0.4164
vn -0.7934 0.5879 0.1578
vn -0.7863 0.6032 -0.1336
vn -0.6453 0.6170 -0.4504
vn -0.4151 0.6376 -0.6489
vn -0.1421 0.6503 -0.7463
vn -0.1303 0.7441 -0.6552
vn -0.3711 0.7441 -0.5554
vn -0.5554 0.7441 -0.3711
vn -0.6552 0.7441 -0.1303
vn -0.6552 0.7441 0.1303
vn -0.5554 0.7441 0.3711
vn -0.3711 0.7441 0.5554
vn -0.1303 0.7441 0.6552
vn 0.1303 0.7441 0.6552
vn 0.3711 0.7441 0.5554
vn 0.5554 0.7441 0.3711
vn 0.6552 0.7441 0.1303
vn 0.6552 0.7441 -0.1303
vn 0.5554 0.7441 -0.3711
vn 0.3711 0.7441 -0.5554
vn 0.1303 0.7441 -0.6552
vt 0.215323 0.887371
vt 0.215323 0.879679
vt 0.228170 0.887502
vt 0.228170 0.891605
vt 0.228170 0.896445
vt 0.228170 0.901285
vt 0.228170 0.905389
vt 0.228170 0.908130
vt 0.228170 0.909093
vt 0.228170 0.883797
vt 0.228170 0.884760
vt 0.215323 0.918351
vt 0.215323 0.920156
vt 0.215323 0.872734
vt 0.215323 0.874539
vt 0.215323 0.913212
vt 0.215323 0.905519
vt 0.215323 0.896445
vt 0.143205 0.920125
vt 0.143205 0.913626
vt 0.143205 0.887147
vt 0.143205 0.896445
vt 0.143205 0.905743
vt 0.143205 0.873998
vt 0.143205 0.879265
vt 0.143205 0.918892
vt 0.143205 0.902644
vt 0.143205 0.872148
vt 0.089885 0.916734
vt 0.089885 0.896445
vt 0.089885 0.876156
vt 0.089885 0.858956
vt 0.089885 0.847463
vt 0.089885 0.843427
vt 0.089885 0.933934
vt 0.089885 0.945427
vt 0.089885 0.949463
vt 0.038000 0.932989
vt 0.038000 0.896445
vt 0.038000 0.963970
vt 0.038000 0.984670
vt 0.038000 0.991939
vt 0.038000 0.859901
vt 0.038000 0.828921
vt 0.038000 0.808220
vt 0.038000 0.800951
s 0
usemtl Gradiant
f 452/387/396 451/388/396 442/389/396 443/390/396
f 437/390/397 438/391/397 450/392/397 449/393/397 448/394/397 447/395/397 446/393/397 445/392/397 444/391/397 443/390/397 442/389/397 441/396/397 440/397/397 439/389/397
f 454/398/398 453/399/398 447/395/398 448/394/398
f 456/400/399 455/401/399 440/397/399 441/396/399
f 458/402/400 457/403/400 445/392/400 446/393/400
f 460/404/401 459/403/401 450/392/401 438/391/401
f 433/405/402 432/406/402 458/402/402 453/399/402
f 462/388/403 461/387/403 437/390/403 439/389/403
f 463/404/404 452/387/404 443/390/404 444/391/404
f 464/402/405 454/398/405 448/394/405 449/393/405
f 455/401/406 462/388/406 439/389/406 440/397/406
f 457/403/407 463/404/407 444/391/407 445/392/407
f 459/403/408 464/402/408 449/393/408 450/392/408
f 461/387/409 460/404/409 438/391/409 437/390/409
f 424/407/410 423/408/410 460/404/410 461/387/410
f 453/399/411 458/402/411 446/393/411 447/395/411
f 451/388/412 456/400/412 441/396/412 442/389/412
f 436/409/413 435/406/413 464/402/413 459/403/413
f 426/410/414 425/411/414 462/388/414 455/401/414
f 435/406/415 434/412/415 454/398/415 464/402/415
f 425/411/416 424/407/416 461/387/416 462/388/416
f 423/408/417 436/409/417 459/403/417 460/404/417
f 432/406/418 431/413/418 457/403/418 458/402/418
f 427/414/419 426/410/419 455/401/419 456/400/419
f 434/412/420 433/405/420 453/399/420 454/398/420
f 430/407/421 429/411/421 451/388/421 452/387/421
f 431/413/422 430/407/422 452/387/422 463/404/422 457/403/422
f 428/410/423 427/414/423 456/400/423 451/388/423 429/411/423
f 473/413/424 504/415/424 503/416/424 502/417/424 472/407/424
f 495/416/425 465/408/425 466/407/425 496/417/425
f 496/417/426 466/407/426 467/411/426 497/418/426
f 497/418/427 467/411/427 468/410/427 498/419/427
f 498/419/428 468/410/428 469/414/428 499/420/428
f 499/420/429 469/414/429 470/410/429 500/419/429
f 500/419/430 470/410/430 471/411/430 501/418/430
f 501/418/431 471/411/431 472/407/431 502/417/431
f 504/415/432 473/413/432 474/406/432 505/421/432
f 505/421/433 474/406/433 475/405/433 506/422/433
f 506/422/434 475/405/434 507/423/434
f 507/423/435 475/405/435 476/412/435 508/422/435
f 508/422/436 476/412/436 477/406/436 509/421/436
f 509/421/437 477/406/437 478/409/437 510/415/437
f 510/415/438 478/409/438 465/408/438 495/416/438
f 494/424/439 510/415/439 495/416/439 479/425/439
f 493/426/440 509/421/440 510/415/440 494/424/440
f 492/427/441 508/422/441 509/421/441 493/426/441
f 491/428/442 507/423/442 508/422/442 492/427/442
f 490/427/443 506/422/443 507/423/443 491/428/443
f 489/426/444 505/421/444 506/422/444 490/427/444
f 488/424/445 504/415/445 505/421/445 489/426/445
f 487/425/446 503/416/446 504/415/446 488/424/446
f 486/429/447 502/417/447 503/416/447 487/425/447
f 485/430/448 501/418/448 502/417/448 486/429/448
f 484/431/449 500/419/449 501/418/449 485/430/449
f 483/432/450 499/420/450 500/419/450 484/431/450
f 482/431/451 498/419/451 499/420/451 483/432/451
f 481/430/452 497/418/452 498/419/452 482/431/452
f 480/429/453 496/417/453 497/418/453 481/430/453
f 479/425/454 495/416/454 496/417/454 480/429/454
o Cylinder.003
v -0.001069 3.704292 -1.354827
v -0.001069 4.891411 -0.504702
v 0.451607 3.704292 -1.264784
v 0.164426 4.891411 -0.476342
v 0.835367 3.704292 -1.008364
v 0.304725 4.891411 -0.395579
v 1.091787 3.704292 -0.624604
v 0.398470 4.891411 -0.274710
v 1.181830 3.704292 -0.171928
v 0.431389 4.891411 -0.132135
v 1.091787 3.704292 0.280747
v 0.398470 4.891411 0.010440
v 0.835367 3.704292 0.664507
v 0.304725 4.891411 0.131309
v 0.451607 3.704292 0.920928
v 0.164426 4.891411 0.212071
v -0.001069 3.704292 1.010971
v -0.001069 4.891411 0.240431
v -0.453744 3.704292 0.920928
v -0.166563 4.891411 0.212071
v -0.837504 3.704292 0.664507
v -0.306862 4.891411 0.131309
v -1.093924 3.704292 0.280747
v -0.400607 4.891411 0.010440
v -1.183967 3.704292 -0.171928
v -0.433526 4.891411 -0.132135
v -1.093924 3.704292 -0.624604
v -0.400607 4.891411 -0.274710
v -0.837504 3.704292 -1.008364
v -0.306862 4.891411 -0.395579
v -0.453744 3.704292 -1.264784
v -0.166563 4.891411 -0.476342
v -0.013895 3.663485 -1.287629
v 0.438781 3.663485 -1.197587
v 0.182796 4.848208 -0.471649
v -0.014648 4.848208 -0.505484
v 0.303171 4.850651 -0.404250
v 0.778139 3.665792 -0.968515
v 1.034559 3.665792 -0.584755
v 0.415014 4.850651 -0.260046
v 0.441491 4.852741 -0.147347
v 1.112514 3.667766 -0.186297
v 1.022472 3.667766 0.266379
v 0.402217 4.852741 0.022753
v 0.323555 4.851864 0.119464
v 0.797392 3.666939 0.605280
v 0.413632 3.666939 0.861700
v 0.156170 4.851864 0.215818
v 0.012843 4.851325 0.239475
v 0.012071 3.666429 0.942130
v -0.440605 3.666429 0.852087
v -0.184601 4.851325 0.205640
v -0.304478 4.852541 0.139401
v -0.779491 3.667578 0.624112
v -1.035911 3.667578 0.240352
v -0.416321 4.852541 -0.004803
v -0.443977 4.852058 -0.116995
v -1.114981 3.667121 -0.157628
v -1.024938 3.667121 -0.610304
v -0.404703 4.852058 -0.287095
v -0.326506 4.849148 -0.385003
v -0.800298 3.664372 -0.950336
v -0.416538 3.664372 -1.206756
v -0.159121 4.849148 -0.481357
v -0.001069 4.193003 -0.813270
v 0.261454 4.193003 -0.762938
v 0.484010 4.193003 -0.619608
v 0.632717 4.193003 -0.405098
v 0.684936 4.193003 -0.152067
v 0.632717 4.193003 0.100965
v 0.484010 4.193003 0.315474
v 0.261454 4.193003 0.458805
v -0.001069 4.193003 0.509136
v -0.263591 4.193003 0.458805
v -0.486147 4.193003 0.315474
v -0.634854 4.193003 0.100965
v -0.687073 4.193003 -0.152067
v -0.634854 4.193003 -0.405098
v -0.486147 4.193003 -0.619608
v -0.263591 4.193003 -0.762938
v -0.012189 4.157625 -0.784797
v 0.263565 4.157625 -0.732199
v 0.458842 4.159625 -0.606122
v 0.615044 4.159625 -0.381949
v 0.659415 4.161336 -0.164524
v 0.604564 4.161336 0.099906
v 0.475534 4.160619 0.285188
v 0.241761 4.160619 0.434975
v 0.010323 4.160177 0.479239
v -0.265430 4.160177 0.426641
v -0.460299 4.161172 0.301514
v -0.616501 4.161172 0.077342
v -0.661838 4.160778 -0.139669
v -0.606987 4.160778 -0.404099
v -0.478337 4.158394 -0.590360
v -0.244565 4.158394 -0.740148
v -0.001069 3.371973 -1.537538
v 0.521540 3.371973 -1.433585
v 0.964587 3.371973 -1.137551
v 1.260621 3.371973 -0.694504
v 1.364575 3.371973 -0.171895
v 1.260621 3.371973 0.350714
v 0.964587 3.371973 0.793761
v 0.521540 3.371973 1.089795
v -0.001069 3.371973 1.193748
v -0.523678 3.371973 1.089795
v -0.966724 3.371973 0.793761
v -1.262758 3.371973 0.350714
v -1.366712 3.371973 -0.171895
v -1.262758 3.371973 -0.694504
v -0.966724 3.371973 -1.137551
v -0.523678 3.371973 -1.433585
v -0.015876 3.324862 -1.459959
v 0.506733 3.324862 -1.356006
v 0.898518 3.327526 -1.091545
v 1.194552 3.327526 -0.648499
v 1.284551 3.329805 -0.188483
v 1.180597 3.329805 0.334126
v 0.920745 3.328850 0.725384
v 0.477699 3.328850 1.021418
v 0.014101 3.328261 1.114273
v -0.508508 3.328261 1.010320
v -0.899749 3.329587 0.747125
v -1.195783 3.329587 0.304078
v -1.287068 3.329060 -0.155386
v -1.183115 3.329060 -0.677995
v -0.923770 3.325886 -1.070557
v -0.480723 3.325886 -1.366592
vn -0.9050 -0.1448 -0.4001
vn 0.4853 0.3833 -0.7858
vn 0.9186 0.3421 -0.1977
vn 0.5960 -0.1782 -0.7830
vn 0.7637 0.3347 0.5521
vn -0.5536 -0.1423 -0.8205
vn 0.1693 0.3515 0.9207
vn -0.4934 0.3440 0.7989
vn 0.8616 -0.1271 -0.4914
vn -0.9221 0.3321 0.1985
vn -0.7554 0.3622 -0.5461
vn 0.4988 -0.0220 0.8665
vn -0.1660 0.3963 -0.9030
vn 0.1671 0.3677 -0.9148
vn 0.7642 0.3269 -0.5560
vn 0.9345 0.2928 0.2024
vn 0.4971 0.3109 0.8101
vn -0.1702 0.3208 0.9317
vn -0.7719 0.2979 0.5616
vn -0.9313 0.3034 -0.2017
vn -0.4895 0.3521 -0.7978
vn -0.5373 -0.2041 0.8183
vn -0.2708 -0.1690 0.9477
vn -0.1683 -0.0819 0.9823
vn 0.9625 -0.1597 0.2194
vn 0.2399 -0.1251 -0.9627
vn 0.9744 -0.2015 -0.0994
vn 0.9147 -0.1562 0.3728
vn -0.9652 -0.1444 -0.2179
vn -0.4576 -0.1095 -0.8824
vn -0.9728 -0.2043 0.1097
vn -0.8697 -0.1445 0.4719
vn -0.7877 0.0789 0.6110
vn 0.5208 -0.1329 0.8433
vn 0.5291 -0.1841 0.8283
vn 0.8667 -0.2150 0.4500
vn 0.6282 -0.1542 0.7626
vn -0.7882 -0.1324 0.6010
vn -0.8111 -0.1758 0.5579
vn -0.6079 -0.1215 -0.7847
vn -0.9710 -0.1843 0.1524
vn 0.9810 -0.1422 0.1323
vn 0.8231 -0.1457 -0.5489
vn -0.0589 -0.1378 -0.9887
vn 0.9704 -0.1788 -0.1621
vn -0.0289 -0.1664 0.9856
vn -0.1448 -0.1813 0.9727
vn -0.3937 0.6976 -0.5986
vn -0.7250 0.6730 -0.1465
vn -0.6164 0.6670 0.4184
vn -0.1417 0.6757 0.7235
vn 0.4071 0.6717 0.6189
vn 0.7308 0.6665 0.1477
vn 0.6028 0.6850 -0.4091
vn 0.1362 0.7054 -0.6956
vn -0.1305 0.7353 -0.6650
vn -0.5752 0.7193 -0.3895
vn -0.6963 0.7039 0.1404
vn 0.7583 -0.1155 -0.6416
vn -0.3896 0.7063 0.5910
vn 0.1358 0.7089 0.6921
vn -0.8853 -0.2005 -0.4196
vn 0.5885 0.7035 0.3985
vn 0.1775 -0.1341 -0.9749
vn 0.6907 0.7096 -0.1392
vn 0.3767 0.7292 -0.5713
vn -0.9797 -0.1414 -0.1422
vn -0.1581 -0.0869 0.9836
vn 0.1717 0.4748 0.8632
vn 0.6030 -0.0743 0.7943
vn 0.4890 0.4746 -0.7318
vn 0.5294 -0.0914 0.8434
vn -0.7318 0.4747 -0.4890
vn -0.7443 0.4458 0.4973
vn -0.5275 -0.0903 -0.8448
vn -0.8113 -0.0909 0.5775
vn 0.2427 -0.0802 -0.9668
vn 0.8779 0.4458 0.1746
vn 0.8603 -0.0752 -0.5042
vn 0.9869 -0.0776 0.1412
vn -0.9682 -0.0840 -0.2358
vn 0.8632 0.4747 -0.1717
vn -0.1717 0.4746 -0.8633
vn -0.8780 0.4458 -0.1746
vn -0.4890 0.4748 0.7318
vn 0.4973 0.4458 0.7443
vn 0.1573 -0.0866 -0.9838
vn 0.1746 0.4458 -0.8779
vn -0.2433 -0.0797 0.9667
vn 0.7318 0.4747 0.4890
vn -0.4973 0.4458 -0.7443
vn 0.8095 -0.0892 -0.5803
vn -0.9863 -0.0795 -0.1445
vn -0.8618 -0.0736 0.5019
vn -0.8632 0.4747 0.1717
vn -0.1746 0.4458 0.8779
vn 0.9689 -0.0859 0.2322
vn 0.7443 0.4458 -0.4973
vn -0.6015 -0.0754 -0.7953
vt 0.464610 0.879970
vt 0.361468 0.881724
vt 0.367759 0.880921
vt 0.471056 0.879387
vt 0.498842 0.871123
vt 0.389412 0.875647
vt 0.386412 0.868190
vt 0.495399 0.859224
vt 0.490088 0.850233
vt 0.381875 0.862766
vt 0.376397 0.860246
vt 0.483510 0.845622
vt 0.484022 0.918946
vt 0.376867 0.905621
vt 0.382179 0.906152
vt 0.488700 0.917615
vt 0.476558 0.846490
vt 0.370765 0.861158
vt 0.365877 0.865525
vt 0.470355 0.853197
vt 0.569922 0.827218
vt 0.551684 0.829696
vt 0.494576 0.850929
vt 0.466070 0.865005
vt 0.362575 0.872766
vt 0.466298 0.895308
vt 0.362770 0.890872
vt 0.366230 0.898648
vt 0.470760 0.908158
vt 0.672083 0.849328
vt 0.643641 0.852102
vt 0.472229 0.866225
vt 0.477060 0.916374
vt 0.371215 0.903802
vt 0.490532 0.915961
vt 0.382295 0.903989
vt 0.386724 0.899301
vt 0.495721 0.908292
vt 0.368579 0.873150
vt 0.372449 0.864507
vt 0.499012 0.897249
vt 0.389577 0.892328
vt 0.390509 0.884072
vt 0.500083 0.884333
vt 0.504564 0.884775
vt 0.396752 0.884718
vt 0.395465 0.874652
vt 0.503290 0.870839
vt 0.500023 0.860370
vt 0.392653 0.868255
vt 0.387332 0.861766
vt 0.488779 0.847018
vt 0.382764 0.859741
vt 0.376158 0.860821
vt 0.481682 0.847987
vt 0.476577 0.853830
vt 0.369284 0.891843
vt 0.472768 0.895451
vt 0.476391 0.906692
vt 0.371888 0.898488
vt 0.377732 0.904635
vt 0.482804 0.915347
vt 0.388548 0.904194
vt 0.495366 0.914518
vt 0.500143 0.907885
vt 0.392496 0.900269
vt 0.395840 0.891935
vt 0.503519 0.896250
vt 0.568259 0.939268
vt 0.549536 0.935809
vt 0.671062 0.905903
vt 0.641676 0.905111
vt 0.625174 0.817542
vt 0.602723 0.821582
vt 0.536966 0.863532
vt 0.519979 0.863756
vt 0.536372 0.906730
vt 0.519456 0.904917
vt 0.623099 0.942769
vt 0.599062 0.939330
vt 0.549686 0.843352
vt 0.532126 0.845811
vt 0.652458 0.828236
vt 0.625119 0.831060
vt 0.650698 0.929109
vt 0.625283 0.925545
vt 0.532464 0.885380
vt 0.515621 0.885783
vt 0.548519 0.925449
vt 0.531222 0.923729
vt 0.596092 0.817758
vt 0.574902 0.821573
vt 0.574403 0.942144
vt 0.649093 0.876669
vt 0.594088 0.945775
vt 0.678945 0.877231
vt 0.385320 0.811178
vt 0.409869 0.806717
vt 0.471941 0.875881
vt 0.466665 0.842490
vt 0.355328 0.840097
vt 0.376597 0.837308
vt 0.367654 0.860589
vt 0.429722 0.953202
vt 0.402331 0.949107
vt 0.375771 0.931603
vt 0.389791 0.947889
vt 0.421182 0.933346
vt 0.390979 0.818333
vt 0.368690 0.821143
vt 0.420877 0.821126
vt 0.451713 0.817686
vt 0.431260 0.805700
vt 0.404993 0.810470
vt 0.434401 0.845865
vt 0.343638 0.886043
vt 0.364508 0.885580
vt 0.346565 0.860817
vt 0.367237 0.910001
vt 0.367550 0.943917
vt 0.384799 0.951831
vt 0.450382 0.937620
vt 0.465882 0.910221
vt 0.408410 0.956031
vt 0.346424 0.907954
vt 0.354362 0.929679
vt 0.438260 0.875222
vt 0.432808 0.909232
s 0
usemtl Gradiant
f 583/433/455 528/434/455 559/435/455 599/436/455
f 576/437/456 514/438/456 516/439/456 577/440/456
f 578/441/457 518/442/457 520/443/457 579/444/457
f 587/445/458 536/446/458 567/447/458 603/448/458
f 580/449/459 522/450/459 524/451/459 581/452/459
f 578/441/460 517/453/460 549/454/460 594/455/460
f 582/456/461 526/457/461 528/434/461 583/433/461
f 584/458/462 530/459/462 532/460/462 585/461/462
f 582/456/463 525/462/463 557/463/463 598/464/463
f 586/465/464 534/466/464 536/446/464 587/445/464
f 588/467/465 538/468/465 540/469/465 589/470/465
f 524/451/466 526/457/466 558/471/466 555/472/466
f 590/473/467 542/474/467 512/475/467 575/476/467
f 591/477/468 546/478/468 545/479/468 592/480/468
f 593/481/469 547/482/469 550/483/469 594/455/469
f 595/484/470 551/485/470 554/486/470 596/487/470
f 597/488/471 555/472/471 558/471/471 598/464/471
f 599/436/472 559/435/472 562/489/472 600/490/472
f 601/491/473 563/492/473 566/493/473 602/494/473
f 603/448/474 567/447/474 570/495/474 604/496/474
f 605/497/475 571/498/475 574/499/475 606/500/475
f 579/444/476 520/443/476 551/485/476 595/484/476
f 588/467/477 537/501/477 569/502/477 604/496/477
f 528/434/478 530/459/478 562/489/478 559/435/478
f 584/458/479 529/503/479 561/504/479 600/490/479
f 580/449/480 521/505/480 553/506/480 596/487/480
f 589/470/481 540/469/481 571/498/481 605/497/481
f 575/476/482 512/475/482 546/478/482 591/477/482
f 576/437/483 513/507/483 544/508/483 592/480/483
f 585/461/484 532/460/484 563/492/484 601/491/484
f 581/452/485 524/451/485 555/472/485 597/488/485
f 590/473/486 541/509/486 573/510/486 606/500/486
f 532/460/487 534/466/487 566/493/487 563/492/487
f 577/440/488 516/439/488 547/482/488 593/481/488
f 586/465/489 533/511/489 565/512/489 602/494/489
f 534/466/490 586/465/490 602/494/490 566/493/490
f 515/513/491 577/440/491 593/481/491 548/514/491
f 542/474/492 590/473/492 606/500/492 574/499/492
f 523/515/493 581/452/493 597/488/493 556/516/493
f 531/517/494 585/461/494 601/491/494 564/518/494
f 514/438/495 576/437/495 592/480/495 545/479/495
f 511/519/496 575/476/496 591/477/496 543/520/496
f 539/521/497 589/470/497 605/497/497 572/522/497
f 522/450/498 580/449/498 596/487/498 554/486/498
f 530/459/499 584/458/499 600/490/499 562/489/499
f 538/468/500 588/467/500 604/496/500 570/495/500
f 519/523/501 579/444/501 595/484/501 552/524/501
f 572/522/502 605/497/502 606/500/502 573/510/502
f 568/525/503 603/448/503 604/496/503 569/502/503
f 564/518/504 601/491/504 602/494/504 565/512/504
f 560/526/505 599/436/505 600/490/505 561/504/505
f 556/516/506 597/488/506 598/464/506 557/463/506
f 552/524/507 595/484/507 596/487/507 553/506/507
f 548/514/508 593/481/508 594/455/508 549/454/508
f 543/520/509 591/477/509 592/480/509 544/508/509
f 541/509/510 590/473/510 575/476/510 511/519/510
f 537/501/511 588/467/511 589/470/511 539/521/511
f 533/511/512 586/465/512 587/445/512 535/527/512
f 526/457/513 582/456/513 598/464/513 558/471/513
f 529/503/514 584/458/514 585/461/514 531/517/514
f 525/462/515 582/456/515 583/433/515 527/528/515
f 518/442/516 578/441/516 594/455/516 550/483/516
f 521/505/517 580/449/517 581/452/517 523/515/517
f 535/527/518 587/445/518 603/448/518 568/525/518
f 517/453/519 578/441/519 579/444/519 519/523/519
f 513/507/520 576/437/520 577/440/520 515/513/520
f 527/528/521 583/433/521 599/436/521 560/526/521
f 519/523/522 552/524/522 627/529/522 611/530/522
f 525/462/523 527/528/523 615/531/523 614/532/523
f 515/513/524 548/514/524 625/533/524 609/534/524
f 513/507/525 515/513/525 609/534/525 608/535/525
f 565/512/526 533/511/526 618/536/526 634/537/526
f 537/501/527 539/521/527 621/538/527 620/539/527
f 564/518/528 565/512/528 634/537/528 633/540/528
f 549/454/529 517/453/529 610/541/529 626/542/529
f 523/515/530 556/516/530 629/543/530 613/544/530
f 553/506/531 521/505/531 612/545/531 628/546/531
f 552/524/532 553/506/532 628/546/532 627/529/532
f 557/463/533 525/462/533 614/532/533 630/547/533
f 511/519/534 543/520/534 623/548/534 607/549/534
f 544/508/535 513/507/535 608/535/535 624/550/535
f 517/453/536 519/523/536 611/530/536 610/541/536
f 541/509/537 511/519/537 607/549/537 622/551/537
f 568/525/538 569/502/538 636/552/538 635/553/538
f 529/503/539 531/517/539 617/554/539 616/555/539
f 556/516/540 557/463/540 630/547/540 629/543/540
f 535/527/541 568/525/541 635/553/541 619/556/541
f 543/520/542 544/508/542 624/550/542 623/548/542
f 569/502/543 537/501/543 620/539/543 636/552/543
f 521/505/544 523/515/544 613/544/544 612/545/544
f 572/522/545 573/510/545 638/557/545 637/558/545
f 539/521/546 572/522/546 637/558/546 621/538/546
f 527/528/547 560/526/547 631/559/547 615/531/547
f 573/510/548 541/509/548 622/551/548 638/557/548
f 533/511/549 535/527/549 619/556/549 618/536/549
f 560/526/550 561/504/550 632/560/550 631/559/550
f 561/504/551 529/503/551 616/555/551 632/560/551
f 548/514/552 549/454/552 626/542/552 625/533/552
f 531/517/553 564/518/553 633/540/553 617/554/553
o Cylinder.004
v -0.001069 6.148300 -0.382556
v -0.001069 6.458196 -0.382556
v 0.127872 6.148300 -0.159224
v 0.127872 6.458196 -0.159224
v -0.130010 6.148300 -0.159224
v -0.130010 6.458196 -0.159224
vn 0.8660 -0.0000 -0.5000
vn -0.0000 -0.0000 1.0000
vn -0.8660 -0.0000 -0.5000
vt 0.554438 0.618049
vt 0.061035 0.618049
vt 0.061035 0.646976
vt 0.554438 0.646976
vt 0.061035 0.589122
vt 0.554438 0.589122
s 0
usemtl Gradiant
f 639/561/554 640/562/554 642/563/554 641/564/554
f 641/564/555 642/563/555 644/565/555 643/566/555
f 643/566/556 644/565/556 640/562/556 639/561/556
o Cylinder.005
v 0.884695 5.936856 -0.437316
v 0.616645 5.947723 -0.437316
v 0.889401 6.052925 -0.370249
v 0.621350 6.063792 -0.370249
v 0.889401 6.052925 -0.236114
v 0.621350 6.063792 -0.236114
v 0.884695 5.936856 -0.169046
v 0.616645 5.947723 -0.169046
v 0.879989 5.820787 -0.236114
v 0.611939 5.831654 -0.236114
v 0.879989 5.820787 -0.370249
v 0.611939 5.831654 -0.370249
v 0.891940 6.103641 -0.399565
v 0.885177 5.936837 -0.495949
v 0.891940 6.103641 -0.206797
v 0.885177 5.936837 -0.110414
v 0.878415 5.770032 -0.206798
v 0.878415 5.770032 -0.399565
v 1.031061 6.061195 -0.378332
v 1.025788 5.931136 -0.453484
v 1.031061 6.061195 -0.228030
v 1.025788 5.931136 -0.152879
v 1.020515 5.801077 -0.228030
v 1.020515 5.801077 -0.378332
v 1.167221 6.071038 -0.387195
v 1.161327 5.925641 -0.471209
v 1.167221 6.071038 -0.219167
v 1.161327 5.925641 -0.135153
v 1.155432 5.780244 -0.219167
v 1.155432 5.780244 -0.387195
v 1.517982 6.129744 -0.429264
v 1.509136 5.911541 -0.555347
v 1.517982 6.129744 -0.177098
v 1.509136 5.911541 -0.051015
v 1.500290 5.693337 -0.177098
v 1.500290 5.693337 -0.429264
v 2.011259 6.246085 -0.504779
v 1.996608 5.897193 -0.706378
v 2.011259 6.246085 -0.101583
v 1.996608 5.897193 0.100015
v 1.981956 5.548301 -0.101583
v 1.981956 5.548302 -0.504779
v 0.726765 5.941768 -0.497231
v 0.269253 5.957344 -0.497231
v 0.733509 6.108135 -0.401100
v 0.275998 6.123711 -0.401100
v 0.733509 6.108135 -0.208838
v 0.275998 6.123711 -0.208838
v 0.726764 5.941768 -0.112707
v 0.269253 5.957344 -0.112707
v 0.720020 5.775400 -0.208838
v 0.262509 5.790977 -0.208838
v 0.720020 5.775401 -0.401100
v 0.262509 5.790977 -0.401100
v 0.789642 6.180829 -0.443120
v 0.779950 5.941740 -0.581272
v 0.789642 6.180828 -0.166818
v 0.779949 5.941740 -0.028666
v 0.770257 5.702651 -0.166818
v 0.770257 5.702651 -0.443120
v 0.989051 6.119988 -0.412687
v 0.981493 5.933569 -0.520404
v 0.989051 6.119988 -0.197251
v 0.981493 5.933569 -0.089534
v 0.973935 5.747149 -0.197251
v 0.973935 5.747149 -0.412687
v 1.184880 6.150492 -0.434863
v 1.175767 5.925693 -0.564757
v 1.184880 6.150491 -0.175075
v 1.175767 5.925693 -0.045181
v 1.166653 5.700894 -0.175075
v 1.166653 5.700894 -0.434863
v 1.688472 6.255085 -0.506978
v 1.674299 5.905482 -0.708987
v 1.688472 6.255085 -0.102960
v 1.674298 5.905482 0.099050
v 1.660125 5.555879 -0.102960
v 1.660125 5.555879 -0.506978
v 2.201828 6.385000 -0.593929
v 2.181554 5.884917 -0.882889
v 2.201828 6.385000 -0.016009
v 2.181554 5.884917 0.272952
v 2.161280 5.384834 -0.016009
v 2.161280 5.384834 -0.593929
v 1.416812 5.637899 -0.465353
v 1.416812 5.637899 -0.144585
v 1.428065 5.915464 0.015800
v 1.439318 6.193030 -0.144585
v 1.439318 6.193030 -0.465353
v 1.428065 5.915464 -0.625738
v 1.911192 5.482429 -0.543478
v 1.911192 5.482429 -0.066460
v 1.927926 5.895200 0.172050
v 1.944660 6.307971 -0.066460
v 1.944660 6.307971 -0.543478
v 1.927926 5.895200 -0.781987
v 2.181931 5.978572 -0.461319
v 2.172832 6.040618 -0.382250
v 2.172832 6.040618 -0.224113
v 2.181931 5.978571 -0.145044
v 2.191031 5.916525 -0.224113
v 2.191031 5.916525 -0.382250
v -0.886832 5.936856 -0.437316
v -0.618782 5.947723 -0.437316
v -0.891538 6.052925 -0.370249
v -0.623488 6.063792 -0.370249
v -0.891538 6.052925 -0.236114
v -0.623488 6.063792 -0.236114
v -0.886832 5.936856 -0.169046
v -0.618782 5.947723 -0.169046
v -0.882127 5.820787 -0.236114
v -0.614077 5.831654 -0.236114
v -0.882127 5.820787 -0.370249
v -0.614077 5.831654 -0.370249
v -0.894077 6.103641 -0.399565
v -0.887315 5.936837 -0.495949
v -0.894077 6.103641 -0.206797
v -0.887315 5.936837 -0.110414
v -0.880552 5.770032 -0.206798
v -0.880552 5.770032 -0.399565
v -1.033198 6.061195 -0.378332
v -1.027925 5.931136 -0.453484
v -1.033198 6.061195 -0.228030
v -1.027925 5.931136 -0.152879
v -1.022652 5.801077 -0.228030
v -1.022652 5.801077 -0.378332
v -1.169358 6.071038 -0.387195
v -1.163464 5.925641 -0.471209
v -1.169358 6.071038 -0.219167
v -1.163464 5.925641 -0.135153
v -1.157569 5.780244 -0.219167
v -1.157569 5.780244 -0.387195
v -1.520119 6.129744 -0.429264
v -1.511273 5.911541 -0.555347
v -1.520119 6.129744 -0.177098
v -1.511273 5.911541 -0.051015
v -1.502427 5.693337 -0.177098
v -1.502427 5.693337 -0.429264
v -2.013396 6.246085 -0.504779
v -1.998745 5.897193 -0.706378
v -2.013396 6.246085 -0.101583
v -1.998745 5.897193 0.100015
v -1.984093 5.548301 -0.101583
v -1.984093 5.548302 -0.504779
v -0.728902 5.941768 -0.497231
v -0.271391 5.957344 -0.497231
v -0.735646 6.108135 -0.401100
v -0.278135 6.123711 -0.401100
v -0.735646 6.108135 -0.208838
v -0.278135 6.123711 -0.208838
v -0.728902 5.941768 -0.112707
v -0.271391 5.957344 -0.112707
v -0.722157 5.775400 -0.208838
v -0.264646 5.790977 -0.208838
v -0.722157 5.775401 -0.401100
v -0.264646 5.790977 -0.401100
v -0.791780 6.180829 -0.443120
v -0.782087 5.941740 -0.581272
v -0.791780 6.180828 -0.166818
v -0.782087 5.941740 -0.028666
v -0.772394 5.702651 -0.166818
v -0.772394 5.702651 -0.443120
v -0.991188 6.119988 -0.412687
v -0.983631 5.933569 -0.520404
v -0.991188 6.119988 -0.197251
v -0.983630 5.933569 -0.089534
v -0.976073 5.747149 -0.197251
v -0.976073 5.747149 -0.412687
v -1.187018 6.150492 -0.434863
v -1.177904 5.925693 -0.564757
v -1.187018 6.150491 -0.175075
v -1.177904 5.925693 -0.045181
v -1.168791 5.700894 -0.175075
v -1.168791 5.700894 -0.434863
v -1.690609 6.255085 -0.506978
v -1.676436 5.905482 -0.708987
v -1.690609 6.255085 -0.102960
v -1.676436 5.905482 0.099050
v -1.662262 5.555879 -0.102960
v -1.662262 5.555879 -0.506978
v -2.203965 6.385000 -0.593929
v -2.183691 5.884917 -0.882889
v -2.203965 6.385000 -0.016009
v -2.183691 5.884917 0.272952
v -2.163417 5.384834 -0.016009
v -2.163417 5.384834 -0.593929
v -1.418950 5.637899 -0.465353
v -1.418950 5.637899 -0.144585
v -1.430202 5.915464 0.015800
v -1.441455 6.193030 -0.144585
v -1.441455 6.193030 -0.465353
v -1.430203 5.915464 -0.625738
v -1.913329 5.482429 -0.543478
v -1.913329 5.482429 -0.066460
v -1.930063 5.895200 0.172050
v -1.946797 6.307971 -0.066460
v -1.946797 6.307971 -0.543478
v -1.930063 5.895200 -0.781987
v -2.184068 5.978572 -0.461319
v -2.174969 6.040618 -0.382250
v -2.174969 6.040618 -0.224113
v -2.184068 5.978571 -0.145044
v -2.193168 5.916525 -0.224113
v -2.193168 5.916525 -0.382250
vn 0.0203 0.4996 -0.8660
vn 0.0405 0.9992 -0.0000
vn 0.0203 0.4996 0.8660
vn -0.0203 -0.4996 0.8660
vn -0.0405 -0.9992 -0.0000
vn -0.0203 -0.4996 -0.8660
vn -0.9993 0.0358 0.0082
vn 0.2330 -0.4936 -0.8379
vn -0.9987 0.0500 -0.0000
vn -0.9995 0.0310 -0.0000
vn -0.9989 0.0453 -0.0082
vn -0.9989 0.0453 0.0082
vn -0.9993 0.0358 -0.0082
vn -0.1526 -0.9883 -0.0000
vn 0.2330 -0.4936 0.8379
vn 0.2918 0.9565 -0.0000
vn 0.2134 -0.9770 -0.0000
vn 0.2722 0.4731 0.8379
vn 0.2722 0.4731 -0.8379
vn -0.2444 -0.9697 -0.0000
vn -0.0922 0.5010 0.8605
vn -0.0922 0.5010 -0.8605
vn -0.1325 -0.4919 -0.8605
vn -0.1325 -0.4919 0.8605
vn -0.0721 0.9974 -0.0000
vn -0.2883 -0.9575 -0.0000
vn -0.1849 0.4973 0.8477
vn -0.1849 0.4973 -0.8477
vn -0.2245 -0.4807 -0.8477
vn -0.2245 -0.4807 0.8477
vn -0.1651 0.9863 -0.0000
vn -0.9992 0.0405 -0.0000
vn -0.2442 0.4927 0.8352
vn -0.2442 0.4927 -0.8352
vn -0.2736 -0.4727 -0.8377
vn -0.2736 -0.4727 0.8377
vn -0.2296 0.9733 -0.0000
vn 0.0170 0.4997 -0.8660
vn 0.0340 0.9994 -0.0000
vn 0.0170 0.4997 0.8660
vn -0.0170 -0.4997 0.8660
vn -0.0340 -0.9994 -0.0000
vn -0.0170 -0.4997 -0.8660
vn -0.8149 -0.2649 0.5156
vn -0.7915 0.6112 -0.0000
vn -0.8229 -0.5682 -0.0000
vn -0.7992 0.3247 -0.5059
vn -0.7992 0.3247 0.5059
vn -0.8149 -0.2649 -0.5156
vn -0.2334 -0.9724 -0.0000
vn -0.3194 -0.9476 -0.0000
vn -0.1738 0.4980 0.8496
vn -0.1738 0.4980 -0.8496
vn -0.2135 -0.4823 -0.8496
vn -0.2135 -0.4823 0.8496
vn -0.1539 0.9881 -0.0000
vn -0.3635 -0.9316 -0.0000
vn -0.2611 0.4909 0.8312
vn -0.2611 0.4909 -0.8312
vn -0.3000 -0.4681 -0.8312
vn -0.3000 -0.4681 0.8312
vn -0.2417 0.9704 -0.0000
vn -0.3061 0.4856 0.8189
vn -0.3061 0.4856 -0.8189
vn -0.3444 -0.4592 -0.8189
vn -0.3444 -0.4592 0.8189
vn -0.2869 0.9580 -0.0000
vn -0.1649 0.9863 -0.0000
vn -0.2244 -0.4807 0.8477
vn -0.2244 -0.4807 -0.8477
vn -0.1847 0.4973 -0.8477
vn -0.1847 0.4973 0.8477
vn -0.2442 -0.9697 -0.0000
vn -0.2022 0.9794 -0.0000
vn -0.2611 -0.4750 0.8404
vn -0.2611 -0.4750 -0.8404
vn -0.2218 0.4946 -0.8404
vn -0.2218 0.4946 0.8404
vn -0.2808 -0.9598 -0.0000
vn -0.0227 0.6338 0.7732
vn -0.0227 0.6338 -0.7732
vn -0.0096 -1.0000 -0.0000
vn -0.0728 0.9973 -0.0000
vn 0.0180 -0.6339 0.7732
vn 0.0180 -0.6339 -0.7732
vn -0.0203 0.4996 -0.8660
vn -0.0405 0.9992 -0.0000
vn -0.0203 0.4996 0.8660
vn 0.0203 -0.4996 0.8660
vn 0.0405 -0.9992 -0.0000
vn 0.0203 -0.4996 -0.8660
vn 0.9993 0.0358 0.0082
vn -0.2330 -0.4936 -0.8379
vn 0.9987 0.0500 -0.0000
vn 0.9995 0.0310 -0.0000
vn 0.9989 0.0453 -0.0082
vn 0.9989 0.0453 0.0082
vn 0.9993 0.0358 -0.0082
vn 0.1526 -0.9883 -0.0000
vn -0.2330 -0.4936 0.8379
vn -0.2918 0.9565 -0.0000
vn -0.2134 -0.9770 -0.0000
vn -0.2722 0.4731 0.8379
vn -0.2722 0.4731 -0.8379
vn 0.2444 -0.9697 -0.0000
vn 0.0922 0.5010 0.8605
vn 0.0922 0.5010 -0.8605
vn 0.1325 -0.4919 -0.8605
vn 0.1325 -0.4919 0.8605
vn 0.0721 0.9974 -0.0000
vn 0.2883 -0.9575 -0.0000
vn 0.1849 0.4973 0.8477
vn 0.1849 0.4973 -0.8477
vn 0.2245 -0.4807 -0.8477
vn 0.2245 -0.4807 0.8477
vn 0.1651 0.9863 -0.0000
vn 0.9992 0.0405 -0.0000
vn 0.2442 0.4927 0.8352
vn 0.2442 0.4927 -0.8352
vn 0.2736 -0.4727 -0.8377
vn 0.2736 -0.4727 0.8377
vn 0.2296 0.9733 -0.0000
vn -0.0170 0.4997 -0.8660
vn -0.0340 0.9994 -0.0000
vn -0.0170 0.4997 0.8660
vn 0.0170 -0.4997 0.8660
vn 0.0340 -0.9994 -0.0000
vn 0.0170 -0.4997 -0.8660
vn 0.8149 -0.2649 0.5156
vn 0.7915 0.6112 -0.0000
vn 0.8229 -0.5682 -0.0000
vn 0.7992 0.3247 -0.5059
vn 0.7992 0.3247 0.5059
vn 0.8149 -0.2649 -0.5156
vn 0.2334 -0.9724 -0.0000
vn 0.3194 -0.9476 -0.0000
vn 0.1738 0.4980 0.8496
vn 0.1738 0.4980 -0.8496
vn 0.2135 -0.4823 -0.8496
vn 0.2135 -0.4823 0.8496
vn 0.1539 0.9881 -0.0000
vn 0.3635 -0.9316 -0.0000
vn 0.2611 0.4909 0.8312
vn 0.2611 0.4909 -0.8312
vn 0.3000 -0.4681 -0.8312
vn 0.3000 -0.4681 0.8312
vn 0.2417 0.9704 -0.0000
vn 0.3061 0.4856 0.8189
vn 0.3061 0.4856 -0.8189
vn 0.3444 -0.4592 -0.8189
vn 0.3444 -0.4592 0.8189
vn 0.2869 0.9580 -0.0000
vn 0.1649 0.9863 -0.0000
vn 0.2244 -0.4807 0.8477
vn 0.2244 -0.4807 -0.8477
vn 0.1847 0.4973 -0.8477
vn 0.1847 0.4973 0.8477
vn 0.2442 -0.9697 -0.0000
vn 0.2022 0.9794 -0.0000
vn 0.2611 -0.4750 0.8404
vn 0.2611 -0.4750 -0.8404
vn 0.2218 0.4946 -0.8404
vn 0.2218 0.4946 0.8404
vn 0.2808 -0.9598 -0.0000
vn 0.0227 0.6338 0.7732
vn 0.0227 0.6338 -0.7732
vn 0.0096 -1.0000 -0.0000
vn 0.0728 0.9973 -0.0000
vn -0.0180 -0.6339 0.7732
vn -0.0180 -0.6339 -0.7732
vt 1.000000 0.000000
vt 1.000000 1.000000
vt 0.833333 1.000000
vt 0.833333 0.000000
vt 0.666667 1.000000
vt 0.666667 0.000000
vt 0.500000 1.000000
vt 0.500000 0.000000
vt 0.333333 1.000000
vt 0.333333 0.000000
vt 0.166667 1.000000
vt 0.166667 0.000000
vt -0.000000 1.000000
vt -0.000000 0.000000
vt 0.949854 0.371087
vt 0.949719 0.362733
vt 0.949674 0.359080
vt 0.949868 0.371086
vt 0.953913 0.370675
vt 0.953762 0.361314
vt 0.949990 0.379441
vt 0.950063 0.383091
vt 0.957643 0.359815
vt 0.954065 0.380036
vt 0.967564 0.353560
vt 0.957813 0.370280
vt 0.957982 0.380745
vt 0.981421 0.343121
vt 0.967819 0.369265
vt 0.968073 0.384970
vt 0.346208 0.714677
vt 0.355430 0.730656
vt 0.336986 0.698697
vt 0.981842 0.368232
vt 0.982264 0.393344
vt 0.027514 0.715497
vt 0.780496 0.713352
vt 0.767279 0.690448
vt 0.014296 0.692592
vt 0.014296 0.692592
vt 0.780496 0.713352
vt 0.027515 0.715497
vt 0.793716 0.736257
vt 0.040732 0.738401
vt 0.040732 0.738401
vt 0.971748 0.241114
vt 0.972697 0.254153
vt 0.973014 0.259854
vt 0.971651 0.241117
vt 0.943296 0.241757
vt 0.944360 0.256367
vt 0.970799 0.228076
vt 0.970287 0.222379
vt 0.972697 0.254153
vt 0.917247 0.259992
vt 0.942233 0.227147
vt 0.882053 0.264929
vt 0.847822 0.271357
vt 0.847822 0.271357
vt 0.915965 0.242374
vt 0.914683 0.224756
vt 0.812501 0.277113
vt 0.777317 0.284762
vt 0.878887 0.221422
vt 0.880470 0.243176
vt 0.845828 0.243958
vt 0.843834 0.216559
vt 0.807792 0.212414
vt 0.810147 0.244764
vt 0.774465 0.245570
vt 0.771612 0.206378
vt 0.684436 0.589240
vt 0.683973 0.581441
vt 0.813058 0.587874
vt 0.812162 0.592043
vt 0.812162 0.592043
vt 0.684899 0.597039
vt 0.811266 0.596212
s 0
usemtl Gradiant
f 645/567/557 646/568/557 648/569/557 647/570/557
f 647/570/558 648/569/558 650/571/558 649/572/558
f 649/572/559 650/571/559 652/573/559 651/574/559
f 651/574/560 652/573/560 654/575/560 653/576/560
f 653/576/561 654/575/561 656/577/561 655/578/561
f 655/578/562 656/577/562 646/579/562 645/580/562
f 651/581/563 653/582/563 661/583/563 660/584/563
f 662/583/564 658/584/564 664/585/564 668/586/564
f 647/587/565 649/587/565 659/588/565 657/588/565
f 653/582/566 655/582/566 662/583/566 661/583/566
f 645/581/567 647/587/567 657/588/567 658/584/567
f 649/587/568 651/581/568 660/584/568 659/588/568
f 655/582/569 645/581/569 658/584/569 662/583/569
f 667/586/570 668/586/570 674/589/570 673/589/570
f 660/584/571 661/583/571 667/586/571 666/585/571
f 657/588/572 659/588/572 665/590/572 663/590/572
f 661/583/573 662/583/573 668/586/573 667/586/573
f 659/588/574 660/584/574 666/585/574 665/590/574
f 658/584/575 657/588/575 663/590/575 664/585/575
f 673/589/576 674/589/576 680/591/576 679/591/576
f 665/590/577 666/585/577 672/592/577 671/593/577
f 664/585/578 663/590/578 669/593/578 670/592/578
f 668/586/579 664/585/579 670/592/579 674/589/579
f 666/585/580 667/586/580 673/589/580 672/592/580
f 663/590/581 665/590/581 671/593/581 669/593/581
f 679/591/582 680/591/582 686/594/582 685/594/582
f 671/593/583 672/592/583 678/595/583 677/596/583
f 670/592/584 669/593/584 675/596/584 676/595/584
f 674/589/585 670/592/585 676/595/585 680/591/585
f 672/592/586 673/589/586 679/591/586 678/595/586
f 669/593/587 671/593/587 677/596/587 675/596/587
f 646/597/588 656/598/588 654/598/588 652/597/588 650/599/588 648/599/588
f 677/596/589 678/595/589 684/600/589 683/601/589
f 676/595/590 675/596/590 681/601/590 682/600/590
f 680/591/591 676/595/591 682/600/591 686/594/591
f 678/595/592 679/591/592 685/594/592 684/600/592
f 675/596/593 677/596/593 683/601/593 681/601/593
f 687/602/594 688/603/594 690/604/594 689/605/594
f 689/605/595 690/604/595 692/604/595 691/606/595
f 691/606/596 692/604/596 694/607/596 693/608/596
f 693/608/597 694/607/597 696/609/597 695/610/597
f 695/610/598 696/609/598 698/609/598 697/611/598
f 697/611/599 698/609/599 688/603/599 687/602/599
f 693/612/600 695/613/600 703/614/600 702/615/600
f 704/614/564 700/615/564 706/616/564 710/617/564
f 689/618/601 691/618/601 701/619/601 699/619/601
f 695/613/602 697/620/602 704/614/602 703/614/602
f 687/612/603 689/618/603 699/619/603 700/615/603
f 691/618/604 693/612/604 702/615/604 701/619/604
f 697/620/605 687/612/605 700/615/605 704/614/605
f 709/617/606 710/617/606 716/621/606 715/621/606
f 702/615/571 703/614/571 709/617/571 708/616/571
f 699/619/572 701/619/572 707/622/572 705/622/572
f 703/614/573 704/614/573 710/617/573 709/617/573
f 701/619/574 702/615/574 708/616/574 707/622/574
f 700/615/575 699/619/575 705/622/575 706/616/575
f 730/623/607 729/623/607 722/624/607 721/625/607
f 707/622/608 708/616/608 714/626/608 713/627/608
f 706/616/609 705/622/609 711/627/609 712/626/609
f 710/617/610 706/616/610 712/626/610 716/621/610
f 708/616/611 709/617/611 715/621/611 714/626/611
f 705/622/612 707/622/612 713/627/612 711/627/612
f 736/628/613 735/628/613 728/629/613 727/629/613
f 732/630/614 731/631/614 720/632/614 719/633/614
f 734/631/615 733/630/615 717/633/615 718/632/615
f 729/623/616 734/631/616 718/632/616 722/624/616
f 731/631/617 730/623/617 721/625/617 720/632/617
f 733/630/618 732/630/618 719/633/618 717/633/618
f 688/579/588 698/577/588 696/575/588 694/573/588 692/571/588 690/569/588
f 738/634/619 737/635/619 726/636/619 725/637/619
f 740/635/620 739/634/620 723/637/620 724/636/620
f 735/628/621 740/635/621 724/636/621 728/629/621
f 737/635/622 736/628/622 727/629/622 726/636/622
f 739/634/623 738/634/623 725/637/623 723/637/623
f 711/627/624 713/627/624 732/630/624 733/630/624
f 714/626/625 715/621/625 730/623/625 731/631/625
f 716/621/626 712/626/626 734/631/626 729/623/626
f 712/626/627 711/627/627 733/630/627 734/631/627
f 713/627/628 714/626/628 731/631/628 732/630/628
f 715/621/629 716/621/629 729/623/629 730/623/629
f 717/633/630 719/633/630 738/634/630 739/634/630
f 720/632/631 721/625/631 736/628/631 737/635/631
f 722/624/632 718/632/632 740/635/632 735/628/632
f 718/632/633 717/633/633 739/634/633 740/635/633
f 719/633/634 720/632/634 737/635/634 738/634/634
f 721/625/635 722/624/635 735/628/635 736/628/635
f 645/638/636 655/639/636 746/640/636 741/641/636
f 653/639/637 651/638/637 744/642/637 745/640/637
f 649/643/638 647/643/638 742/644/638 743/644/638
f 655/639/639 653/639/639 745/640/639 746/640/639
f 647/643/640 645/638/640 741/641/640 742/644/640
f 651/638/641 649/643/641 743/644/641 744/642/641
f 747/567/642 749/570/642 750/569/642 748/568/642
f 749/570/643 751/572/643 752/571/643 750/569/643
f 751/572/644 753/574/644 754/573/644 752/571/644
f 753/574/645 755/576/645 756/575/645 754/573/645
f 755/576/646 757/578/646 758/577/646 756/575/646
f 757/578/647 747/580/647 748/579/647 758/577/647
f 753/581/648 762/584/648 763/583/648 755/582/648
f 764/583/649 770/586/649 766/585/649 760/584/649
f 749/587/650 759/588/650 761/588/650 751/587/650
f 755/582/651 763/583/651 764/583/651 757/582/651
f 747/581/652 760/584/652 759/588/652 749/587/652
f 751/587/653 761/588/653 762/584/653 753/581/653
f 757/582/654 764/583/654 760/584/654 747/581/654
f 769/586/655 775/589/655 776/589/655 770/586/655
f 762/584/656 768/585/656 769/586/656 763/583/656
f 759/588/657 765/590/657 767/590/657 761/588/657
f 763/583/658 769/586/658 770/586/658 764/583/658
f 761/588/659 767/590/659 768/585/659 762/584/659
f 760/584/660 766/585/660 765/590/660 759/588/660
f 775/589/661 781/591/661 782/591/661 776/589/661
f 767/590/662 773/593/662 774/592/662 768/585/662
f 766/585/663 772/592/663 771/593/663 765/590/663
f 770/586/664 776/589/664 772/592/664 766/585/664
f 768/585/665 774/592/665 775/589/665 769/586/665
f 765/590/666 771/593/666 773/593/666 767/590/666
f 781/591/667 787/594/667 788/594/667 782/591/667
f 773/593/668 779/596/668 780/595/668 774/592/668
f 772/592/669 778/595/669 777/596/669 771/593/669
f 776/589/670 782/591/670 778/595/670 772/592/670
f 774/592/671 780/595/671 781/591/671 775/589/671
f 771/593/672 777/596/672 779/596/672 773/593/672
f 748/597/673 750/599/673 752/599/673 754/597/673 756/598/673 758/598/673
f 779/596/674 785/601/674 786/600/674 780/595/674
f 778/595/675 784/600/675 783/601/675 777/596/675
f 782/591/676 788/594/676 784/600/676 778/595/676
f 780/595/677 786/600/677 787/594/677 781/591/677
f 777/596/678 783/601/678 785/601/678 779/596/678
f 789/602/679 791/605/679 792/604/679 790/603/679
f 791/605/680 793/606/680 794/604/680 792/604/680
f 793/606/681 795/608/681 796/607/681 794/604/681
f 795/608/682 797/610/682 798/609/682 796/607/682
f 797/610/683 799/611/683 800/609/683 798/609/683
f 799/611/684 789/602/684 790/603/684 800/609/684
f 795/612/685 804/615/685 805/614/685 797/613/685
f 806/614/649 812/617/649 808/616/649 802/615/649
f 791/618/686 801/619/686 803/619/686 793/618/686
f 797/613/687 805/614/687 806/614/687 799/620/687
f 789/612/688 802/615/688 801/619/688 791/618/688
f 793/618/689 803/619/689 804/615/689 795/612/689
f 799/620/690 806/614/690 802/615/690 789/612/690
f 811/617/691 817/621/691 818/621/691 812/617/691
f 804/615/656 810/616/656 811/617/656 805/614/656
f 801/619/657 807/622/657 809/622/657 803/619/657
f 805/614/658 811/617/658 812/617/658 806/614/658
f 803/619/659 809/622/659 810/616/659 804/615/659
f 802/615/660 808/616/660 807/622/660 801/619/660
f 832/623/692 823/625/692 824/624/692 831/623/692
f 809/622/693 815/627/693 816/626/693 810/616/693
f 808/616/694 814/626/694 813/627/694 807/622/694
f 812/617/695 818/621/695 814/626/695 808/616/695
f 810/616/696 816/626/696 817/621/696 811/617/696
f 807/622/697 813/627/697 815/627/697 809/622/697
f 838/628/698 829/629/698 830/629/698 837/628/698
f 834/630/699 821/633/699 822/632/699 833/631/699
f 836/631/700 820/632/700 819/633/700 835/630/700
f 831/623/701 824/624/701 820/632/701 836/631/701
f 833/631/702 822/632/702 823/625/702 832/623/702
f 835/630/703 819/633/703 821/633/703 834/630/703
f 790/579/673 792/569/673 794/571/673 796/573/673 798/575/673 800/577/673
f 840/634/704 827/637/704 828/636/704 839/635/704
f 842/635/705 826/636/705 825/637/705 841/634/705
f 837/628/706 830/629/706 826/636/706 842/635/706
f 839/635/707 828/636/707 829/629/707 838/628/707
f 841/634/708 825/637/708 827/637/708 840/634/708
f 813/627/709 835/630/709 834/630/709 815/627/709
f 816/626/710 833/631/710 832/623/710 817/621/710
f 818/621/711 831/623/711 836/631/711 814/626/711
f 814/626/712 836/631/712 835/630/712 813/627/712
f 815/627/713 834/630/713 833/631/713 816/626/713
f 817/621/714 832/623/714 831/623/714 818/621/714
f 819/633/715 841/634/715 840/634/715 821/633/715
f 822/632/716 839/635/716 838/628/716 823/625/716
f 824/624/717 837/628/717 842/635/717 820/632/717
f 820/632/718 842/635/718 841/634/718 819/633/718
f 821/633/719 840/634/719 839/635/719 822/632/719
f 823/625/720 838/628/720 837/628/720 824/624/720
f 747/638/721 843/641/721 848/640/721 757/639/721
f 755/639/722 847/640/722 846/642/722 753/638/722
f 751/643/723 845/644/723 844/644/723 749/643/723
f 757/639/724 848/640/724 847/640/724 755/639/724
f 749/643/725 844/644/725 843/641/725 747/638/725
f 753/638/726 846/642/726 845/644/726 751/643/726
o Cube.002
o Cube.003
o Cube.004
v 2.135966 5.921476 -0.135239
v 2.135966 5.921476 -0.466454
v 2.713149 5.898952 -0.053019
v 2.713149 5.898952 -0.548674
v 2.135966 5.887870 -0.300846
v 2.135367 6.060094 -0.300846
v 2.703239 5.953253 -0.300846
v 2.702640 6.079270 -0.300846
v 2.668455 5.860503 -0.561296
v 2.671545 5.897718 -0.300846
v 2.667856 6.097633 -0.300846
v 2.668455 5.860503 -0.040396
v 3.067153 5.934752 -0.300846
v 2.994689 5.953253 -0.300846
v 2.984780 5.898952 -0.053019
v 2.994090 6.079270 -0.300846
v 2.984780 5.898952 -0.548674
v 2.490959 5.860503 -0.561296
v 2.313463 5.860503 -0.561296
v 2.313463 5.860503 -0.040396
v 2.490959 5.860503 -0.040396
v 2.312863 6.097633 -0.300846
v 2.490360 6.097633 -0.300846
v 2.490959 5.858169 -0.300846
v 2.313463 5.858169 -0.300846
v 2.135966 6.027945 -0.135239
v 2.135966 6.027945 -0.466454
v 2.668455 6.027945 -0.561296
v 2.668455 6.027945 -0.040396
v 2.135966 5.967195 -0.300846
v 2.713500 6.027945 -0.548034
v 2.713500 6.027945 -0.053659
v 3.067153 6.027945 -0.300846
v 2.984429 6.027945 -0.053659
v 2.984429 6.027945 -0.548034
v 2.490959 6.027945 -0.040396
v 2.313463 6.027945 -0.040396
v 2.313463 6.027945 -0.561296
v 2.490959 6.027945 -0.561296
v 2.168432 5.921476 -0.057975
v 2.320786 5.860503 0.033840
v 2.490735 5.860503 0.055457
v 2.490735 5.972013 0.055457
v 2.320786 5.972013 0.033840
v 2.168432 6.027945 -0.057975
v 2.656120 5.985093 -0.024749
v 2.656120 5.882432 -0.024749
v 2.655967 5.950084 0.040582
v 2.655967 5.882432 0.040582
v 2.634231 6.027945 -0.040061
v 2.634231 5.860503 -0.040061
v 2.634007 5.972013 0.055792
v 2.634007 5.860503 0.055792
v -2.138221 5.921476 -0.135239
v -2.138221 5.921476 -0.466454
v -2.715404 5.898952 -0.053019
v -2.715404 5.898952 -0.548674
v -2.138221 5.887870 -0.300846
v -2.137622 6.060094 -0.300846
v -2.705494 5.953253 -0.300846
v -2.704895 6.079270 -0.300846
v -2.670710 5.860503 -0.561296
v -2.673800 5.897718 -0.300846
v -2.670111 6.097633 -0.300846
v -2.670710 5.860503 -0.040396
v -3.069408 5.934752 -0.300846
v -2.996944 5.953253 -0.300846
v -2.987035 5.898952 -0.053019
v -2.996345 6.079270 -0.300846
v -2.987035 5.898952 -0.548674
v -2.493214 5.860503 -0.561296
v -2.315718 5.860503 -0.561296
v -2.315718 5.860503 -0.040396
v -2.493214 5.860503 -0.040396
v -2.315118 6.097633 -0.300846
v -2.492615 6.097633 -0.300846
v -2.493214 5.858169 -0.300846
v -2.315718 5.858169 -0.300846
v -2.138221 6.027945 -0.135239
v -2.138221 6.027945 -0.466454
v -2.670710 6.027945 -0.561296
v -2.670710 6.027945 -0.040396
v -2.138221 5.967195 -0.300846
v -2.715755 6.027945 -0.548034
v -2.715755 6.027945 -0.053659
v -3.069408 6.027945 -0.300846
v -2.986684 6.027945 -0.053659
v -2.986684 6.027945 -0.548034
v -2.493214 6.027945 -0.040396
v -2.315718 6.027945 -0.040396
v -2.315718 6.027945 -0.561296
v -2.493214 6.027945 -0.561296
v -2.170687 5.921476 -0.057975
v -2.323041 5.860503 0.033840
v -2.492990 5.860503 0.055457
v -2.492990 5.972013 0.055457
v -2.323041 5.972013 0.033840
v -2.170687 6.027945 -0.057975
v -2.658375 5.985093 -0.024749
v -2.658375 5.882432 -0.024749
v -2.658222 5.950084 0.040582
v -2.658222 5.882432 0.040582
v -2.636486 6.027945 -0.040061
v -2.636486 5.860503 -0.040061
v -2.636262 5.972013 0.055792
v -2.636262 5.860503 0.055792
vn -1.0000 -0.0064 -0.0024
vn 0.5645 0.8035 0.1889
vn 0.1095 -0.9918 -0.0658
vn -0.1629 0.9595 0.2298
vn -0.1629 0.9595 -0.2298
vn 0.1095 -0.9918 0.0658
vn -0.2415 -0.9459 -0.2169
vn -1.0000 -0.0064 0.0024
vn 0.2765 0.0017 -0.9610
vn 0.7617 -0.6358 0.1247
vn 0.2531 0.9423 0.2189
vn 0.7617 -0.6358 -0.1247
vn 0.2531 0.9423 -0.2189
vn 0.5645 0.8035 -0.1889
vn 0.9486 0.0024 0.3165
vn -0.2415 -0.9459 0.2169
vn -0.0000 -0.9768 0.2140
vn -0.0000 0.0050 1.0000
vn -0.0000 0.9791 -0.2033
vn -0.0000 -0.9768 -0.2140
vn -0.0000 0.9791 0.2033
vn -0.2669 -0.9603 -0.0810
vn -0.0000 -1.0000 -0.0090
vn -0.0000 0.9660 -0.2585
vn -0.0000 0.9660 0.2585
vn -0.2669 -0.9603 0.0810
vn -0.0000 -1.0000 0.0090
vn -0.0000 -0.0000 -1.0000
vn -0.4713 -0.0000 -0.8820
vn -0.9219 -0.0000 0.3874
vn -0.0000 -0.0000 1.0000
vn -0.0000 0.0050 -1.0000
vn 0.9486 0.0024 -0.3165
vn 0.2765 0.0017 0.9610
vn -1.0000 -0.0000 -0.0000
vn -0.3961 -0.9123 0.1040
vn -0.1262 -0.0000 0.9920
vn -0.5162 -0.0000 0.8565
vn -0.0000 -1.0000 -0.0000
vn -0.0342 0.8344 0.5502
vn -0.0431 0.9335 0.3560
vn 1.0000 -0.0000 0.0023
vn -0.0023 -0.0000 1.0000
vn -0.0012 0.8637 0.5040
vn 0.0023 -0.0000 -1.0000
vn 0.5732 -0.0000 -0.8194
vn 0.5694 -0.0000 0.8221
vn 0.7889 0.5344 0.3034
vn 0.7072 -0.7070 0.0017
vn 1.0000 -0.0064 -0.0024
vn -0.5645 0.8035 0.1889
vn -0.1095 -0.9918 -0.0658
vn 0.1629 0.9595 0.2298
vn 0.1629 0.9595 -0.2298
vn -0.1095 -0.9918 0.0658
vn 0.2415 -0.9459 -0.2169
vn 1.0000 -0.0064 0.0024
vn -0.2765 0.0017 -0.9610
vn -0.7617 -0.6358 0.1247
vn -0.2531 0.9423 0.2189
vn -0.7617 -0.6358 -0.1247
vn -0.2531 0.9423 -0.2189
vn -0.5645 0.8035 -0.1889
vn -0.9486 0.0024 0.3165
vn 0.2415 -0.9459 0.2169
vn 0.2669 -0.9603 -0.0810
vn 0.2669 -0.9603 0.0810
vn 0.4713 -0.0000 -0.8820
vn 0.9219 -0.0000 0.3874
vn -0.9486 0.0024 -0.3165
vn -0.2765 0.0017 0.9610
vn 1.0000 -0.0000 -0.0000
vn 0.3961 -0.9123 0.1040
vn 0.1262 -0.0000 0.9920
vn 0.5162 -0.0000 0.8565
vn 0.0342 0.8344 0.5502
vn 0.0431 0.9335 0.3560
vn -1.0000 -0.0000 0.0023
vn 0.0023 -0.0000 1.0000
vn 0.0012 0.8637 0.5040
vn -0.0023 -0.0000 -1.0000
vn -0.5732 -0.0000 -0.8194
vn -0.5694 -0.0000 0.8221
vn -0.7889 0.5344 0.3034
vn -0.7072 -0.7070 0.0017
vt 0.723670 0.615687
vt 0.724130 0.599601
vt 0.723670 0.605168
vt 0.064850 0.596280
vt 0.072266 0.605168
vt 0.008755 0.605168
vt 0.451126 0.634565
vt 0.312482 0.627717
vt 0.314854 0.634161
vt 0.451126 0.634161
vt 0.587858 0.593100
vt 0.587398 0.605168
vt 0.071997 0.627504
vt 0.064390 0.618101
vt 0.008755 0.621305
vt 0.280271 0.605168
vt 0.280541 0.627504
vt 0.314854 0.605168
vt 0.288149 0.618101
vt 0.288609 0.596280
vt 0.315315 0.593100
vt 0.280541 0.627504
vt 0.071997 0.627504
vt 0.723670 0.623603
vt 0.587398 0.634161
vt 0.587398 0.634565
vt 0.723670 0.629422
vt 0.451126 0.605168
vt 0.451586 0.593100
vt 0.698745 0.623603
vt 0.698745 0.605168
vt 0.581776 0.634161
vt 0.451299 0.634161
vt 0.451299 0.614853
vt 0.581776 0.614853
vt 0.341129 0.634161
vt 0.341302 0.634161
vt 0.324324 0.630364
vt 0.324324 0.612588
vt 0.324442 0.618650
vt 0.324442 0.630364
vt 0.341302 0.614853
vt 0.341129 0.605168
s 0
usemtl Gradiant
f 878/645/727 854/646/727 875/647/727
f 864/648/728 882/649/728 881/650/728
f 872/651/729 858/652/729 860/653/729 869/654/729
f 870/655/730 854/646/730 874/647/730 885/656/730
f 886/656/731 875/647/731 854/646/731 870/655/731
f 866/654/732 857/653/732 858/652/732 872/651/732
f 863/657/733 862/658/733 861/659/733
f 874/647/734 854/646/734 878/645/734
f 879/660/735 852/661/735 857/653/735 876/662/735
f 852/661/736 855/663/736 858/652/736 857/653/736
f 880/660/737 856/664/737 859/665/737 877/662/737
f 855/663/738 851/666/738 860/653/738 858/652/738
f 856/664/739 879/660/739 876/662/739 859/665/739
f 883/649/740 864/648/740 881/650/740
f 882/649/741 863/657/741 861/659/741 881/650/741
f 862/658/742 865/667/742 861/659/742
f 855/663/743 852/661/743 865/667/743 862/658/743
f 880/660/744 851/666/744 863/657/744 882/649/744
f 879/660/745 856/664/745 864/648/745 883/649/745
f 851/666/746 855/663/746 862/658/746 863/657/746
f 856/664/747 880/660/747 882/649/747 864/648/747
f 850/668/748 867/669/748 873/670/748 853/671/748
f 867/669/749 866/654/749 872/651/749 873/670/749
f 876/662/750 887/672/750 871/673/750 859/665/750
f 887/672/750 886/656/750 870/655/750 871/673/750
f 859/665/751 871/673/751 884/672/751 877/662/751
f 871/673/751 870/655/751 885/656/751 884/672/751
f 853/671/752 873/670/752 868/669/752 849/668/752
f 873/670/753 872/651/753 869/654/753 868/669/753
f 867/669/754 886/656/754 887/672/754 866/654/754
f 850/668/755 875/647/755 886/656/755 867/669/755
f 874/647/756 849/668/756 888/674/756 893/675/756
f 860/653/757 877/662/757 884/672/757 869/654/757
f 852/661/758 879/660/758 883/649/758 865/667/758
f 865/667/759 883/649/759 881/650/759 861/659/759
f 851/666/760 880/660/760 877/662/760 860/653/760
f 849/668/761 874/647/761 878/645/761 853/671/761
f 849/668/762 868/669/762 889/676/762 888/674/762
f 866/654/754 887/672/754 876/662/754 857/653/754
f 853/671/761 878/645/761 875/647/761 850/668/761
f 890/677/763 891/678/763 892/679/763 889/676/763
f 889/676/764 892/679/764 893/675/764 888/674/764
f 890/677/765 869/654/765 899/680/765 901/681/765
f 884/672/766 885/656/766 892/679/766 891/678/766
f 885/656/767 874/647/767 893/675/767 892/679/767
f 868/669/765 869/654/765 890/677/765 889/676/765
f 895/682/768 894/683/768 896/684/768 897/685/768
f 891/678/769 890/677/769 901/681/769 900/686/769
f 884/672/770 891/678/770 900/686/770 898/687/770
f 869/654/771 884/672/771 898/687/771 899/680/771
f 894/683/772 895/682/772 899/680/772 898/687/772
f 897/685/773 896/684/773 900/686/773 901/681/773
f 896/684/774 894/683/774 898/687/774 900/686/774
f 895/682/775 897/685/775 901/681/775 899/680/775
f 931/645/776 928/647/776 907/646/776
f 917/648/777 934/650/777 935/649/777
f 925/651/778 922/654/778 913/653/778 911/652/778
f 923/655/779 938/656/779 927/647/779 907/646/779
f 939/656/780 923/655/780 907/646/780 928/647/780
f 919/654/781 925/651/781 911/652/781 910/653/781
f 916/657/782 914/659/782 915/658/782
f 927/647/783 931/645/783 907/646/783
f 932/660/784 929/662/784 910/653/784 905/661/784
f 905/661/785 910/653/785 911/652/785 908/663/785
f 933/660/786 930/662/786 912/665/786 909/664/786
f 908/663/787 911/652/787 913/653/787 904/666/787
f 909/664/788 912/665/788 929/662/788 932/660/788
f 936/649/789 934/650/789 917/648/789
f 935/649/790 934/650/790 914/659/790 916/657/790
f 915/658/791 914/659/791 918/667/791
f 908/663/743 915/658/743 918/667/743 905/661/743
f 933/660/744 935/649/744 916/657/744 904/666/744
f 932/660/745 936/649/745 917/648/745 909/664/745
f 904/666/746 916/657/746 915/658/746 908/663/746
f 909/664/747 917/648/747 935/649/747 933/660/747
f 903/668/792 906/671/792 926/670/792 920/669/792
f 920/669/749 926/670/749 925/651/749 919/654/749
f 929/662/750 912/665/750 924/673/750 940/672/750
f 940/672/750 924/673/750 923/655/750 939/656/750
f 912/665/751 930/662/751 937/672/751 924/673/751
f 924/673/751 937/672/751 938/656/751 923/655/751
f 906/671/793 902/668/793 921/669/793 926/670/793
f 926/670/753 921/669/753 922/654/753 925/651/753
f 920/669/754 919/654/754 940/672/754 939/656/754
f 903/668/794 920/669/794 939/656/794 928/647/794
f 927/647/795 946/675/795 941/674/795 902/668/795
f 913/653/757 922/654/757 937/672/757 930/662/757
f 905/661/758 918/667/758 936/649/758 932/660/758
f 918/667/796 914/659/796 934/650/796 936/649/796
f 904/666/797 913/653/797 930/662/797 933/660/797
f 902/668/798 906/671/798 931/645/798 927/647/798
f 902/668/799 941/674/799 942/676/799 921/669/799
f 919/654/754 910/653/754 929/662/754 940/672/754
f 906/671/798 903/668/798 928/647/798 931/645/798
f 943/677/800 942/676/800 945/679/800 944/678/800
f 942/676/801 941/674/801 946/675/801 945/679/801
f 943/677/765 954/681/765 952/680/765 922/654/765
f 937/672/802 944/678/802 945/679/802 938/656/802
f 938/656/803 945/679/803 946/675/803 927/647/803
f 921/669/765 942/676/765 943/677/765 922/654/765
f 948/682/804 950/685/804 949/684/804 947/683/804
f 944/678/805 953/686/805 954/681/805 943/677/805
f 937/672/806 951/687/806 953/686/806 944/678/806
f 922/654/807 952/680/807 951/687/807 937/672/807
f 947/683/808 951/687/808 952/680/808 948/682/808
f 950/685/809 954/681/809 953/686/809 949/684/809
f 949/684/810 953/686/810 951/687/810 947/683/810
f 948/682/811 952/680/811 954/681/811 950/685/811
o Plane
o Sphere.003
v 0.000000 6.769217 0.322349
v 0.034493 6.643428 0.473940
v 0.000000 6.648181 0.503656
v -0.034493 6.643428 0.473940
v 0.704681 6.701285 0.005138
v 0.882573 7.514781 0.005138
v 0.000000 6.363539 -0.558468
v 0.000000 7.514781 0.417760
v 0.000000 6.319616 0.200832
v 0.414623 6.557063 -0.561167
v 0.000000 6.769217 0.322349
v 0.000000 6.619537 0.476607
v 0.034493 6.643428 0.473940
v 0.000000 6.648181 0.503656
v 0.727070 8.094868 -0.045392
v 0.000000 8.094868 0.322243
v 0.415141 6.452270 0.052500
v 0.000000 6.436455 0.325965
v 0.776901 7.031546 0.005138
v -0.704681 6.701285 0.005138
v -0.882573 7.514781 0.005138
v -0.414623 6.557063 -0.561167
v -0.034493 6.643428 0.473940
v -0.727070 8.094868 -0.045392
v -0.415141 6.452270 0.052500
v -0.776901 7.031546 0.005138
v 0.034493 6.643428 0.473940
vn 0.5100 0.7154 0.4776
vn -0.5100 0.7154 0.4776
vn 0.4308 -0.6596 0.6159
vn 0.4119 -0.1024 0.9054
vn 0.4299 0.1693 0.8869
vn 0.3251 0.7628 0.5590
vn 0.4819 -0.6275 0.6115
vn 0.5077 -0.5067 0.6968
vn 0.3480 -0.9320 -0.1011
vn -0.4308 -0.6596 0.6159
vn -0.4119 -0.1024 0.9054
vn -0.4299 0.1693 0.8869
vn -0.4695 -0.6062 0.6419
vn -0.3251 0.7628 0.5590
vn -0.4819 -0.6275 0.6115
vn -0.5077 -0.5067 0.6968
vn -0.3480 -0.9320 -0.1011
vn 0.4695 -0.6062 0.6419
vt 0.503573 0.884883
vt 0.522146 0.883130
vt 0.503573 0.929525
vt 0.484999 0.883130
vt 0.503573 0.232068
vt 0.727112 0.280995
vt 0.503573 0.275162
vt 0.503573 0.454054
vt 0.883020 0.428998
vt 0.921908 0.550809
vt 0.978809 0.729043
vt 0.503573 0.729043
vt 0.895075 0.942999
vt 0.503573 0.942999
vt 0.522146 0.351500
vt 0.503573 0.342689
vt 0.726833 0.319646
vt 0.503573 0.248268
vt 0.280033 0.280995
vt 0.028336 0.729043
vt 0.085237 0.550809
vt 0.124125 0.428998
vt 0.112070 0.942999
vt 0.503573 0.353253
vt 0.484999 0.351500
vt 0.280312 0.319646
s 0
usemtl KiwiFace
f 957/688/812 956/689/812 955/690/812
f 957/688/813 955/690/813 958/691/813
f 963/692/814 971/693/814 972/694/814
f 965/695/815 959/696/815 973/697/815 960/698/815 962/699/815
f 962/699/816 960/698/816 969/700/816 970/701/816
f 965/695/817 967/702/817 959/696/817
f 959/696/818 967/702/818 966/703/818
f 972/694/819 971/693/819 959/696/819 966/703/819
f 964/704/820 971/693/820 963/692/820 961/705/820
f 963/692/821 972/694/821 979/706/821
f 965/695/822 962/699/822 975/707/822 980/708/822 974/709/822
f 962/699/823 970/701/823 978/710/823 975/707/823
f 966/703/824 968/711/824 977/712/824
f 965/695/825 974/709/825 977/712/825
f 974/709/826 966/703/826 977/712/826
f 972/694/827 966/703/827 974/709/827 979/706/827
f 976/713/828 961/705/828 963/692/828 979/706/828
f 966/703/829 981/702/829 968/711/829
o Cylinder.007
v -0.001069 5.865841 0.135686
v -0.001069 5.857886 0.182352
v 0.052755 5.826736 0.135686
v 0.045189 5.824277 0.182352
v 0.032196 5.763462 0.135686
v 0.027520 5.769898 0.182352
v -0.034334 5.763462 0.135686
v -0.029658 5.769898 0.182352
v -0.054893 5.826736 0.135686
v -0.047327 5.824277 0.182352
v -0.001069 5.998259 0.135686
v -0.001069 5.990304 0.182352
v 0.052755 5.959154 0.135686
v 0.045189 5.956696 0.182352
v 0.032196 5.895880 0.135686
v 0.027520 5.902316 0.182352
v -0.034334 5.895880 0.135686
v -0.029658 5.902316 0.182352
v -0.054893 5.959154 0.135686
v -0.047327 5.956696 0.182352
v 0.052755 5.826736 0.172902
v -0.001069 5.865841 0.172902
v 0.032196 5.763462 0.172902
v -0.034334 5.763462 0.172902
v -0.054893 5.826736 0.172902
v 0.052755 5.959154 0.172903
v -0.001069 5.998259 0.172903
v 0.032196 5.895880 0.172903
v -0.034334 5.895880 0.172903
v -0.054893 5.959154 0.172903
vn 0.5878 0.8090 -0.0000
vn 0.9511 -0.3090 -0.0000
vn -0.0000 -1.0000 -0.0000
vn -0.0000 -0.0000 1.0000
vn -0.9511 -0.3090 -0.0000
vn -0.5878 0.8090 -0.0000
vn -0.0000 -0.0000 -1.0000
vn 0.4858 0.6686 0.5629
vn 0.7860 -0.2554 0.5629
vn -0.0000 -0.8265 0.5629
vn -0.7860 -0.2554 0.5629
vn -0.4858 0.6686 0.5629
vt 0.509952 0.602947
vt 0.526839 0.600446
vt 0.596433 0.548849
vt 0.575082 0.554705
vt 0.573133 0.462187
vt 0.552994 0.473876
vt 0.486663 0.459478
vt 0.472046 0.471516
vt 0.446167 0.313739
vt 0.250000 0.456263
vt 0.053833 0.313739
vt 0.128762 0.083130
vt 0.371238 0.083130
vt 0.458117 0.546634
vt 0.445505 0.552773
vt 0.750000 0.490000
vt 0.978254 0.324164
vt 0.891068 0.055836
vt 0.608932 0.055836
vt 0.521746 0.324164
vt 0.389922 0.493509
vt 0.363378 0.490817
vt 0.401191 0.447975
vt 0.427252 0.452555
vt 0.387435 0.387745
vt 0.413421 0.394654
vt 0.343790 0.396987
vt 0.370098 0.403181
vt 0.128762 0.083130
vt 0.371238 0.083130
vt 0.400000 0.500000
vt 0.400000 1.000000
vt 0.200000 1.000000
vt 0.200000 0.500000
vt 0.000000 1.000000
vt 0.000000 0.500000
vt 0.730093 0.623450
vt 0.760799 0.601141
vt 0.765822 0.602773
vt 0.730093 0.628731
vt 0.749070 0.565044
vt 0.752175 0.560772
vt 0.711116 0.565044
vt 0.708012 0.560772
vt 0.699387 0.601141
vt 0.694364 0.602773
vt 0.730093 0.711349
vt 0.760799 0.689040
vt 0.765822 0.690672
vt 0.730093 0.716630
vt 0.749070 0.652943
vt 0.752175 0.648670
vt 0.711116 0.652943
vt 0.708012 0.648670
vt 0.699387 0.689040
vt 0.694364 0.690672
s 0
usemtl Bot
f 982/714/830 1003/715/830 1002/716/830 984/717/830
f 984/717/831 1002/716/831 1004/718/831 986/719/831
f 986/719/832 1004/718/832 1005/720/832 988/721/832
f 985/722/833 983/723/833 991/724/833 989/725/833 987/726/833
f 988/721/834 1005/720/834 1006/727/834 990/728/834
f 990/728/835 1006/727/835 1003/715/835 982/714/835
f 982/729/836 984/730/836 986/731/836 988/732/836 990/733/836
f 992/734/830 1008/735/830 1007/736/830 994/737/830
f 994/737/831 1007/736/831 1009/738/831 996/739/831
f 996/739/832 1009/738/832 1010/740/832 998/741/832
f 995/722/833 993/723/833 1001/724/833 999/742/833 997/743/833
f 998/744/834 1010/745/834 1011/746/834 1000/747/834
f 1000/747/835 1011/746/835 1008/748/835 992/749/835
f 992/729/836 994/730/836 996/731/836 998/732/836 1000/733/836
f 983/750/837 985/751/837 1002/752/837 1003/753/837
f 985/751/838 987/754/838 1004/755/838 1002/752/838
f 987/754/839 989/756/839 1005/757/839 1004/755/839
f 989/756/840 991/758/840 1006/759/840 1005/757/840
f 991/758/841 983/750/841 1003/753/841 1006/759/841
f 993/760/837 995/761/837 1007/762/837 1008/763/837
f 995/761/838 997/764/838 1009/765/838 1007/762/838
f 997/764/839 999/766/839 1010/767/839 1009/765/839
f 999/766/840 1001/768/840 1011/769/840 1010/767/840
f 1001/768/841 993/760/841 1008/763/841 1011/769/841
o Cylinder.008
v 1.063596 8.227865 -0.028334
v 1.074430 8.241855 -0.044380
v 1.131916 8.200993 0.042928
v 1.152921 8.210983 0.037491
v 1.100287 8.238401 0.132753
v 1.116583 8.253960 0.140686
v 1.012417 8.288392 0.117005
v 1.015632 8.311393 0.122594
v 0.989740 8.281882 0.017447
v 0.989581 8.303910 0.008217
v 1.084047 8.261697 -0.035052
v 1.152245 8.234872 0.036082
v 1.120672 8.272214 0.125745
v 1.032960 8.322115 0.110026
v 1.010324 8.315616 0.010647
v 1.147759 8.322866 -0.064650
v 1.158593 8.336856 -0.080695
v 1.216080 8.295994 0.006613
v 1.237084 8.305984 0.001175
v 1.184450 8.333403 0.096437
v 1.200746 8.348961 0.104371
v 1.096580 8.383393 0.080689
v 1.099796 8.406394 0.086279
v 1.073903 8.376884 -0.018868
v 1.073744 8.398911 -0.028098
v 1.168210 8.356698 -0.071368
v 1.236408 8.329873 -0.000233
v 1.204835 8.367214 0.089430
v 1.117123 8.417116 0.073710
v 1.094487 8.410617 -0.025668
vn 0.2442 -0.8066 -0.5383
vn 0.4752 -0.7403 0.4756
vn -0.2770 -0.1902 0.9419
vn -0.9728 0.0835 0.2161
vn -0.6507 -0.2975 -0.6987
vn 0.1981 0.5939 0.7798
vn 0.7178 -0.0207 -0.6959
vn -0.4956 0.8667 0.0562
vn 0.9480 0.0454 0.3149
vn -0.1745 0.4869 -0.8559
vn 0.4752 -0.7402 0.4756
vt 0.424903 0.574678
vt 0.426639 0.576335
vt 0.430344 0.569917
vt 0.428102 0.569076
vt 0.422271 0.571875
vt 0.421070 0.570767
vt 0.413588 0.579614
vt 0.413534 0.577497
vt 0.416441 0.582252
vt 0.416018 0.579824
vt 0.423366 0.574077
vt 0.415815 0.580788
vt 0.427146 0.577911
vt 0.430374 0.572350
vt 0.418268 0.583068
vt 0.434501 0.583879
vt 0.436239 0.585537
vt 0.440102 0.579221
vt 0.437838 0.578366
vt 0.432113 0.581308
vt 0.430879 0.580168
vt 0.423321 0.589022
vt 0.423247 0.586876
vt 0.426026 0.591516
vt 0.425604 0.589079
vt 0.433205 0.583513
vt 0.425559 0.590201
vt 0.436773 0.587145
vt 0.440139 0.581673
vt 0.427882 0.592357
s 0
usemtl Bot
f 1012/770/842 1013/771/842 1015/772/842 1014/773/842
f 1014/773/843 1015/772/843 1017/774/843 1016/775/843
f 1016/775/844 1017/774/844 1019/776/844 1018/777/844
f 1018/777/845 1019/776/845 1021/778/845 1020/779/845
f 1020/779/846 1021/778/846 1013/771/846 1012/770/846
f 1019/776/847 1017/774/847 1024/780/847 1025/781/847
f 1015/772/848 1013/771/848 1022/782/848 1023/783/848
f 1021/778/849 1019/776/849 1025/781/849 1026/784/849
f 1017/774/850 1015/772/850 1023/783/850 1024/780/850
f 1013/771/851 1021/778/851 1026/784/851 1022/782/851
f 1027/785/842 1028/786/842 1030/787/842 1029/788/842
f 1029/788/852 1030/787/852 1032/789/852 1031/790/852
f 1031/790/844 1032/789/844 1034/791/844 1033/792/844
f 1033/792/845 1034/791/845 1036/793/845 1035/794/845
f 1035/794/846 1036/793/846 1028/786/846 1027/785/846
f 1034/791/847 1032/789/847 1039/795/847 1040/796/847
f 1030/787/848 1028/786/848 1037/797/848 1038/798/848
f 1036/793/849 1034/791/849 1040/796/849 1041/799/849
f 1032/789/850 1030/787/850 1038/798/850 1039/795/850
f 1028/786/851 1036/793/851 1041/799/851 1037/797/851
